id_fonte;nome_empresa;cik;url_fonte;tipo_arquivo;caminho_local;hash_arquivo;data_download;status_processamento;nome_documento;extensao;pasta_sistema;api_json;origem
1978;BP;0000313807;https://www.bp.com/en/global/corporate/investors/results-and-reporting/quarterly-results.html;PDF;C:\Users\diego\Downloads\CASE_DESEMPENHO\03_Conteiner\BP\2025_4T\bp-fourth-quarter-2025-results-bpx-energy.pdf;1b81b9d545cf1e930526e1ce5b4f962e3a4a81e7ac6931f25b3e73f32b8649ec;2026-10-04 20:54:28;SEM_DADOS;bp-fourth-quarter-2025-results-bpx-energy.pdf;.pdf;C:\Users\diego\Downloads\CASE_DESEMPENHO\03_Conteiner\BP\2025_4T;https://investidor10.com.br/stocks/bp/;MANUAL
1979;BP;0000313807;https://www.bp.com/en/global/corporate/investors/results-and-reporting/quarterly-results.html;XLSX;C:\Users\diego\Downloads\CASE_DESEMPENHO\03_Conteiner\BP\2025_4T\bp-fourth-quarter-2025-results-group-databook.xlsx;5bbb4d92059e63d9f6f399dbc5ef42b4dea105926fd4aed9b0d71586defdc28a;2026-10-04 20:54:28;PROCESSADO;bp-fourth-quarter-2025-results-group-databook.xlsx;.xlsx;C:\Users\diego\Downloads\CASE_DESEMPENHO\03_Conteiner\BP\2025_4T;https://investidor10.com.br/stocks/bp/;MANUAL
1980;BP;0000313807;https://www.bp.com/en/global/corporate/investors/results-and-reporting/quarterly-results.html;PDF;C:\Users\diego\Downloads\CASE_DESEMPENHO\03_Conteiner\BP\2025_4T\bp-fourth-quarter-2025-results-presentation-slides.pdf;62769ab4e955e72ad79c902503138d8c6755984a43d07bd35235d0ffcdd5623f;2026-10-04 20:54:29;NAO_PROCESSADO;bp-fourth-quarter-2025-results-presentation-slides.pdf;.pdf;C:\Users\diego\Downloads\CASE_DESEMPENHO\03_Conteiner\BP\2025_4T;https://investidor10.com.br/stocks/bp/;MANUAL
1981;BP;0000313807;https://www.bp.com/en/global/corporate/investors/results-and-reporting/quarterly-results.html;PDF;C:\Users\diego\Downloads\CASE_DESEMPENHO\03_Conteiner\BP\2025_4T\bp-fourth-quarter-2025-results-qa-transcript.pdf;e8b6d17f6e0205aad5e03b5f39393d8db5f9eed6db81dd1e729b27011767abb5;2026-10-04 20:54:29;NAO_PROCESSADO;bp-fourth-quarter-2025-results-qa-transcript.pdf;.pdf;C:\Users\diego\Downloads\CASE_DESEMPENHO\03_Conteiner\BP\2025_4T;https://investidor10.com.br/stocks/bp/;MANUAL
1982;BP;0000313807;https://www.bp.com/en/global/corporate/investors/results-and-reporting/quarterly-results.html;PDF;C:\Users\diego\Downloads\CASE_DESEMPENHO\03_Conteiner\BP\2025_4T\bp-fourth-quarter-2025-results-supplementary-info.pdf;1fc02777d5484c7361b4b7b7dbc2f33f414d0e4b4314af73cdf4452c20cf2c9f;2026-10-04 20:54:29;SEM_DADOS;bp-fourth-quarter-2025-results-supplementary-info.pdf;.pdf;C:\Users\diego\Downloads\CASE_DESEMPENHO\03_Conteiner\BP\2025_4T;https://investidor10.com.br/stocks/bp/;MANUAL
1983;BP;0000313807;https://www.bp.com/en/global/corporate/investors/results-and-reporting/quarterly-results.html;PDF;C:\Users\diego\Downloads\CASE_DESEMPENHO\03_Conteiner\BP\2025_4T\bp-fourth-quarter-2025-results.pdf;d3dceb3182f0b8ec0b12f388a52a8e926c6a9a4ff236688a8065b8a6ca93ad63;2026-10-04 20:54:29;SEM_DADOS;bp-fourth-quarter-2025-results.pdf;.pdf;C:\Users\diego\Downloads\CASE_DESEMPENHO\03_Conteiner\BP\2025_4T;https://investidor10.com.br/stocks/bp/;MANUAL
1984;BP;0000313807;https://www.bp.com/en/global/corporate/investors/results-and-reporting/quarterly-results.html;PDF;C:\Users\diego\Downloads\CASE_DESEMPENHO\03_Conteiner\BP\2025_4T\bp-fy25-results-and-strategy-progress-slides.pdf;2c74cb1648740970a63aa1379c7a56204b7fcacd5b67dbeaeea83cb6d1a4636c;2026-10-04 20:54:29;NAO_PROCESSADO;bp-fy25-results-and-strategy-progress-slides.pdf;.pdf;C:\Users\diego\Downloads\CASE_DESEMPENHO\03_Conteiner\BP\2025_4T;https://investidor10.com.br/stocks/bp/;MANUAL
1985;BP;0000313807;https://www.bp.com/en/global/corporate/investors/results-and-reporting/quarterly-results.html;PDF;C:\Users\diego\Downloads\CASE_DESEMPENHO\03_Conteiner\BP\2026_1T\bp-first-quarter-2026-results-bpx-energy.pdf;341a127c71bde3db44fe49a80dd9f72c53f6369b4428e219e4cd2b361a68bfc9;2026-10-04 20:54:29;SEM_DADOS;bp-first-quarter-2026-results-bpx-energy.pdf;.pdf;C:\Users\diego\Downloads\CASE_DESEMPENHO\03_Conteiner\BP\2026_1T;https://investidor10.com.br/stocks/bp/;MANUAL
1986;BP;0000313807;https://www.bp.com/en/global/corporate/investors/results-and-reporting/quarterly-results.html;XLSX;C:\Users\diego\Downloads\CASE_DESEMPENHO\03_Conteiner\BP\2026_1T\bp-first-quarter-2026-results-group-databook.xlsx;ee7123536636d7b965aa50ac55f874924fd651a759679c107045cb5e8dea5013;2026-10-04 20:54:29;PROCESSADO;bp-first-quarter-2026-results-group-databook.xlsx;.xlsx;C:\Users\diego\Downloads\CASE_DESEMPENHO\03_Conteiner\BP\2026_1T;https://investidor10.com.br/stocks/bp/;MANUAL
1987;BP;0000313807;https://www.bp.com/en/global/corporate/investors/results-and-reporting/quarterly-results.html;PDF;C:\Users\diego\Downloads\CASE_DESEMPENHO\03_Conteiner\BP\2026_1T\bp-first-quarter-2026-results-presentation-slides.pdf;7b0ee183c336236d01542aabb41186cf03bddeb2c4fdeca9b3de70a12a2f8c43;2026-10-04 20:54:29;NAO_PROCESSADO;bp-first-quarter-2026-results-presentation-slides.pdf;.pdf;C:\Users\diego\Downloads\CASE_DESEMPENHO\03_Conteiner\BP\2026_1T;https://investidor10.com.br/stocks/bp/;MANUAL
1988;BP;0000313807;https://www.bp.com/en/global/corporate/investors/results-and-reporting/quarterly-results.html;PDF;C:\Users\diego\Downloads\CASE_DESEMPENHO\03_Conteiner\BP\2026_1T\bp-first-quarter-2026-results-qa-transcript.pdf;ec8bf768cccb22fca632aa94c985664e0f9c2240664bf46cf7ad7f5fb296bd08;2026-10-04 20:54:29;NAO_PROCESSADO;bp-first-quarter-2026-results-qa-transcript.pdf;.pdf;C:\Users\diego\Downloads\CASE_DESEMPENHO\03_Conteiner\BP\2026_1T;https://investidor10.com.br/stocks/bp/;MANUAL
1989;BP;0000313807;https://www.bp.com/en/global/corporate/investors/results-and-reporting/quarterly-results.html;PDF;C:\Users\diego\Downloads\CASE_DESEMPENHO\03_Conteiner\BP\2026_1T\bp-first-quarter-2026-results-supplementary-info.pdf;aa13410e01a15a6bb9122983b6008895b34b589731ed665afb113995b85c7e5d;2026-10-04 20:54:29;SEM_DADOS;bp-first-quarter-2026-results-supplementary-info.pdf;.pdf;C:\Users\diego\Downloads\CASE_DESEMPENHO\03_Conteiner\BP\2026_1T;https://investidor10.com.br/stocks/bp/;MANUAL
1990;BP;0000313807;https://www.bp.com/en/global/corporate/investors/results-and-reporting/quarterly-results.html;PDF;C:\Users\diego\Downloads\CASE_DESEMPENHO\03_Conteiner\BP\2026_1T\bp-first-quarter-2026-results.pdf;5387e3b2c280b1d86046d0562b1d7fd548320badf62261e1fa0acdd838df07aa;2026-10-04 20:54:29;SEM_DADOS;bp-first-quarter-2026-results.pdf;.pdf;C:\Users\diego\Downloads\CASE_DESEMPENHO\03_Conteiner\BP\2026_1T;https://investidor10.com.br/stocks/bp/;MANUAL
1991;BP;0000313807;https://www.bp.com/en/global/corporate/investors/results-and-reporting/quarterly-results.html;PDF;C:\Users\diego\Downloads\CASE_DESEMPENHO\03_Conteiner\BP\2026_2T\bp-second-quarter-2026-results-bpx-energy.pdf;8ad19e8665bf313ec2c967ef8a95b9021b705f61fc4c0c8b6e8cd9f2d960d402;2026-10-04 20:54:29;SEM_DADOS;bp-second-quarter-2026-results-bpx-energy.pdf;.pdf;C:\Users\diego\Downloads\CASE_DESEMPENHO\03_Conteiner\BP\2026_2T;https://investidor10.com.br/stocks/bp/;MANUAL
1992;BP;0000313807;https://www.bp.com/en/global/corporate/investors/results-and-reporting/quarterly-results.html;XLSX;C:\Users\diego\Downloads\CASE_DESEMPENHO\03_Conteiner\BP\2026_2T\bp-second-quarter-2026-results-group-databook.xlsx;94656ed693e21c0218b177b9b3c36e2bf75aaadc0292b42ebe813e6414c1d595;2026-10-04 20:54:30;PROCESSADO;bp-second-quarter-2026-results-group-databook.xlsx;.xlsx;C:\Users\diego\Downloads\CASE_DESEMPENHO\03_Conteiner\BP\2026_2T;https://investidor10.com.br/stocks/bp/;MANUAL
1993;BP;0000313807;https://www.bp.com/en/global/corporate/investors/results-and-reporting/quarterly-results.html;PDF;C:\Users\diego\Downloads\CASE_DESEMPENHO\03_Conteiner\BP\2026_2T\bp-second-quarter-2026-results-presentation-slides-and-script.pdf;1330fbc8cfa259aa24c54df2b124ff94fd0742e71451f66aefd8ce8032521094;2026-10-04 20:54:30;NAO_PROCESSADO;bp-second-quarter-2026-results-presentation-slides-and-script.pdf;.pdf;C:\Users\diego\Downloads\CASE_DESEMPENHO\03_Conteiner\BP\2026_2T;https://investidor10.com.br/stocks/bp/;MANUAL
1994;BP;0000313807;https://www.bp.com/en/global/corporate/investors/results-and-reporting/quarterly-results.html;PDF;C:\Users\diego\Downloads\CASE_DESEMPENHO\03_Conteiner\BP\2026_2T\bp-second-quarter-2026-results-presentation-slides.pdf;ce5afeb05c085c471012aed774d06c74ff93a1e873f987fa54d34078fc8f3d27;2026-10-04 20:54:30;NAO_PROCESSADO;bp-second-quarter-2026-results-presentation-slides.pdf;.pdf;C:\Users\diego\Downloads\CASE_DESEMPENHO\03_Conteiner\BP\2026_2T;https://investidor10.com.br/stocks/bp/;MANUAL
1995;BP;0000313807;https://www.bp.com/en/global/corporate/investors/results-and-reporting/quarterly-results.html;PDF;C:\Users\diego\Downloads\CASE_DESEMPENHO\03_Conteiner\BP\2026_2T\bp-second-quarter-2026-results-qa-transcript.pdf;ecb1348b1f3dd1cfac919686df0666f744eff4fc1aedac9e7698aa35fc885c9d;2026-10-04 20:54:30;NAO_PROCESSADO;bp-second-quarter-2026-results-qa-transcript.pdf;.pdf;C:\Users\diego\Downloads\CASE_DESEMPENHO\03_Conteiner\BP\2026_2T;https://investidor10.com.br/stocks/bp/;MANUAL
1996;BP;0000313807;https://www.bp.com/en/global/corporate/investors/results-and-reporting/quarterly-results.html;PDF;C:\Users\diego\Downloads\CASE_DESEMPENHO\03_Conteiner\BP\2026_2T\bp-second-quarter-2026-results-supplementary-info-rim.pdf;035a56020917c856982da37784b395410e70fe180e1ae4f18d211be9a45e7fe2;2026-10-04 20:54:30;SEM_DADOS;bp-second-quarter-2026-results-supplementary-info-rim.pdf;.pdf;C:\Users\diego\Downloads\CASE_DESEMPENHO\03_Conteiner\BP\2026_2T;https://investidor10.com.br/stocks/bp/;MANUAL
1997;BP;0000313807;https://www.bp.com/en/global/corporate/investors/results-and-reporting/quarterly-results.html;PDF;C:\Users\diego\Downloads\CASE_DESEMPENHO\03_Conteiner\BP\2026_2T\bp-second-quarter-2026-results-supplementary-info.pdf;b48cce5cd573d360a41667cae1a97440b19c6bd3dc50aee83d2cebbd99cf1b14;2026-10-04 20:54:30;SEM_DADOS;bp-second-quarter-2026-results-supplementary-info.pdf;.pdf;C:\Users\diego\Downloads\CASE_DESEMPENHO\03_Conteiner\BP\2026_2T;https://investidor10.com.br/stocks/bp/;MANUAL
1998;BP;0000313807;https://www.bp.com/en/global/corporate/investors/results-and-reporting/quarterly-results.html;PDF;C:\Users\diego\Downloads\CASE_DESEMPENHO\03_Conteiner\BP\2026_2T\bp-second-quarter-2026-results.pdf;5398813dd2cc9af8edc4e5b65ff2179411ffc638ef0b2bc0244c50d5617488be;2026-10-04 20:54:30;SEM_DADOS;bp-second-quarter-2026-results.pdf;.pdf;C:\Users\diego\Downloads\CASE_DESEMPENHO\03_Conteiner\BP\2026_2T;https://investidor10.com.br/stocks/bp/;MANUAL
1999;CHEVRON;0000093410;https://www.chevron.com/investors/financial-information/quarterly-results;PDF;C:\Users\diego\Downloads\CASE_DESEMPENHO\03_Conteiner\CHEVRON\2025_4T\2025 4Q Earnings Conference Call Presentation Only.pdf;554e6e71ef494e63be4b4f90c4a22e60f8ed741d25ec72e76cd7b09756d6c4cd;2026-10-04 20:54:30;NAO_PROCESSADO;2025 4Q Earnings Conference Call Presentation Only.pdf;.pdf;C:\Users\diego\Downloads\CASE_DESEMPENHO\03_Conteiner\CHEVRON\2025_4T;https://investidor10.com.br/stocks/cvx/;MANUAL
2000;CHEVRON;0000093410;https://www.chevron.com/investors/financial-information/quarterly-results;PDF;C:\Users\diego\Downloads\CASE_DESEMPENHO\03_Conteiner\CHEVRON\2025_4T\2025 4Q Earnings Conference Call Presentation with Prepared Remarks.pdf;72c27b0da795d40fc2d98a7f5efcfb82a1bdaede05bb5406c4c32538fe59c9a2;2026-10-04 20:54:30;NAO_PROCESSADO;2025 4Q Earnings Conference Call Presentation with Prepared Remarks.pdf;.pdf;C:\Users\diego\Downloads\CASE_DESEMPENHO\03_Conteiner\CHEVRON\2025_4T;https://investidor10.com.br/stocks/cvx/;MANUAL
2001;CHEVRON;0000093410;https://www.chevron.com/investors/financial-information/quarterly-results;PDF;C:\Users\diego\Downloads\CASE_DESEMPENHO\03_Conteiner\CHEVRON\2025_4T\2025 4Q Earnings Conference Call Transcript.pdf;3e4150853516192e438a8f6cb7808f3b0d554b1913592407f409a29717e9bb94;2026-10-04 20:54:30;NAO_PROCESSADO;2025 4Q Earnings Conference Call Transcript.pdf;.pdf;C:\Users\diego\Downloads\CASE_DESEMPENHO\03_Conteiner\CHEVRON\2025_4T;https://investidor10.com.br/stocks/cvx/;MANUAL
2002;CHEVRON;0000093410;https://www.chevron.com/investors/financial-information/quarterly-results;PDF;C:\Users\diego\Downloads\CASE_DESEMPENHO\03_Conteiner\CHEVRON\2025_4T\2025 4Q Earnings Release.pdf;0cc7d57259520c097362df618da6ee84bea881c5e24c091ba61d181e07f16d46;2026-10-04 20:54:30;SEM_DADOS;2025 4Q Earnings Release.pdf;.pdf;C:\Users\diego\Downloads\CASE_DESEMPENHO\03_Conteiner\CHEVRON\2025_4T;https://investidor10.com.br/stocks/cvx/;MANUAL
2003;CHEVRON;0000093410;https://www.chevron.com/investors/financial-information/quarterly-results;XLSX;C:\Users\diego\Downloads\CASE_DESEMPENHO\03_Conteiner\CHEVRON\2025_4T\2025_4q_data_supplement.xlsx;3ef342ba9e587aa97b2a630c05d92c8c0207203aa98c976fa844568e32a19830;2026-10-04 20:54:30;PROCESSADO;2025_4q_data_supplement.xlsx;.xlsx;C:\Users\diego\Downloads\CASE_DESEMPENHO\03_Conteiner\CHEVRON\2025_4T;https://investidor10.com.br/stocks/cvx/;MANUAL
2004;CHEVRON;0000093410;https://www.chevron.com/investors/financial-information/quarterly-results;XLSX;C:\Users\diego\Downloads\CASE_DESEMPENHO\03_Conteiner\CHEVRON\2026_1T\2026 1Q Data Supplement.xlsx;76f7896ed48e339ef9974d934ce30f6437fa5cdea15b5ea2a8be25ee5a4bcd64;2026-10-04 20:54:30;PROCESSADO;2026 1Q Data Supplement.xlsx;.xlsx;C:\Users\diego\Downloads\CASE_DESEMPENHO\03_Conteiner\CHEVRON\2026_1T;https://investidor10.com.br/stocks/cvx/;MANUAL
2005;CHEVRON;0000093410;https://www.chevron.com/investors/financial-information/quarterly-results;PDF;C:\Users\diego\Downloads\CASE_DESEMPENHO\03_Conteiner\CHEVRON\2026_1T\2026 1Q Earnings Conference Call Presentation Only.pdf;01408fd1b46ef15aeaf793d7224cf283ddf9e4c528339b0f5ea16740f5b54bb2;2026-10-04 20:54:31;NAO_PROCESSADO;2026 1Q Earnings Conference Call Presentation Only.pdf;.pdf;C:\Users\diego\Downloads\CASE_DESEMPENHO\03_Conteiner\CHEVRON\2026_1T;https://investidor10.com.br/stocks/cvx/;MANUAL
2006;CHEVRON;0000093410;https://www.chevron.com/investors/financial-information/quarterly-results;PDF;C:\Users\diego\Downloads\CASE_DESEMPENHO\03_Conteiner\CHEVRON\2026_1T\2026 1Q Earnings Conference Call Presentation with Prepared Remarks.pdf;b7a60c1584bdd23415353b9d85cc7f544c5dde0ad6cc805c3e34148c480fba43;2026-10-04 20:54:31;NAO_PROCESSADO;2026 1Q Earnings Conference Call Presentation with Prepared Remarks.pdf;.pdf;C:\Users\diego\Downloads\CASE_DESEMPENHO\03_Conteiner\CHEVRON\2026_1T;https://investidor10.com.br/stocks/cvx/;MANUAL
2007;CHEVRON;0000093410;https://www.chevron.com/investors/financial-information/quarterly-results;PDF;C:\Users\diego\Downloads\CASE_DESEMPENHO\03_Conteiner\CHEVRON\2026_1T\2026 1Q Earnings Conference Call Transcript.pdf;677019c1342a571742709e52a5bb4cb609da5283ea6ae4296a6340f8f4f12f99;2026-10-04 20:54:31;NAO_PROCESSADO;2026 1Q Earnings Conference Call Transcript.pdf;.pdf;C:\Users\diego\Downloads\CASE_DESEMPENHO\03_Conteiner\CHEVRON\2026_1T;https://investidor10.com.br/stocks/cvx/;MANUAL
2008;CHEVRON;0000093410;https://www.chevron.com/investors/financial-information/quarterly-results;PDF;C:\Users\diego\Downloads\CASE_DESEMPENHO\03_Conteiner\CHEVRON\2026_1T\2026 1Q Earnings Release.pdf;a5fbbbdf1bfd0a169814a77b9cc590313c70ca7b4e76056e80cf455c5addbcbf;2026-10-04 20:54:31;SEM_DADOS;2026 1Q Earnings Release.pdf;.pdf;C:\Users\diego\Downloads\CASE_DESEMPENHO\03_Conteiner\CHEVRON\2026_1T;https://investidor10.com.br/stocks/cvx/;MANUAL
2009;CHEVRON;0000093410;https://www.chevron.com/investors/financial-information/quarterly-results;PDF;C:\Users\diego\Downloads\CASE_DESEMPENHO\03_Conteiner\CHEVRON\2026_2T\2026 2Q Earnings Conference Call Transcript.pdf;9e29502963da9b39bef89431b5569e9f3fbf05db705d635e5f303b117bf20f44;2026-10-04 20:54:31;NAO_PROCESSADO;2026 2Q Earnings Conference Call Transcript.pdf;.pdf;C:\Users\diego\Downloads\CASE_DESEMPENHO\03_Conteiner\CHEVRON\2026_2T;https://investidor10.com.br/stocks/cvx/;MANUAL
2010;CHEVRON;0000093410;https://www.chevron.com/investors/financial-information/quarterly-results;XLSX;C:\Users\diego\Downloads\CASE_DESEMPENHO\03_Conteiner\CHEVRON\2026_2T\2026_2q_data_supplement.xlsx;76bc4c4495d6334aed0841bc9bef030521469bc8983964adf310e1d845f812c2;2026-10-04 20:54:31;PROCESSADO;2026_2q_data_supplement.xlsx;.xlsx;C:\Users\diego\Downloads\CASE_DESEMPENHO\03_Conteiner\CHEVRON\2026_2T;https://investidor10.com.br/stocks/cvx/;MANUAL
2011;CHEVRON;0000093410;https://www.chevron.com/investors/financial-information/quarterly-results;PDF;C:\Users\diego\Downloads\CASE_DESEMPENHO\03_Conteiner\CHEVRON\2026_2T\2026_2q_earnings_call_presentation_only.pdf;5ff9711120f87bd09d7fd0c9256c1d8f7e459779109e359a842234e9d82f3642;2026-10-04 20:54:31;NAO_PROCESSADO;2026_2q_earnings_call_presentation_only.pdf;.pdf;C:\Users\diego\Downloads\CASE_DESEMPENHO\03_Conteiner\CHEVRON\2026_2T;https://investidor10.com.br/stocks/cvx/;MANUAL
2012;CHEVRON;0000093410;https://www.chevron.com/investors/financial-information/quarterly-results;PDF;C:\Users\diego\Downloads\CASE_DESEMPENHO\03_Conteiner\CHEVRON\2026_2T\2026_2q_earnings_call_presentation_with_prepared_remarks.pdf;0d4f06686ad31929ecce2c7b9ca6cf12ce6529c0b3ef199bbae41d318f666d2a;2026-10-04 20:54:31;NAO_PROCESSADO;2026_2q_earnings_call_presentation_with_prepared_remarks.pdf;.pdf;C:\Users\diego\Downloads\CASE_DESEMPENHO\03_Conteiner\CHEVRON\2026_2T;https://investidor10.com.br/stocks/cvx/;MANUAL
2013;CHEVRON;0000093410;https://www.chevron.com/investors/financial-information/quarterly-results;PDF;C:\Users\diego\Downloads\CASE_DESEMPENHO\03_Conteiner\CHEVRON\2026_2T\2026_2q_earnings_release.pdf;dc384aba9614224a02ac19869372ce8b4c5303d93a77c8562811ed8116732fb9;2026-10-04 20:54:31;SEM_DADOS;2026_2q_earnings_release.pdf;.pdf;C:\Users\diego\Downloads\CASE_DESEMPENHO\03_Conteiner\CHEVRON\2026_2T;https://investidor10.com.br/stocks/cvx/;MANUAL
2014;EQUINOR;0001140625;https://www.equinor.com/investors/quarterly-results;PDF;C:\Users\diego\Downloads\CASE_DESEMPENHO\03_Conteiner\EQUINOR\2025_4T\eqnr-osl-transcript-2026-02-04.pdf;d192602fd2eb4acc229844c847da192fd990faee69b1f6c28bf16e0cfbe788fe;2026-10-04 20:54:31;NAO_PROCESSADO;eqnr-osl-transcript-2026-02-04.pdf;.pdf;C:\Users\diego\Downloads\CASE_DESEMPENHO\03_Conteiner\EQUINOR\2025_4T;https://investidor10.com.br/stocks/eqnr/;MANUAL
2015;EQUINOR;0001140625;https://www.equinor.com/investors/quarterly-results;PDF;C:\Users\diego\Downloads\CASE_DESEMPENHO\03_Conteiner\EQUINOR\2025_4T\equinor-ceo-and-cfo-q4-and-full-year-2025-presentation.pdf;b142c2a0a221dd330fc9f782d338a2b23cfea5fa1305ecae9294a88cfb4a7f9d;2026-10-04 20:54:31;NAO_PROCESSADO;equinor-ceo-and-cfo-q4-and-full-year-2025-presentation.pdf;.pdf;C:\Users\diego\Downloads\CASE_DESEMPENHO\03_Conteiner\EQUINOR\2025_4T;https://investidor10.com.br/stocks/eqnr/;MANUAL
2016;EQUINOR;0001140625;https://www.equinor.com/investors/quarterly-results;PDF;C:\Users\diego\Downloads\CASE_DESEMPENHO\03_Conteiner\EQUINOR\2025_4T\financial-statements-and-review-q4-2025-equinor.pdf;88856bdc6ee09cac86b341e801985070f6ad47dafb45609bb210064e17dcfa03;2026-10-04 20:54:31;PROCESSADO;financial-statements-and-review-q4-2025-equinor.pdf;.pdf;C:\Users\diego\Downloads\CASE_DESEMPENHO\03_Conteiner\EQUINOR\2025_4T;https://investidor10.com.br/stocks/eqnr/;MANUAL
2017;EQUINOR;0001140625;https://www.equinor.com/investors/quarterly-results;PDF;C:\Users\diego\Downloads\CASE_DESEMPENHO\03_Conteiner\EQUINOR\2026_1T\eqnr-osl-transcript-2026-05-06.pdf;c29d9c73504c96fb14d5c54528686899ebe354ffba651d68fe8881766d2ca214;2026-10-04 20:54:31;NAO_PROCESSADO;eqnr-osl-transcript-2026-05-06.pdf;.pdf;C:\Users\diego\Downloads\CASE_DESEMPENHO\03_Conteiner\EQUINOR\2026_1T;https://investidor10.com.br/stocks/eqnr/;MANUAL
2018;EQUINOR;0001140625;https://www.equinor.com/investors/quarterly-results;PDF;C:\Users\diego\Downloads\CASE_DESEMPENHO\03_Conteiner\EQUINOR\2026_1T\q1-2026-cfo-presentation-equinor.pdf;5664fe3a33a0a4b1fbaf232f4fba717efc5b044284d7c328209a9bbe2d20e781;2026-10-04 20:54:31;NAO_PROCESSADO;q1-2026-cfo-presentation-equinor.pdf;.pdf;C:\Users\diego\Downloads\CASE_DESEMPENHO\03_Conteiner\EQUINOR\2026_1T;https://investidor10.com.br/stocks/eqnr/;MANUAL
2019;EQUINOR;0001140625;https://www.equinor.com/investors/quarterly-results;PDF;C:\Users\diego\Downloads\CASE_DESEMPENHO\03_Conteiner\EQUINOR\2026_1T\q1-2026-financial-statements-and-review-equinor.pdf;06694e7a21d408a4badab11ac18e9f5277d7f8602edc2b513840b475517cf0de;2026-10-04 20:54:32;PROCESSADO;q1-2026-financial-statements-and-review-equinor.pdf;.pdf;C:\Users\diego\Downloads\CASE_DESEMPENHO\03_Conteiner\EQUINOR\2026_1T;https://investidor10.com.br/stocks/eqnr/;MANUAL
2020;EQUINOR;0001140625;https://www.equinor.com/investors/quarterly-results;PDF;C:\Users\diego\Downloads\CASE_DESEMPENHO\03_Conteiner\EQUINOR\2026_2T\EQNR-OSL_Transcript_2026-07-22.pdf;0841dd649efb1e43f8095fb0827639c7885a38d8b0187237b3dc47ab17ad4821;2026-10-04 20:54:32;NAO_PROCESSADO;EQNR-OSL_Transcript_2026-07-22.pdf;.pdf;C:\Users\diego\Downloads\CASE_DESEMPENHO\03_Conteiner\EQUINOR\2026_2T;https://investidor10.com.br/stocks/eqnr/;MANUAL
2021;EQUINOR;0001140625;https://www.equinor.com/investors/quarterly-results;PDF;C:\Users\diego\Downloads\CASE_DESEMPENHO\03_Conteiner\EQUINOR\2026_2T\q2-2026-cfo-presentation-financial results.pdf;a2fa6b60a0d9ea8db6c697bb338c2a61315e1ca1fa83a619f719e2761e630159;2026-10-04 20:54:32;NAO_PROCESSADO;q2-2026-cfo-presentation-financial results.pdf;.pdf;C:\Users\diego\Downloads\CASE_DESEMPENHO\03_Conteiner\EQUINOR\2026_2T;https://investidor10.com.br/stocks/eqnr/;MANUAL
2022;EQUINOR;0001140625;https://www.equinor.com/investors/quarterly-results;PDF;C:\Users\diego\Downloads\CASE_DESEMPENHO\03_Conteiner\EQUINOR\2026_2T\q2-2026-financial-statements-and-review-equinor.pdf;0089fd824e5c93a65922ef343ee96a962a7d30c60f79d7d2336e40ea7d0fa293;2026-10-04 20:54:32;PROCESSADO;q2-2026-financial-statements-and-review-equinor.pdf;.pdf;C:\Users\diego\Downloads\CASE_DESEMPENHO\03_Conteiner\EQUINOR\2026_2T;https://investidor10.com.br/stocks/eqnr/;MANUAL
2023;EXXONMOBIL;0000034088;https://corporate.exxonmobil.com/investors/investor-resources/quarterly-earnings;PDF;C:\Users\diego\Downloads\CASE_DESEMPENHO\03_Conteiner\EXXONMOBIL\2025_4T\0000034088-26-000045.pdf;2dde67635a39370b66c4a6e6f4d6ee0e940d4a9f161b2089f1812353083d078b;2026-10-04 20:54:32;NAO_PROCESSADO;0000034088-26-000045.pdf;.pdf;C:\Users\diego\Downloads\CASE_DESEMPENHO\03_Conteiner\EXXONMOBIL\2025_4T;https://investidor10.com.br/stocks/xom/;MANUAL
2024;EXXONMOBIL;0000034088;https://corporate.exxonmobil.com/investors/investor-resources/quarterly-earnings;PDF;C:\Users\diego\Downloads\CASE_DESEMPENHO\03_Conteiner\EXXONMOBIL\2025_4T\4Q25 Earnings Press Release Website.pdf;509de03504f9185a4c496b1821217211cd88d24c8bb81c42359410a15447579d;2026-10-04 20:54:32;PROCESSADO;4Q25 Earnings Press Release Website.pdf;.pdf;C:\Users\diego\Downloads\CASE_DESEMPENHO\03_Conteiner\EXXONMOBIL\2025_4T;https://investidor10.com.br/stocks/xom/;MANUAL
2025;EXXONMOBIL;0000034088;https://corporate.exxonmobil.com/investors/investor-resources/quarterly-earnings;PDF;C:\Users\diego\Downloads\CASE_DESEMPENHO\03_Conteiner\EXXONMOBIL\2025_4T\4Q25 Earnings Slides.pdf;bff59d533e825e0bb8ba211fbca37a76255106c752b69a3822f474da18ca9c30;2026-10-04 20:54:32;NAO_PROCESSADO;4Q25 Earnings Slides.pdf;.pdf;C:\Users\diego\Downloads\CASE_DESEMPENHO\03_Conteiner\EXXONMOBIL\2025_4T;https://investidor10.com.br/stocks/xom/;MANUAL
2026;EXXONMOBIL;0000034088;https://corporate.exxonmobil.com/investors/investor-resources/quarterly-earnings;PDF;C:\Users\diego\Downloads\CASE_DESEMPENHO\03_Conteiner\EXXONMOBIL\2025_4T\4Q25 Earnings Transcript.pdf;648abe596ead38304794a00c2d574e2711a40d1e20a85e2c09e39dfc73c0bf67;2026-10-04 20:54:32;NAO_PROCESSADO;4Q25 Earnings Transcript.pdf;.pdf;C:\Users\diego\Downloads\CASE_DESEMPENHO\03_Conteiner\EXXONMOBIL\2025_4T;https://investidor10.com.br/stocks/xom/;MANUAL
2027;EXXONMOBIL;0000034088;https://corporate.exxonmobil.com/investors/investor-resources/quarterly-earnings;PDF;C:\Users\diego\Downloads\CASE_DESEMPENHO\03_Conteiner\EXXONMOBIL\2025_4T\4Q25 Prepared Remarks.pdf;10044adff9632f9f3b7a5c9424e807dc4d5c3c6b5201db5e5195a374d187d5f6;2026-10-04 20:54:32;SEM_DADOS;4Q25 Prepared Remarks.pdf;.pdf;C:\Users\diego\Downloads\CASE_DESEMPENHO\03_Conteiner\EXXONMOBIL\2025_4T;https://investidor10.com.br/stocks/xom/;MANUAL
2028;EXXONMOBIL;0000034088;https://corporate.exxonmobil.com/investors/investor-resources/quarterly-earnings;PDF;C:\Users\diego\Downloads\CASE_DESEMPENHO\03_Conteiner\EXXONMOBIL\2025_4T\4Q25 Supplement Website.pdf;f577b5c16964de7b86a4b5ccd248e897e8ae8be31d0c84dba787c038f71deb97;2026-10-04 20:54:32;SEM_DADOS;4Q25 Supplement Website.pdf;.pdf;C:\Users\diego\Downloads\CASE_DESEMPENHO\03_Conteiner\EXXONMOBIL\2025_4T;https://investidor10.com.br/stocks/xom/;MANUAL
2029;EXXONMOBIL;0000034088;https://corporate.exxonmobil.com/investors/investor-resources/quarterly-earnings;XLSX;C:\Users\diego\Downloads\CASE_DESEMPENHO\03_Conteiner\EXXONMOBIL\2025_4T\4Q25 Supplement Website.xlsx;48c9e3a0facf35eaeeb43389a8afa2c6507358d9f823136730a042be2db4c639;2026-10-04 20:54:32;SEM_DADOS;4Q25 Supplement Website.xlsx;.xlsx;C:\Users\diego\Downloads\CASE_DESEMPENHO\03_Conteiner\EXXONMOBIL\2025_4T;https://investidor10.com.br/stocks/xom/;MANUAL
2030;EXXONMOBIL;0000034088;https://corporate.exxonmobil.com/investors/investor-resources/quarterly-earnings;PDF;C:\Users\diego\Downloads\CASE_DESEMPENHO\03_Conteiner\EXXONMOBIL\2025_4T\Cautionary Statement.pdf;28fd18d70e0221068ef7b79bf15da2385ce04f7181bb6a2e08b81b4e8f6539d5;2026-10-04 20:54:32;SEM_DADOS;Cautionary Statement.pdf;.pdf;C:\Users\diego\Downloads\CASE_DESEMPENHO\03_Conteiner\EXXONMOBIL\2025_4T;https://investidor10.com.br/stocks/xom/;MANUAL
2031;EXXONMOBIL;0000034088;https://corporate.exxonmobil.com/investors/investor-resources/quarterly-earnings;PDF;C:\Users\diego\Downloads\CASE_DESEMPENHO\03_Conteiner\EXXONMOBIL\2026_1T\1Q26 Earnings Prepared Remarks.pdf;929b6b75b6170997c2f9f28cf2cd37077952d90bca7fe6a3bf93d6be7ec826d0;2026-10-04 20:54:33;SEM_DADOS;1Q26 Earnings Prepared Remarks.pdf;.pdf;C:\Users\diego\Downloads\CASE_DESEMPENHO\03_Conteiner\EXXONMOBIL\2026_1T;https://investidor10.com.br/stocks/xom/;MANUAL
2032;EXXONMOBIL;0000034088;https://corporate.exxonmobil.com/investors/investor-resources/quarterly-earnings;PDF;C:\Users\diego\Downloads\CASE_DESEMPENHO\03_Conteiner\EXXONMOBIL\2026_1T\1Q26 Earnings presentation.pdf;a66beb6d089ad9ae275a0c04f5fbc1caad477f0b0d9a7558b8f6bce3f49ac2d3;2026-10-04 20:54:33;NAO_PROCESSADO;1Q26 Earnings presentation.pdf;.pdf;C:\Users\diego\Downloads\CASE_DESEMPENHO\03_Conteiner\EXXONMOBIL\2026_1T;https://investidor10.com.br/stocks/xom/;MANUAL
2033;EXXONMOBIL;0000034088;https://corporate.exxonmobil.com/investors/investor-resources/quarterly-earnings;PDF;C:\Users\diego\Downloads\CASE_DESEMPENHO\03_Conteiner\EXXONMOBIL\2026_1T\1Q26 Earnings Press Release Website.pdf;5ffec3dc9ff076b3a1475ddfc36e4ee678842b5611600371a9c208b86c90cec7;2026-10-04 20:54:33;SEM_DADOS;1Q26 Earnings Press Release Website.pdf;.pdf;C:\Users\diego\Downloads\CASE_DESEMPENHO\03_Conteiner\EXXONMOBIL\2026_1T;https://investidor10.com.br/stocks/xom/;MANUAL
2034;EXXONMOBIL;0000034088;https://corporate.exxonmobil.com/investors/investor-resources/quarterly-earnings;PDF;C:\Users\diego\Downloads\CASE_DESEMPENHO\03_Conteiner\EXXONMOBIL\2026_1T\1Q26 Supplement Website.pdf;c2a87b1da223f62daa6ebb9d76f7686accd6e9c50aaacfeaf6efa56c36789f3a;2026-10-04 20:54:33;SEM_DADOS;1Q26 Supplement Website.pdf;.pdf;C:\Users\diego\Downloads\CASE_DESEMPENHO\03_Conteiner\EXXONMOBIL\2026_1T;https://investidor10.com.br/stocks/xom/;MANUAL
2035;EXXONMOBIL;0000034088;https://corporate.exxonmobil.com/investors/investor-resources/quarterly-earnings;XLSX;C:\Users\diego\Downloads\CASE_DESEMPENHO\03_Conteiner\EXXONMOBIL\2026_1T\1Q26 Supplement Website.xlsx;262935624fe53d679b05957cd77e7e77b3a5716d27f9e3bc1086a956a0a12264;2026-10-04 20:54:33;SEM_DADOS;1Q26 Supplement Website.xlsx;.xlsx;C:\Users\diego\Downloads\CASE_DESEMPENHO\03_Conteiner\EXXONMOBIL\2026_1T;https://investidor10.com.br/stocks/xom/;MANUAL
2036;EXXONMOBIL;0000034088;https://corporate.exxonmobil.com/investors/investor-resources/quarterly-earnings;PDF;C:\Users\diego\Downloads\CASE_DESEMPENHO\03_Conteiner\EXXONMOBIL\2026_1T\Cautionary Statement.pdf;aa5f3c340c7d811dee0ce9b54b279139e13468ed7a125215a5d6d332084aa5c8;2026-10-04 20:54:33;SEM_DADOS;Cautionary Statement.pdf;.pdf;C:\Users\diego\Downloads\CASE_DESEMPENHO\03_Conteiner\EXXONMOBIL\2026_1T;https://investidor10.com.br/stocks/xom/;MANUAL
2037;EXXONMOBIL;0000034088;https://corporate.exxonmobil.com/investors/investor-resources/quarterly-earnings;PDF;C:\Users\diego\Downloads\CASE_DESEMPENHO\03_Conteiner\EXXONMOBIL\2026_1T\ExxonMobil 1Q26 Earnings Transcript.pdf;3627397c83c421fedd489189492df38f10d6a430c46c3602897e577548613b4f;2026-10-04 20:54:33;NAO_PROCESSADO;ExxonMobil 1Q26 Earnings Transcript.pdf;.pdf;C:\Users\diego\Downloads\CASE_DESEMPENHO\03_Conteiner\EXXONMOBIL\2026_1T;https://investidor10.com.br/stocks/xom/;MANUAL
2038;EXXONMOBIL;0000034088;https://corporate.exxonmobil.com/investors/investor-resources/quarterly-earnings;PDF;C:\Users\diego\Downloads\CASE_DESEMPENHO\03_Conteiner\EXXONMOBIL\2026_2T\0000034088-26-000093.pdf;e4e3d85f0505d17ddd34e71595a780fb906074dc084baa0cd9f4ab5aa555b265;2026-10-04 20:54:33;SEM_DADOS;0000034088-26-000093.pdf;.pdf;C:\Users\diego\Downloads\CASE_DESEMPENHO\03_Conteiner\EXXONMOBIL\2026_2T;https://investidor10.com.br/stocks/xom/;MANUAL
2039;EXXONMOBIL;0000034088;https://corporate.exxonmobil.com/investors/investor-resources/quarterly-earnings;PDF;C:\Users\diego\Downloads\CASE_DESEMPENHO\03_Conteiner\EXXONMOBIL\2026_2T\2Q26 Earnings presentation slides.pdf;c4824148b2b3f02d6feeac6d59d14cd5c5c43ffde9b6fcba8c4a6e7a8297e5b3;2026-10-04 20:54:33;NAO_PROCESSADO;2Q26 Earnings presentation slides.pdf;.pdf;C:\Users\diego\Downloads\CASE_DESEMPENHO\03_Conteiner\EXXONMOBIL\2026_2T;https://investidor10.com.br/stocks/xom/;MANUAL
2040;EXXONMOBIL;0000034088;https://corporate.exxonmobil.com/investors/investor-resources/quarterly-earnings;PDF;C:\Users\diego\Downloads\CASE_DESEMPENHO\03_Conteiner\EXXONMOBIL\2026_2T\2Q26 Earnings Release Website.pdf;aea0740defb6daf077173b4471b8d3ca65c08fc8aed9c1caf5ecab98037b58d6;2026-10-04 20:54:33;PROCESSADO;2Q26 Earnings Release Website.pdf;.pdf;C:\Users\diego\Downloads\CASE_DESEMPENHO\03_Conteiner\EXXONMOBIL\2026_2T;https://investidor10.com.br/stocks/xom/;MANUAL
2041;EXXONMOBIL;0000034088;https://corporate.exxonmobil.com/investors/investor-resources/quarterly-earnings;PDF;C:\Users\diego\Downloads\CASE_DESEMPENHO\03_Conteiner\EXXONMOBIL\2026_2T\2Q26 ExxonMobil Earnings Call Transcript.pdf;52ae1a3badaa6a682d4612160aa110a2b3dc2fb88891ad20de48cda2689ef26b;2026-10-04 20:54:33;NAO_PROCESSADO;2Q26 ExxonMobil Earnings Call Transcript.pdf;.pdf;C:\Users\diego\Downloads\CASE_DESEMPENHO\03_Conteiner\EXXONMOBIL\2026_2T;https://investidor10.com.br/stocks/xom/;MANUAL
2042;EXXONMOBIL;0000034088;https://corporate.exxonmobil.com/investors/investor-resources/quarterly-earnings;PDF;C:\Users\diego\Downloads\CASE_DESEMPENHO\03_Conteiner\EXXONMOBIL\2026_2T\2Q26 Prepared Remarks.pdf;bb7807139954ef03c6dc7fd65d0f9f4bd25001672c315d734ade0ab3c6739606;2026-10-04 20:54:33;PROCESSADO;2Q26 Prepared Remarks.pdf;.pdf;C:\Users\diego\Downloads\CASE_DESEMPENHO\03_Conteiner\EXXONMOBIL\2026_2T;https://investidor10.com.br/stocks/xom/;MANUAL
2043;EXXONMOBIL;0000034088;https://corporate.exxonmobil.com/investors/investor-resources/quarterly-earnings;PDF;C:\Users\diego\Downloads\CASE_DESEMPENHO\03_Conteiner\EXXONMOBIL\2026_2T\2Q26 Supplement Data.pdf;fbfa8de4b3c43e9539564ae69de238f53107e50ee75cff2bd6ed1f0a4df43425;2026-10-04 20:54:33;SEM_DADOS;2Q26 Supplement Data.pdf;.pdf;C:\Users\diego\Downloads\CASE_DESEMPENHO\03_Conteiner\EXXONMOBIL\2026_2T;https://investidor10.com.br/stocks/xom/;MANUAL
2044;EXXONMOBIL;0000034088;https://corporate.exxonmobil.com/investors/investor-resources/quarterly-earnings;PDF;C:\Users\diego\Downloads\CASE_DESEMPENHO\03_Conteiner\EXXONMOBIL\2026_2T\Cautionary statement.pdf;865782986e39d5c3fe27c309e7e12003c91b1f3dd8d29633922f59c1ecf58dd8;2026-10-04 20:54:34;SEM_DADOS;Cautionary statement.pdf;.pdf;C:\Users\diego\Downloads\CASE_DESEMPENHO\03_Conteiner\EXXONMOBIL\2026_2T;https://investidor10.com.br/stocks/xom/;MANUAL
2045;EXXONMOBIL;0000034088;https://corporate.exxonmobil.com/investors/investor-resources/quarterly-earnings;XLSX;C:\Users\diego\Downloads\CASE_DESEMPENHO\03_Conteiner\EXXONMOBIL\2026_2T\Earning Release Supplement Data - Excel Version.xlsx;f6fdfe7277bc0addb08580fae7e3d2456bbfa7e7469d485fd40ad31f9d0a8cb8;2026-10-04 20:54:34;PROCESSADO;Earning Release Supplement Data - Excel Version.xlsx;.xlsx;C:\Users\diego\Downloads\CASE_DESEMPENHO\03_Conteiner\EXXONMOBIL\2026_2T;https://investidor10.com.br/stocks/xom/;MANUAL
2046;PETROBRAS;0001119639;https://www.investidorpetrobras.com.br/resultados-e-comunicados/relatorios-trimestrais;PDF;C:\Users\diego\Downloads\CASE_DESEMPENHO\03_Conteiner\PETROBRAS\2025_4T\_Demonstrações Financeiras 4T25 - US$.pdf;27e086280db3d9542238ae9aa2781df6193631ea9b2527ed25c43b7a5cb2cb87;2026-10-04 20:54:34;NAO_PROCESSADO;_Demonstrações Financeiras 4T25 - US$.pdf;.pdf;C:\Users\diego\Downloads\CASE_DESEMPENHO\03_Conteiner\PETROBRAS\2025_4T;SEM (SEM_JSON);MANUAL
2047;PETROBRAS;0001119639;https://www.investidorpetrobras.com.br/resultados-e-comunicados/relatorios-trimestrais;PDF;C:\Users\diego\Downloads\CASE_DESEMPENHO\03_Conteiner\PETROBRAS\2025_4T\Desempenho Financeiro da Petrobras 4T25 (em dólar).pdf;355a8755207f51b060800735e7ee44c358f1d5545205cb04ebedb96f5373fca4;2026-10-04 20:54:34;SEM_DADOS;Desempenho Financeiro da Petrobras 4T25 (em dólar).pdf;.pdf;C:\Users\diego\Downloads\CASE_DESEMPENHO\03_Conteiner\PETROBRAS\2025_4T;SEM (SEM_JSON);MANUAL
2048;PETROBRAS;0001119639;https://www.investidorpetrobras.com.br/resultados-e-comunicados/relatorios-trimestrais;PDF;C:\Users\diego\Downloads\CASE_DESEMPENHO\03_Conteiner\PETROBRAS\2025_4T\Desempenho Financeiro Petrobras 4T25.pdf;2373f1ea0e5e4bf31628cb7dd31eb46219b486b9ae29b19b985e4df97605790f;2026-10-04 20:54:34;SEM_DADOS;Desempenho Financeiro Petrobras 4T25.pdf;.pdf;C:\Users\diego\Downloads\CASE_DESEMPENHO\03_Conteiner\PETROBRAS\2025_4T;SEM (SEM_JSON);MANUAL
2049;PETROBRAS;0001119639;https://www.investidorpetrobras.com.br/resultados-e-comunicados/relatorios-trimestrais;PDF;C:\Users\diego\Downloads\CASE_DESEMPENHO\03_Conteiner\PETROBRAS\2025_4T\Desempenho Petrobras 4T25.pdf;da8c1b6c76c6e69569682c3ab49a0519a7192a5db27c7ad646c4c324c7d5d469;2026-10-04 20:54:34;SEM_DADOS;Desempenho Petrobras 4T25.pdf;.pdf;C:\Users\diego\Downloads\CASE_DESEMPENHO\03_Conteiner\PETROBRAS\2025_4T;SEM (SEM_JSON);MANUAL
2050;PETROBRAS;0001119639;https://www.investidorpetrobras.com.br/resultados-e-comunicados/relatorios-trimestrais;PDF;C:\Users\diego\Downloads\CASE_DESEMPENHO\03_Conteiner\PETROBRAS\2025_4T\DFS R$ Português.pdf;2f76a20bf308a5ffca686bcc567383e93180c145a919700fa50bb37f967a18d4;2026-10-04 20:54:34;NAO_PROCESSADO;DFS R$ Português.pdf;.pdf;C:\Users\diego\Downloads\CASE_DESEMPENHO\03_Conteiner\PETROBRAS\2025_4T;SEM (SEM_JSON);MANUAL
2051;PETROBRAS;0001119639;https://www.investidorpetrobras.com.br/resultados-e-comunicados/relatorios-trimestrais;XLSX;C:\Users\diego\Downloads\CASE_DESEMPENHO\03_Conteiner\PETROBRAS\2025_4T\Excel 4T25 USD.xlsx;30b11e9cc6d54efed6e247717c8233728fdd0214e9e3d1cac47891059e7d4545;2026-10-04 20:54:34;PROCESSADO;Excel 4T25 USD.xlsx;.xlsx;C:\Users\diego\Downloads\CASE_DESEMPENHO\03_Conteiner\PETROBRAS\2025_4T;SEM (SEM_JSON);MANUAL
2052;PETROBRAS;0001119639;https://www.investidorpetrobras.com.br/resultados-e-comunicados/relatorios-trimestrais;PDF;C:\Users\diego\Downloads\CASE_DESEMPENHO\03_Conteiner\PETROBRAS\2025_4T\Relatório de Produção e Vendas 4T25.pdf;26733a33c66755fa4a44070ef2155800b183c6fd4df48384b9b6e53ef2beeead;2026-10-04 20:54:34;SEM_DADOS;Relatório de Produção e Vendas 4T25.pdf;.pdf;C:\Users\diego\Downloads\CASE_DESEMPENHO\03_Conteiner\PETROBRAS\2025_4T;SEM (SEM_JSON);MANUAL
2053;PETROBRAS;0001119639;https://www.investidorpetrobras.com.br/resultados-e-comunicados/relatorios-trimestrais;PDF;C:\Users\diego\Downloads\CASE_DESEMPENHO\03_Conteiner\PETROBRAS\2025_4T\Relatório Fiscal 2025.pdf;b8730fd8b4866483be1c1ea08b331d3afdc74e22279d11518e25384d80850dd2;2026-10-04 20:54:34;SEM_DADOS;Relatório Fiscal 2025.pdf;.pdf;C:\Users\diego\Downloads\CASE_DESEMPENHO\03_Conteiner\PETROBRAS\2025_4T;SEM (SEM_JSON);MANUAL
2054;PETROBRAS;0001119639;https://www.investidorpetrobras.com.br/resultados-e-comunicados/relatorios-trimestrais;XLSX;C:\Users\diego\Downloads\CASE_DESEMPENHO\03_Conteiner\PETROBRAS\2025_4T\Resultados 4T25  - Tabela em Excel R$.xlsx;42219801a28494d48f96bd106b5e301aacff009fc32af541ebbc00508b2caa3e;2026-10-04 20:54:34;SEM_DADOS;Resultados 4T25  - Tabela em Excel R$.xlsx;.xlsx;C:\Users\diego\Downloads\CASE_DESEMPENHO\03_Conteiner\PETROBRAS\2025_4T;SEM (SEM_JSON);MANUAL
2055;PETROBRAS;0001119639;https://www.investidorpetrobras.com.br/resultados-e-comunicados/relatorios-trimestrais;PDF;C:\Users\diego\Downloads\CASE_DESEMPENHO\03_Conteiner\PETROBRAS\2025_4T\Transcrição Webcast 4T25.pdf;5d5d5d99cbccb49f223195589b712e54c64923da04ca9a6684bb934c10667f1a;2026-10-04 20:54:34;NAO_PROCESSADO;Transcrição Webcast 4T25.pdf;.pdf;C:\Users\diego\Downloads\CASE_DESEMPENHO\03_Conteiner\PETROBRAS\2025_4T;SEM (SEM_JSON);MANUAL
2056;PETROBRAS;0001119639;https://www.investidorpetrobras.com.br/resultados-e-comunicados/relatorios-trimestrais;PDF;C:\Users\diego\Downloads\CASE_DESEMPENHO\03_Conteiner\PETROBRAS\2026_1T\_Demonstrações Financeiras 1T26  - US$ (1).pdf;497429160c1e7fc9619117522c338be12d5018c1657f099efca5e1901021e553;2026-10-04 20:54:34;SEM_DADOS;_Demonstrações Financeiras 1T26  - US$ (1).pdf;.pdf;C:\Users\diego\Downloads\CASE_DESEMPENHO\03_Conteiner\PETROBRAS\2026_1T;SEM (SEM_JSON);MANUAL
2057;PETROBRAS;0001119639;https://www.investidorpetrobras.com.br/resultados-e-comunicados/relatorios-trimestrais;PDF;C:\Users\diego\Downloads\CASE_DESEMPENHO\03_Conteiner\PETROBRAS\2026_1T\Desempenho 1T26.pdf;8c8188249e71766a0cbb9c84aa959ca9af71729e8ad95bc6c8b557dd61330074;2026-10-04 20:54:34;SEM_DADOS;Desempenho 1T26.pdf;.pdf;C:\Users\diego\Downloads\CASE_DESEMPENHO\03_Conteiner\PETROBRAS\2026_1T;SEM (SEM_JSON);MANUAL
2058;PETROBRAS;0001119639;https://www.investidorpetrobras.com.br/resultados-e-comunicados/relatorios-trimestrais;PDF;C:\Users\diego\Downloads\CASE_DESEMPENHO\03_Conteiner\PETROBRAS\2026_1T\Desempenho Financeiro da Petrobras 1T26 (em dólar).pdf;8c38154efb648a9e1964f10cea959a0f51f73c4edeeff18b174974de890c0223;2026-10-04 20:54:34;SEM_DADOS;Desempenho Financeiro da Petrobras 1T26 (em dólar).pdf;.pdf;C:\Users\diego\Downloads\CASE_DESEMPENHO\03_Conteiner\PETROBRAS\2026_1T;SEM (SEM_JSON);MANUAL
2059;PETROBRAS;0001119639;https://www.investidorpetrobras.com.br/resultados-e-comunicados/relatorios-trimestrais;XLSX;C:\Users\diego\Downloads\CASE_DESEMPENHO\03_Conteiner\PETROBRAS\2026_1T\Excel 1T26 USD.xlsx;b9d6558006dd31ca62b091a4173e9cc11a66793ebd39a19ced89f214d1146171;2026-10-04 20:54:35;PROCESSADO;Excel 1T26 USD.xlsx;.xlsx;C:\Users\diego\Downloads\CASE_DESEMPENHO\03_Conteiner\PETROBRAS\2026_1T;SEM (SEM_JSON);MANUAL
2060;PETROBRAS;0001119639;https://www.investidorpetrobras.com.br/resultados-e-comunicados/relatorios-trimestrais;PDF;C:\Users\diego\Downloads\CASE_DESEMPENHO\03_Conteiner\PETROBRAS\2026_1T\Relatório de Produção de Vendas 1T26.pdf;4c8a44d110d4559fbae3cfcfc99aa04f7e6ed6141fef46a5f853af3cec23b249;2026-10-04 20:54:35;PROCESSADO;Relatório de Produção de Vendas 1T26.pdf;.pdf;C:\Users\diego\Downloads\CASE_DESEMPENHO\03_Conteiner\PETROBRAS\2026_1T;SEM (SEM_JSON);MANUAL
2061;PETROBRAS;0001119639;https://www.investidorpetrobras.com.br/resultados-e-comunicados/relatorios-trimestrais;PDF;C:\Users\diego\Downloads\CASE_DESEMPENHO\03_Conteiner\PETROBRAS\2026_1T\Relatório Fiscal 1T26.pdf;4febe033dce29648d6b13806c372783e503adbfe428feece4a247e0a823e6061;2026-10-04 20:54:35;SEM_DADOS;Relatório Fiscal 1T26.pdf;.pdf;C:\Users\diego\Downloads\CASE_DESEMPENHO\03_Conteiner\PETROBRAS\2026_1T;SEM (SEM_JSON);MANUAL
2062;PETROBRAS;0001119639;https://www.investidorpetrobras.com.br/resultados-e-comunicados/relatorios-trimestrais;XLSX;C:\Users\diego\Downloads\CASE_DESEMPENHO\03_Conteiner\PETROBRAS\2026_1T\Resultados 1T26  - Tabela em Excel R$.xlsx;ed0365b0c1d47bc003e1d2bdbbe14e0ddcaa3f894ff18e76c6c652155b354026;2026-10-04 20:54:35;SEM_DADOS;Resultados 1T26  - Tabela em Excel R$.xlsx;.xlsx;C:\Users\diego\Downloads\CASE_DESEMPENHO\03_Conteiner\PETROBRAS\2026_1T;SEM (SEM_JSON);MANUAL
2063;PETROBRAS;0001119639;https://www.investidorpetrobras.com.br/resultados-e-comunicados/relatorios-trimestrais;PDF;C:\Users\diego\Downloads\CASE_DESEMPENHO\03_Conteiner\PETROBRAS\2026_1T\Transcrição Webcast 1T26.pdf;cb2020548161f3d973210cb0041fa7ea35d3010a415b3a4d84f6bd6ea6739731;2026-10-04 20:54:35;NAO_PROCESSADO;Transcrição Webcast 1T26.pdf;.pdf;C:\Users\diego\Downloads\CASE_DESEMPENHO\03_Conteiner\PETROBRAS\2026_1T;SEM (SEM_JSON);MANUAL
2064;PETROBRAS;0001119639;https://www.investidorpetrobras.com.br/resultados-e-comunicados/relatorios-trimestrais;PDF;C:\Users\diego\Downloads\CASE_DESEMPENHO\03_Conteiner\PETROBRAS\2026_2T\Demonstrações Financeiras 2T26 -REAIS.pdf;b788d1b73950faf01cfa2d3bd56aa7bd7b34ec73db7fa07ad3ff9dfa2807a9a4;2026-10-04 20:54:35;SEM_DADOS;Demonstrações Financeiras 2T26 -REAIS.pdf;.pdf;C:\Users\diego\Downloads\CASE_DESEMPENHO\03_Conteiner\PETROBRAS\2026_2T;SEM (SEM_JSON);MANUAL
2065;PETROBRAS;0001119639;https://www.investidorpetrobras.com.br/resultados-e-comunicados/relatorios-trimestrais;PDF;C:\Users\diego\Downloads\CASE_DESEMPENHO\03_Conteiner\PETROBRAS\2026_2T\Desempenho Financeiro da Petrobras 2T26 (em dólar) (1).pdf;4d2a133550a1ce7423f964ab1f67de8641adc419a05dd0dc7dfd7390ea963b99;2026-10-04 20:54:35;SEM_DADOS;Desempenho Financeiro da Petrobras 2T26 (em dólar) (1).pdf;.pdf;C:\Users\diego\Downloads\CASE_DESEMPENHO\03_Conteiner\PETROBRAS\2026_2T;SEM (SEM_JSON);MANUAL
2066;PETROBRAS;0001119639;https://www.investidorpetrobras.com.br/resultados-e-comunicados/relatorios-trimestrais;PDF;C:\Users\diego\Downloads\CASE_DESEMPENHO\03_Conteiner\PETROBRAS\2026_2T\Desempenho Financeiro Petrobras 2T26 (1).pdf;00a0f0ac25e379946039abf66a0a04c98fbd641fae74d903a74a173c01a27640;2026-10-04 20:54:35;SEM_DADOS;Desempenho Financeiro Petrobras 2T26 (1).pdf;.pdf;C:\Users\diego\Downloads\CASE_DESEMPENHO\03_Conteiner\PETROBRAS\2026_2T;SEM (SEM_JSON);MANUAL
2067;PETROBRAS;0001119639;https://www.investidorpetrobras.com.br/resultados-e-comunicados/relatorios-trimestrais;XLSX;C:\Users\diego\Downloads\CASE_DESEMPENHO\03_Conteiner\PETROBRAS\2026_2T\Excel 2T26 USD.xlsx;d861cea3a1d11ea3346d82ded983f12c5c5d67f7595b93b4c21cbb16ea191539;2026-10-04 20:54:35;PROCESSADO;Excel 2T26 USD.xlsx;.xlsx;C:\Users\diego\Downloads\CASE_DESEMPENHO\03_Conteiner\PETROBRAS\2026_2T;SEM (SEM_JSON);MANUAL
2068;PETROBRAS;0001119639;https://www.investidorpetrobras.com.br/resultados-e-comunicados/relatorios-trimestrais;PDF;C:\Users\diego\Downloads\CASE_DESEMPENHO\03_Conteiner\PETROBRAS\2026_2T\Relatório de Produção e Vendas 2T26.pdf;116d15b26dce35e3c495c61a18638f64f6e82c3d7f15a8d3fea23bac2b092701;2026-10-04 20:54:35;PROCESSADO;Relatório de Produção e Vendas 2T26.pdf;.pdf;C:\Users\diego\Downloads\CASE_DESEMPENHO\03_Conteiner\PETROBRAS\2026_2T;SEM (SEM_JSON);MANUAL
2069;PETROBRAS;0001119639;https://www.investidorpetrobras.com.br/resultados-e-comunicados/relatorios-trimestrais;PDF;C:\Users\diego\Downloads\CASE_DESEMPENHO\03_Conteiner\PETROBRAS\2026_2T\Relatório Fiscal 2T26.pdf;6d43be01d377397040f411fb34c926eb2c3f1044de3bcc2a5708dfa66391ce9f;2026-10-04 20:54:35;SEM_DADOS;Relatório Fiscal 2T26.pdf;.pdf;C:\Users\diego\Downloads\CASE_DESEMPENHO\03_Conteiner\PETROBRAS\2026_2T;SEM (SEM_JSON);MANUAL
2070;PETROBRAS;0001119639;https://www.investidorpetrobras.com.br/resultados-e-comunicados/relatorios-trimestrais;XLSX;C:\Users\diego\Downloads\CASE_DESEMPENHO\03_Conteiner\PETROBRAS\2026_2T\Resultados 2T26  - Tabela em Excel R$.xlsx;aa0385ce97e1d2f7f858ac8f7902a180e6bc310a76646ca20b3f1c53fd37aeb2;2026-10-04 20:54:35;SEM_DADOS;Resultados 2T26  - Tabela em Excel R$.xlsx;.xlsx;C:\Users\diego\Downloads\CASE_DESEMPENHO\03_Conteiner\PETROBRAS\2026_2T;SEM (SEM_JSON);MANUAL
2071;PETROBRAS;0001119639;https://www.investidorpetrobras.com.br/resultados-e-comunicados/relatorios-trimestrais;PDF;C:\Users\diego\Downloads\CASE_DESEMPENHO\03_Conteiner\PETROBRAS\2026_2T\Transcrição Webcast 2T26.pdf;4c59e8d8a51ba198fc5081eb1d26169ece10ccc38a0dcd87c1395422e13b45dd;2026-10-04 20:54:35;NAO_PROCESSADO;Transcrição Webcast 2T26.pdf;.pdf;C:\Users\diego\Downloads\CASE_DESEMPENHO\03_Conteiner\PETROBRAS\2026_2T;SEM (SEM_JSON);MANUAL
2072;SHELL;0001306965;https://www.shell.com/investors/results-and-reporting/quarterly-results.html;PDF;C:\Users\diego\Downloads\CASE_DESEMPENHO\03_Conteiner\SHELL\2025_4T\q4-2025-qra-document.pdf;86976d54c17bdd2f9407abf04c4aa38b6312ef6cde2040764f83313ae574dfc1;2026-10-04 20:54:35;SEM_DADOS;q4-2025-qra-document.pdf;.pdf;C:\Users\diego\Downloads\CASE_DESEMPENHO\03_Conteiner\SHELL\2025_4T;https://investidor10.com.br/stocks/shel/;MANUAL
2073;SHELL;0001306965;https://www.shell.com/investors/results-and-reporting/quarterly-results.html;XLSX;C:\Users\diego\Downloads\CASE_DESEMPENHO\03_Conteiner\SHELL\2025_4T\q4-2025-quarterly-databook.xlsx;3e17753ec4960d63419627588d8230b4c14e67e74ec804fd00a049880ecf19ec;2026-10-04 20:54:35;PROCESSADO;q4-2025-quarterly-databook.xlsx;.xlsx;C:\Users\diego\Downloads\CASE_DESEMPENHO\03_Conteiner\SHELL\2025_4T;https://investidor10.com.br/stocks/shel/;MANUAL
2074;SHELL;0001306965;https://www.shell.com/investors/results-and-reporting/quarterly-results.html;PDF;C:\Users\diego\Downloads\CASE_DESEMPENHO\03_Conteiner\SHELL\2025_4T\q4-2025-quarterly-press-release.pdf;f3bce2ef8b7a69a113d5b6882d0cc71d86a7643d19e64b21eb08e56f993875f6;2026-10-04 20:54:35;PROCESSADO;q4-2025-quarterly-press-release.pdf;.pdf;C:\Users\diego\Downloads\CASE_DESEMPENHO\03_Conteiner\SHELL\2025_4T;https://investidor10.com.br/stocks/shel/;MANUAL
2075;SHELL;0001306965;https://www.shell.com/investors/results-and-reporting/quarterly-results.html;PDF;C:\Users\diego\Downloads\CASE_DESEMPENHO\03_Conteiner\SHELL\2025_4T\q4-2025-slides-with-accessibility.pdf;322b5e2896bebc21584b241126d7d5d5831f86d7f4a4c83a9b19bf6b0a72c990;2026-10-04 20:54:35;NAO_PROCESSADO;q4-2025-slides-with-accessibility.pdf;.pdf;C:\Users\diego\Downloads\CASE_DESEMPENHO\03_Conteiner\SHELL\2025_4T;https://investidor10.com.br/stocks/shel/;MANUAL
2076;SHELL;0001306965;https://www.shell.com/investors/results-and-reporting/quarterly-results.html;PDF;C:\Users\diego\Downloads\CASE_DESEMPENHO\03_Conteiner\SHELL\2025_4T\q4-2025-slides.pdf;93d42b854b97f7003124c0b70a2c66eb1c048d12e7a0f519bd7c4699c5f6fa32;2026-10-04 20:54:35;NAO_PROCESSADO;q4-2025-slides.pdf;.pdf;C:\Users\diego\Downloads\CASE_DESEMPENHO\03_Conteiner\SHELL\2025_4T;https://investidor10.com.br/stocks/shel/;MANUAL
2077;SHELL;0001306965;https://www.shell.com/investors/results-and-reporting/quarterly-results.html;PDF;C:\Users\diego\Downloads\CASE_DESEMPENHO\03_Conteiner\SHELL\2025_4T\q4-2025-speech-transcript.pdf;db2c8ae26b7f85d747fe57f6f7b3dd37b770ed2f77d4a407e6def657481214e2;2026-10-04 20:54:36;NAO_PROCESSADO;q4-2025-speech-transcript.pdf;.pdf;C:\Users\diego\Downloads\CASE_DESEMPENHO\03_Conteiner\SHELL\2025_4T;https://investidor10.com.br/stocks/shel/;MANUAL
2078;SHELL;0001306965;https://www.shell.com/investors/results-and-reporting/quarterly-results.html;PDF;C:\Users\diego\Downloads\CASE_DESEMPENHO\03_Conteiner\SHELL\2026_1T\q1-2026-qra-document.pdf;a7647f5995c2a48363d504f28667be0120e3336af0de688a77dcf3a958dc6cd8;2026-10-04 20:54:36;SEM_DADOS;q1-2026-qra-document.pdf;.pdf;C:\Users\diego\Downloads\CASE_DESEMPENHO\03_Conteiner\SHELL\2026_1T;https://investidor10.com.br/stocks/shel/;MANUAL
2079;SHELL;0001306965;https://www.shell.com/investors/results-and-reporting/quarterly-results.html;XLSX;C:\Users\diego\Downloads\CASE_DESEMPENHO\03_Conteiner\SHELL\2026_1T\q1-2026-quarterly-databook.xlsx;f5fbb7adeb1bf733ecc96f75fe0bbe6426f04f36361c633183c23e8d5d054aa4;2026-10-04 20:54:36;PROCESSADO;q1-2026-quarterly-databook.xlsx;.xlsx;C:\Users\diego\Downloads\CASE_DESEMPENHO\03_Conteiner\SHELL\2026_1T;https://investidor10.com.br/stocks/shel/;MANUAL
2080;SHELL;0001306965;https://www.shell.com/investors/results-and-reporting/quarterly-results.html;PDF;C:\Users\diego\Downloads\CASE_DESEMPENHO\03_Conteiner\SHELL\2026_1T\q1-2026-quarterly-press-release.pdf;e34723cc794129f090b2e902c04275f7659640ff64aaf0efe151452297a7f363;2026-10-04 20:54:36;PROCESSADO;q1-2026-quarterly-press-release.pdf;.pdf;C:\Users\diego\Downloads\CASE_DESEMPENHO\03_Conteiner\SHELL\2026_1T;https://investidor10.com.br/stocks/shel/;MANUAL
2081;SHELL;0001306965;https://www.shell.com/investors/results-and-reporting/quarterly-results.html;PDF;C:\Users\diego\Downloads\CASE_DESEMPENHO\03_Conteiner\SHELL\2026_1T\q1-2026-slides-accessibility-version.pdf;11573e482e7843e1aa1abe84f2ec04d42edba871e3d8bafd3c1894dae7cab60d;2026-10-04 20:54:36;NAO_PROCESSADO;q1-2026-slides-accessibility-version.pdf;.pdf;C:\Users\diego\Downloads\CASE_DESEMPENHO\03_Conteiner\SHELL\2026_1T;https://investidor10.com.br/stocks/shel/;MANUAL
2082;SHELL;0001306965;https://www.shell.com/investors/results-and-reporting/quarterly-results.html;PDF;C:\Users\diego\Downloads\CASE_DESEMPENHO\03_Conteiner\SHELL\2026_1T\q1-2026-slides.pdf;6020f48f8b723844b03238abc59ae042d72bc13140fc9922860ea08e9ff45e9c;2026-10-04 20:54:36;NAO_PROCESSADO;q1-2026-slides.pdf;.pdf;C:\Users\diego\Downloads\CASE_DESEMPENHO\03_Conteiner\SHELL\2026_1T;https://investidor10.com.br/stocks/shel/;MANUAL
2083;SHELL;0001306965;https://www.shell.com/investors/results-and-reporting/quarterly-results.html;PDF;C:\Users\diego\Downloads\CASE_DESEMPENHO\03_Conteiner\SHELL\2026_1T\q1-2026-speech-transcript.pdf;249ab800863156b53a9aeb0492518297ac2f12e1982c8882a9a8e10866db6049;2026-10-04 20:54:36;NAO_PROCESSADO;q1-2026-speech-transcript.pdf;.pdf;C:\Users\diego\Downloads\CASE_DESEMPENHO\03_Conteiner\SHELL\2026_1T;https://investidor10.com.br/stocks/shel/;MANUAL
2084;SHELL;0001306965;https://www.shell.com/investors/results-and-reporting/quarterly-results.html;PDF;C:\Users\diego\Downloads\CASE_DESEMPENHO\03_Conteiner\SHELL\2026_2T\q2-2026-qra-document.pdf;102fb8a83376054d3b4f936744d0476c0f8629c84222482f7f7da0bdeb4b4a75;2026-10-04 20:54:36;SEM_DADOS;q2-2026-qra-document.pdf;.pdf;C:\Users\diego\Downloads\CASE_DESEMPENHO\03_Conteiner\SHELL\2026_2T;https://investidor10.com.br/stocks/shel/;MANUAL
2085;SHELL;0001306965;https://www.shell.com/investors/results-and-reporting/quarterly-results.html;XLSX;C:\Users\diego\Downloads\CASE_DESEMPENHO\03_Conteiner\SHELL\2026_2T\q2-2026-quarterly-databook.xlsx;af37add3d5a988b5c106596820a07e39fbc4bc2b6c1fb1b1224dfa1ed7e4980f;2026-10-04 20:54:36;PROCESSADO;q2-2026-quarterly-databook.xlsx;.xlsx;C:\Users\diego\Downloads\CASE_DESEMPENHO\03_Conteiner\SHELL\2026_2T;https://investidor10.com.br/stocks/shel/;MANUAL
2086;SHELL;0001306965;https://www.shell.com/investors/results-and-reporting/quarterly-results.html;PDF;C:\Users\diego\Downloads\CASE_DESEMPENHO\03_Conteiner\SHELL\2026_2T\q2-2026-quarterly-press-release.pdf;9dbf8236746dcb3ef82b20aa2f1b4df3a779ba3c083df0b881f2c4dfad0ba2be;2026-10-04 20:54:36;PROCESSADO;q2-2026-quarterly-press-release.pdf;.pdf;C:\Users\diego\Downloads\CASE_DESEMPENHO\03_Conteiner\SHELL\2026_2T;https://investidor10.com.br/stocks/shel/;MANUAL
2087;SHELL;0001306965;https://www.shell.com/investors/results-and-reporting/quarterly-results.html;PDF;C:\Users\diego\Downloads\CASE_DESEMPENHO\03_Conteiner\SHELL\2026_2T\q2-2026-slides-accessibility version.pdf;32e38a8ed8ff887ebf19a0716aeae467f08f56c9fb56b9f0451901cff5e25112;2026-10-04 20:54:36;NAO_PROCESSADO;q2-2026-slides-accessibility version.pdf;.pdf;C:\Users\diego\Downloads\CASE_DESEMPENHO\03_Conteiner\SHELL\2026_2T;https://investidor10.com.br/stocks/shel/;MANUAL
2088;SHELL;0001306965;https://www.shell.com/investors/results-and-reporting/quarterly-results.html;PDF;C:\Users\diego\Downloads\CASE_DESEMPENHO\03_Conteiner\SHELL\2026_2T\q2-2026-slides.pdf;1cb1bdeee639dca2f7ab08b8502aab4a5fb2b6dd0c1b09219906eb4a963acdc2;2026-10-04 20:54:36;NAO_PROCESSADO;q2-2026-slides.pdf;.pdf;C:\Users\diego\Downloads\CASE_DESEMPENHO\03_Conteiner\SHELL\2026_2T;https://investidor10.com.br/stocks/shel/;MANUAL
2089;SHELL;0001306965;https://www.shell.com/investors/results-and-reporting/quarterly-results.html;PDF;C:\Users\diego\Downloads\CASE_DESEMPENHO\03_Conteiner\SHELL\2026_2T\q2-2026-speech-transcript.pdf;e50c467bbf81d99b51048ab97fe80d9f91c963c8df8ae9413d6317c76881904c;2026-10-04 20:54:36;NAO_PROCESSADO;q2-2026-speech-transcript.pdf;.pdf;C:\Users\diego\Downloads\CASE_DESEMPENHO\03_Conteiner\SHELL\2026_2T;https://investidor10.com.br/stocks/shel/;MANUAL
2090;TOTALENERGIES;0000879764;https://totalenergies.com/investors/results;PDF;C:\Users\diego\Downloads\CASE_DESEMPENHO\03_Conteiner\TOTALENERGIES\2025_4T\totalenergies_2025-results-2026-objectives-transcript_2026_en.pdf;d694acf6e7ff778a0c14cc459d211cb00d3732be39f79a3f12fcf5a1ae8ef9f2;2026-10-04 20:54:36;NAO_PROCESSADO;totalenergies_2025-results-2026-objectives-transcript_2026_en.pdf;.pdf;C:\Users\diego\Downloads\CASE_DESEMPENHO\03_Conteiner\TOTALENERGIES\2025_4T;https://investidor10.com.br/stocks/tte/;MANUAL
2091;TOTALENERGIES;0000879764;https://totalenergies.com/investors/results;PDF;C:\Users\diego\Downloads\CASE_DESEMPENHO\03_Conteiner\TOTALENERGIES\2025_4T\totalenergies_2025-results-and-2026-objectives-presentation_2026_en.pdf;35ebf02e36af91c9b1a904e3f04b994425b86c15b004192e5f64bfa20e5737b6;2026-10-04 20:54:36;NAO_PROCESSADO;totalenergies_2025-results-and-2026-objectives-presentation_2026_en.pdf;.pdf;C:\Users\diego\Downloads\CASE_DESEMPENHO\03_Conteiner\TOTALENERGIES\2025_4T;https://investidor10.com.br/stocks/tte/;MANUAL
2092;TOTALENERGIES;0000879764;https://totalenergies.com/investors/results;PDF;C:\Users\diego\Downloads\CASE_DESEMPENHO\03_Conteiner\TOTALENERGIES\2025_4T\totalenergies_accounts-q4-2025_2026_en.pdf;979d28a69ee470cf974641aacbdb5698b813b1be9df5b5537187984265ab0a5a;2026-10-04 20:54:36;SEM_DADOS;totalenergies_accounts-q4-2025_2026_en.pdf;.pdf;C:\Users\diego\Downloads\CASE_DESEMPENHO\03_Conteiner\TOTALENERGIES\2025_4T;https://investidor10.com.br/stocks/tte/;MANUAL
2093;TOTALENERGIES;0000879764;https://totalenergies.com/investors/results;XLSX;C:\Users\diego\Downloads\CASE_DESEMPENHO\03_Conteiner\TOTALENERGIES\2025_4T\totalenergies_databook-q4-2025_2026_en.xlsx;344a7731e7ed383712269925cd192d4be0535009ccb873663af35cf15d0d8b24;2026-10-04 20:54:37;PROCESSADO;totalenergies_databook-q4-2025_2026_en.xlsx;.xlsx;C:\Users\diego\Downloads\CASE_DESEMPENHO\03_Conteiner\TOTALENERGIES\2025_4T;https://investidor10.com.br/stocks/tte/;MANUAL
2094;TOTALENERGIES;0000879764;https://totalenergies.com/investors/results;PDF;C:\Users\diego\Downloads\CASE_DESEMPENHO\03_Conteiner\TOTALENERGIES\2025_4T\totalenergies_dividend-4Q25_2026_en.pdf;793e9d2a59d88c78ef83e4b4065e4e0e22b78493fae2fd7710890fb0ca3ff870;2026-10-04 20:54:37;SEM_DADOS;totalenergies_dividend-4Q25_2026_en.pdf;.pdf;C:\Users\diego\Downloads\CASE_DESEMPENHO\03_Conteiner\TOTALENERGIES\2025_4T;https://investidor10.com.br/stocks/tte/;MANUAL
2095;TOTALENERGIES;0000879764;https://totalenergies.com/investors/results;PDF;C:\Users\diego\Downloads\CASE_DESEMPENHO\03_Conteiner\TOTALENERGIES\2025_4T\totalenergies_pr-results-q4-2025_2026_en.pdf;e339b5d433a3a525de66b7465354a918f914bbd254fcbb0e0450937fc88473a7;2026-10-04 20:54:37;SEM_DADOS;totalenergies_pr-results-q4-2025_2026_en.pdf;.pdf;C:\Users\diego\Downloads\CASE_DESEMPENHO\03_Conteiner\TOTALENERGIES\2025_4T;https://investidor10.com.br/stocks/tte/;MANUAL
2096;TOTALENERGIES;0000879764;https://totalenergies.com/investors/results;PDF;C:\Users\diego\Downloads\CASE_DESEMPENHO\03_Conteiner\TOTALENERGIES\2026_1T\totalenergies_1q26-consolidated-statement-of-income_2026.pdf;3b2817f86080c5e79ea30cd42b349c7f663fa96f245a3ccc99ea177556f7b2c9;2026-10-04 20:54:37;SEM_DADOS;totalenergies_1q26-consolidated-statement-of-income_2026.pdf;.pdf;C:\Users\diego\Downloads\CASE_DESEMPENHO\03_Conteiner\TOTALENERGIES\2026_1T;https://investidor10.com.br/stocks/tte/;MANUAL
2097;TOTALENERGIES;0000879764;https://totalenergies.com/investors/results;PDF;C:\Users\diego\Downloads\CASE_DESEMPENHO\03_Conteiner\TOTALENERGIES\2026_1T\totalenergies_1q26-notes-to-the-consolidated-financial-statements_2026.pdf;82ea7b522f361c42937f8f8a13eda893c7fb29cf411fa68f872dccbb740c237e;2026-10-04 20:54:37;SEM_DADOS;totalenergies_1q26-notes-to-the-consolidated-financial-statements_2026.pdf;.pdf;C:\Users\diego\Downloads\CASE_DESEMPENHO\03_Conteiner\TOTALENERGIES\2026_1T;https://investidor10.com.br/stocks/tte/;MANUAL
2098;TOTALENERGIES;0000879764;https://totalenergies.com/investors/results;XLSX;C:\Users\diego\Downloads\CASE_DESEMPENHO\03_Conteiner\TOTALENERGIES\2026_1T\totalenergies_1q26-results-databook_2026.xlsx;b805cbaa2a15efb69c79af5811010cdc064b01afb8375989e1cda7a20b363b3b;2026-10-04 20:54:37;PROCESSADO;totalenergies_1q26-results-databook_2026.xlsx;.xlsx;C:\Users\diego\Downloads\CASE_DESEMPENHO\03_Conteiner\TOTALENERGIES\2026_1T;https://investidor10.com.br/stocks/tte/;MANUAL
2099;TOTALENERGIES;0000879764;https://totalenergies.com/investors/results;PDF;C:\Users\diego\Downloads\CASE_DESEMPENHO\03_Conteiner\TOTALENERGIES\2026_1T\totalenergies_1q26-results-press-release_2026.pdf;eb476f097d6722cc743c96ae5c8fc89ce770e0e61c5ea2d84f1b05306451d1e1;2026-10-04 20:54:37;SEM_DADOS;totalenergies_1q26-results-press-release_2026.pdf;.pdf;C:\Users\diego\Downloads\CASE_DESEMPENHO\03_Conteiner\TOTALENERGIES\2026_1T;https://investidor10.com.br/stocks/tte/;MANUAL
2100;TOTALENERGIES;0000879764;https://totalenergies.com/investors/results;PDF;C:\Users\diego\Downloads\CASE_DESEMPENHO\03_Conteiner\TOTALENERGIES\2026_1T\totalenergies_pr-dividend-1Q26_2026_en.pdf;d168afa6b48a1dfd5d24f65c7c02770b7edda11e662494475128e1646d3b33f5;2026-10-04 20:54:37;SEM_DADOS;totalenergies_pr-dividend-1Q26_2026_en.pdf;.pdf;C:\Users\diego\Downloads\CASE_DESEMPENHO\03_Conteiner\TOTALENERGIES\2026_1T;https://investidor10.com.br/stocks/tte/;MANUAL
2101;TOTALENERGIES;0000879764;https://totalenergies.com/investors/results;PDF;C:\Users\diego\Downloads\CASE_DESEMPENHO\03_Conteiner\TOTALENERGIES\2026_1T\totalEnergies_q1-2026-results-transcript_2026_en.pdf;e3ad6bd78a39dfdee84723f84eb100a76568e59e5505dae94889a9d710f6dc80;2026-10-04 20:54:37;NAO_PROCESSADO;totalEnergies_q1-2026-results-transcript_2026_en.pdf;.pdf;C:\Users\diego\Downloads\CASE_DESEMPENHO\03_Conteiner\TOTALENERGIES\2026_1T;https://investidor10.com.br/stocks/tte/;MANUAL
2102;TOTALENERGIES;0000879764;https://totalenergies.com/investors/results;PDF;C:\Users\diego\Downloads\CASE_DESEMPENHO\03_Conteiner\TOTALENERGIES\2026_2T\totalenergies_2q26-results-transcript_2026.pdf;ea0620a68dfb3246487d8703d520d2c51411c26b8ce0d8d8bd6ab7098a0c2629;2026-10-04 20:54:37;NAO_PROCESSADO;totalenergies_2q26-results-transcript_2026.pdf;.pdf;C:\Users\diego\Downloads\CASE_DESEMPENHO\03_Conteiner\TOTALENERGIES\2026_2T;https://investidor10.com.br/stocks/tte/;MANUAL
2103;TOTALENERGIES;0000879764;https://totalenergies.com/investors/results;PDF;C:\Users\diego\Downloads\CASE_DESEMPENHO\03_Conteiner\TOTALENERGIES\2026_2T\totalenergies_accounts-results-2q26_2026_en.pdf;4968ae9972738558aa8e894caa24ade305c75bba731f3f2b0a19f8b7d8e5bc30;2026-10-04 20:54:37;SEM_DADOS;totalenergies_accounts-results-2q26_2026_en.pdf;.pdf;C:\Users\diego\Downloads\CASE_DESEMPENHO\03_Conteiner\TOTALENERGIES\2026_2T;https://investidor10.com.br/stocks/tte/;MANUAL
2104;TOTALENERGIES;0000879764;https://totalenergies.com/investors/results;XLSX;C:\Users\diego\Downloads\CASE_DESEMPENHO\03_Conteiner\TOTALENERGIES\2026_2T\totalenergies_databook-results-2q26_2026_en.xlsx;1b949ba47dcef27baec7ba789e19d94286219525a5c3838ba299a0e3b5131704;2026-10-04 20:54:37;PROCESSADO;totalenergies_databook-results-2q26_2026_en.xlsx;.xlsx;C:\Users\diego\Downloads\CASE_DESEMPENHO\03_Conteiner\TOTALENERGIES\2026_2T;https://investidor10.com.br/stocks/tte/;MANUAL
2105;TOTALENERGIES;0000879764;https://totalenergies.com/investors/results;PDF;C:\Users\diego\Downloads\CASE_DESEMPENHO\03_Conteiner\TOTALENERGIES\2026_2T\totalenergies_half-year-financial-report_2026_en.pdf;902ab4d61e5b6fe69cdf852147a3dcc70ef27a4d95c350854e3bf23b1957470a;2026-10-04 20:54:37;SEM_DADOS;totalenergies_half-year-financial-report_2026_en.pdf;.pdf;C:\Users\diego\Downloads\CASE_DESEMPENHO\03_Conteiner\TOTALENERGIES\2026_2T;https://investidor10.com.br/stocks/tte/;MANUAL
2106;TOTALENERGIES;0000879764;https://totalenergies.com/investors/results;PDF;C:\Users\diego\Downloads\CASE_DESEMPENHO\03_Conteiner\TOTALENERGIES\2026_2T\totalenergies_pr-dividend-2Q26_2026_en.pdf;29f523e0e77c769c0d3a89973f9a1fc6bc259395345afebaac0530bd29f0237b;2026-10-04 20:54:37;SEM_DADOS;totalenergies_pr-dividend-2Q26_2026_en.pdf;.pdf;C:\Users\diego\Downloads\CASE_DESEMPENHO\03_Conteiner\TOTALENERGIES\2026_2T;https://investidor10.com.br/stocks/tte/;MANUAL
2107;TOTALENERGIES;0000879764;https://totalenergies.com/investors/results;PDF;C:\Users\diego\Downloads\CASE_DESEMPENHO\03_Conteiner\TOTALENERGIES\2026_2T\totalenergies_pr-results-2q26_2026_en.pdf;05cad9780fd9fb98d6f8cfd5801bde73ceca3bea76acda548be709be0c7213b1;2026-10-04 20:54:37;SEM_DADOS;totalenergies_pr-results-2q26_2026_en.pdf;.pdf;C:\Users\diego\Downloads\CASE_DESEMPENHO\03_Conteiner\TOTALENERGIES\2026_2T;https://investidor10.com.br/stocks/tte/;MANUAL
2108;PETROBRAS;0001119639;https://www.sec.gov/Archives/edgar/data/1119639/000129281425001352/pbrform20f_2024.htm;DOC;;;2026-10-04 20:56:48;PROCESSADO;pbrform20f_2024.htm;.doc;;SEM (SEM_JSON);MANUAL
2109;SHELL;0001306965;https://www.shell.no/media/reports/shell-annual-report-2024.pdf;DOC;;;2026-10-04 20:56:48;PROCESSADO;shell-annual-report-2024.pdf;.doc;;https://investidor10.com.br/stocks/shel/;MANUAL
2110;BP;0000313807;https://cdn.prod.nntech.io/company-events/reports/5e65aa6b-62fd-3f00-bce9-4828e161bf24/report.pdf;DOC;;;2026-10-04 20:56:48;PROCESSADO;report.pdf;.doc;;https://investidor10.com.br/stocks/bp/;MANUAL
2111;CHEVRON;0000093410;https://www.chevron.com/-/media/shared-media/documents/2024-chevron-annual-report-supplement.pdf;DOC;;;2026-10-04 20:56:48;PROCESSADO;2024-chevron-annual-report-supplement.pdf;.doc;;https://investidor10.com.br/stocks/cvx/;MANUAL
2112;CHEVRON;0000093410;https://www.chevron.com/-/media/shared-media/documents/2025-chevron-annual-report-supplement.pdf;DOC;;;2026-10-04 20:56:48;PROCESSADO;2025-chevron-annual-report-supplement.pdf;.doc;;https://investidor10.com.br/stocks/cvx/;MANUAL
2113;EXXONMOBIL;0000034088;https://investor.exxonmobil.com/sec-filings/annual-reports/content/0001193125-25-073990/0001193125-25-073990.pdf;DOC;;;2026-10-04 20:56:48;PROCESSADO;0001193125-25-073990.pdf;.doc;;https://investidor10.com.br/stocks/xom/;MANUAL
2114;TOTALENERGIES;0000879764;https://totalenergies.com/system/files/documents/totalenergies_universal-registration-document-2025_2026_en.pdf;DOC;;;2026-10-04 20:56:48;PROCESSADO;totalenergies_universal-registration-document-2025_2026_en.pdf;.doc;;https://investidor10.com.br/stocks/tte/;MANUAL
2115;EQUINOR;0001140625;https://www.equinor.com/investors/annual-report-2024;DOC;;;2026-10-04 20:56:49;PROCESSADO;annual-report-2024;.doc;;https://investidor10.com.br/stocks/eqnr/;MANUAL
2116;PETROBRAS;0001119639;https://data.sec.gov/api/xbrl/companyfacts/CIK0001119639.json;JSON;;;2026-10-04 20:56:53;PROCESSADO;CIK0001119639.json;.json;;SEM (SEM_JSON);MANUAL
2117;SHELL;0001306965;https://data.sec.gov/api/xbrl/companyfacts/CIK0001306965.json;JSON;;;2026-10-04 20:56:54;PROCESSADO;CIK0001306965.json;.json;;https://investidor10.com.br/stocks/shel/;MANUAL
2118;BP;0000313807;https://data.sec.gov/api/xbrl/companyfacts/CIK0000313807.json;JSON;;;2026-10-04 20:56:54;PROCESSADO;CIK0000313807.json;.json;;https://investidor10.com.br/stocks/bp/;MANUAL
2119;CHEVRON;0000093410;https://data.sec.gov/api/xbrl/companyfacts/CIK0000093410.json;JSON;;;2026-10-04 20:56:55;PROCESSADO;CIK0000093410.json;.json;;https://investidor10.com.br/stocks/cvx/;MANUAL
2120;EXXONMOBIL;0000034088;https://data.sec.gov/api/xbrl/companyfacts/CIK0000034088.json;JSON;;;2026-10-04 20:56:56;PROCESSADO;CIK0000034088.json;.json;;https://investidor10.com.br/stocks/xom/;MANUAL
2121;TOTALENERGIES;0000879764;https://data.sec.gov/api/xbrl/companyfacts/CIK0000879764.json;JSON;;;2026-10-04 20:56:57;PROCESSADO;CIK0000879764.json;.json;;https://investidor10.com.br/stocks/tte/;MANUAL
2122;EQUINOR;0001140625;https://data.sec.gov/api/xbrl/companyfacts/CIK0001140625.json;JSON;;;2026-10-04 20:56:57;PROCESSADO;CIK0001140625.json;.json;;https://investidor10.com.br/stocks/eqnr/;MANUAL
2123;TOTALENERGIES;0000879764;https://totalenergies.com/system/files/documents/totalenergies_sustainability-climate-2026-progress-report_2026_en.pdf;PDF;;;2026-10-04 20:57:06;DESCOBERTO;totalenergies_sustainability-climate-2026-progress-report_2026_en.pdf;.pdf;;https://investidor10.com.br/stocks/tte/;MANUAL
2124;TOTALENERGIES;0000879764;https://totalenergies.com/system/files/documents/totalenergies_pr-results-2q26_2026_en.pdf;PDF;;;2026-10-04 20:57:06;DESCOBERTO;totalenergies_pr-results-2q26_2026_en.pdf;.pdf;;https://investidor10.com.br/stocks/tte/;MANUAL
2125;TOTALENERGIES;0000879764;https://totalenergies.com/system/files/documents/totalenergies_accounts-results-2q26_2026_en.pdf;PDF;;;2026-10-04 20:57:06;DESCOBERTO;totalenergies_accounts-results-2q26_2026_en.pdf;.pdf;;https://investidor10.com.br/stocks/tte/;MANUAL
2126;TOTALENERGIES;0000879764;https://totalenergies.com/system/files/documents/totalenergies_databook-results-2q26_2026_en.xlsx;XLSX;;;2026-10-04 20:57:06;DESCOBERTO;totalenergies_databook-results-2q26_2026_en.xlsx;.xlsx;;https://investidor10.com.br/stocks/tte/;MANUAL
2127;TOTALENERGIES;0000879764;https://totalenergies.com/system/files/documents/totalenergies_pr-dividend-2Q26_2026_en.pdf;PDF;;;2026-10-04 20:57:06;DESCOBERTO;totalenergies_pr-dividend-2Q26_2026_en.pdf;.pdf;;https://investidor10.com.br/stocks/tte/;MANUAL
2128;TOTALENERGIES;0000879764;https://totalenergies.com/system/files/documents/totalenergies_half-year-financial-report_2026_en.pdf;PDF;;;2026-10-04 20:57:06;DESCOBERTO;totalenergies_half-year-financial-report_2026_en.pdf;.pdf;;https://investidor10.com.br/stocks/tte/;MANUAL
2129;TOTALENERGIES;0000879764;https://totalenergies.com/sites/g/files/nytnzq121/files/documents/totalenergies_2q26-results-transcript_2026.pdf;PDF;;;2026-10-04 20:57:06;DESCOBERTO;totalenergies_2q26-results-transcript_2026.pdf;.pdf;;https://investidor10.com.br/stocks/tte/;MANUAL
2130;TOTALENERGIES;0000879764;https://totalenergies.com/system/files/documents/totalenergies_1q26-results-press-release_2026.pdf;PDF;;;2026-10-04 20:57:06;DESCOBERTO;totalenergies_1q26-results-press-release_2026.pdf;.pdf;;https://investidor10.com.br/stocks/tte/;MANUAL
2131;TOTALENERGIES;0000879764;https://totalenergies.com/system/files/documents/totalenergies_1q26-consolidated-statement-of-income_2026.pdf;PDF;;;2026-10-04 20:57:06;DESCOBERTO;totalenergies_1q26-consolidated-statement-of-income_2026.pdf;.pdf;;https://investidor10.com.br/stocks/tte/;MANUAL
2132;TOTALENERGIES;0000879764;https://totalenergies.com/system/files/documents/totalenergies_1q26-notes-to-the-consolidated-financial-statements_2026.pdf;PDF;;;2026-10-04 20:57:07;DESCOBERTO;totalenergies_1q26-notes-to-the-consolidated-financial-statements_2026.pdf;.pdf;;https://investidor10.com.br/stocks/tte/;MANUAL
2133;TOTALENERGIES;0000879764;https://totalenergies.com/system/files/documents/totalenergies_1q26-results-databook_2026.xlsx;XLSX;;;2026-10-04 20:57:07;DESCOBERTO;totalenergies_1q26-results-databook_2026.xlsx;.xlsx;;https://investidor10.com.br/stocks/tte/;MANUAL
2134;TOTALENERGIES;0000879764;https://totalenergies.com/system/files/documents/totalenergies_pr-dividend-1Q26_2026_en.pdf;PDF;;;2026-10-04 20:57:07;DESCOBERTO;totalenergies_pr-dividend-1Q26_2026_en.pdf;.pdf;;https://investidor10.com.br/stocks/tte/;MANUAL
2135;TOTALENERGIES;0000879764;https://totalenergies.com/sites/g/files/nytnzq121/files/documents/totalEnergies_q1-2026-results-transcript_2026_en.pdf;PDF;;;2026-10-04 20:57:07;DESCOBERTO;totalEnergies_q1-2026-results-transcript_2026_en.pdf;.pdf;;https://investidor10.com.br/stocks/tte/;MANUAL
2136;TOTALENERGIES;0000879764;https://totalenergies.com/system/files/documents/totalenergies_pr-results-q4-2025_2026_en.pdf;PDF;;;2026-10-04 20:57:07;DESCOBERTO;totalenergies_pr-results-q4-2025_2026_en.pdf;.pdf;;https://investidor10.com.br/stocks/tte/;MANUAL
2137;TOTALENERGIES;0000879764;https://totalenergies.com/system/files/documents/totalenergies_accounts-q4-2025_2026_en.pdf;PDF;;;2026-10-04 20:57:07;DESCOBERTO;totalenergies_accounts-q4-2025_2026_en.pdf;.pdf;;https://investidor10.com.br/stocks/tte/;MANUAL
2138;TOTALENERGIES;0000879764;https://totalenergies.com/system/files/documents/totalenergies_databook-q4-2025_2026_en.xlsx;XLSX;;;2026-10-04 20:57:07;DESCOBERTO;totalenergies_databook-q4-2025_2026_en.xlsx;.xlsx;;https://investidor10.com.br/stocks/tte/;MANUAL
2139;TOTALENERGIES;0000879764;https://totalenergies.com/system/files/documents/totalenergies_dividend-4Q25_2026_en.pdf;PDF;;;2026-10-04 20:57:07;DESCOBERTO;totalenergies_dividend-4Q25_2026_en.pdf;.pdf;;https://investidor10.com.br/stocks/tte/;MANUAL
2140;TOTALENERGIES;0000879764;https://totalenergies.com/sites/g/files/nytnzq121/files/documents/totalenergies_2025-results-and-2026-objectives-presentation_2026_en.pdf;PDF;;;2026-10-04 20:57:07;DESCOBERTO;totalenergies_2025-results-and-2026-objectives-presentation_2026_en.pdf;.pdf;;https://investidor10.com.br/stocks/tte/;MANUAL
2141;TOTALENERGIES;0000879764;https://totalenergies.com/sites/g/files/nytnzq121/files/documents/totalenergies_2025-results-2026-objectives-transcript_2026_en.pdf;PDF;;;2026-10-04 20:57:07;DESCOBERTO;totalenergies_2025-results-2026-objectives-transcript_2026_en.pdf;.pdf;;https://investidor10.com.br/stocks/tte/;MANUAL
2142;TOTALENERGIES;0000879764;https://totalenergies.com/system/files/documents/totalenergies_pr-results-3q25_2025_en.pdf;PDF;;;2026-10-04 20:57:07;DESCOBERTO;totalenergies_pr-results-3q25_2025_en.pdf;.pdf;;https://investidor10.com.br/stocks/tte/;MANUAL
2143;TOTALENERGIES;0000879764;https://totalenergies.com/system/files/documents/totalenergies_3q25-accounts_2025_en.pdf;PDF;;;2026-10-04 20:57:07;DESCOBERTO;totalenergies_3q25-accounts_2025_en.pdf;.pdf;;https://investidor10.com.br/stocks/tte/;MANUAL
2144;TOTALENERGIES;0000879764;https://totalenergies.com/system/files/documents/totalenergies_3q25-notes_2025_en.pdf;PDF;;;2026-10-04 20:57:07;DESCOBERTO;totalenergies_3q25-notes_2025_en.pdf;.pdf;;https://investidor10.com.br/stocks/tte/;MANUAL
2145;TOTALENERGIES;0000879764;https://totalenergies.com/system/files/documents/totalenergies_3q25-databook_2025_en.xlsx;XLSX;;;2026-10-04 20:57:07;DESCOBERTO;totalenergies_3q25-databook_2025_en.xlsx;.xlsx;;https://investidor10.com.br/stocks/tte/;MANUAL
2146;TOTALENERGIES;0000879764;https://totalenergies.com/system/files/documents/totalenergies_dividend-3Q25_2025_en.pdf;PDF;;;2026-10-04 20:57:07;DESCOBERTO;totalenergies_dividend-3Q25_2025_en.pdf;.pdf;;https://investidor10.com.br/stocks/tte/;MANUAL
2147;TOTALENERGIES;0000879764;https://totalenergies.com/sites/g/files/nytnzq121/files/documents/totalenergies_3q2025-results-transcript_2025_en.pdf;PDF;;;2026-10-04 20:57:08;DESCOBERTO;totalenergies_3q2025-results-transcript_2025_en.pdf;.pdf;;https://investidor10.com.br/stocks/tte/;MANUAL
2148;TOTALENERGIES;0000879764;https://totalenergies.com/system/files/documents/totalenergies_2Q25-results-press-release_2025_en.pdf;PDF;;;2026-10-04 20:57:08;DESCOBERTO;totalenergies_2Q25-results-press-release_2025_en.pdf;.pdf;;https://investidor10.com.br/stocks/tte/;MANUAL
2149;TOTALENERGIES;0000879764;https://totalenergies.com/system/files/documents/totalenergies_financial-statements-2Q25_2025_en.pdf;PDF;;;2026-10-04 20:57:08;DESCOBERTO;totalenergies_financial-statements-2Q25_2025_en.pdf;.pdf;;https://investidor10.com.br/stocks/tte/;MANUAL
2150;TOTALENERGIES;0000879764;https://totalenergies.com/sites/g/files/nytnzq121/files/documents/totalenergies_databook-2Q25-results_2025_en.xlsx;XLSX;;;2026-10-04 20:57:08;DESCOBERTO;totalenergies_databook-2Q25-results_2025_en.xlsx;.xlsx;;https://investidor10.com.br/stocks/tte/;MANUAL
2151;TOTALENERGIES;0000879764;https://totalenergies.com/system/files/documents/totalenergies_pr-dividend-2Q25_2025_en.pdf;PDF;;;2026-10-04 20:57:08;DESCOBERTO;totalenergies_pr-dividend-2Q25_2025_en.pdf;.pdf;;https://investidor10.com.br/stocks/tte/;MANUAL
2152;TOTALENERGIES;0000879764;https://totalenergies.com/sites/g/files/nytnzq121/files/documents/totalenergies_half-year-financial-report_2025_en.pdf;PDF;;;2026-10-04 20:57:08;DESCOBERTO;totalenergies_half-year-financial-report_2025_en.pdf;.pdf;;https://investidor10.com.br/stocks/tte/;MANUAL
2153;TOTALENERGIES;0000879764;https://totalenergies.com/sites/g/files/nytnzq121/files/documents/totalenergies_2q2025-results-transcript_2025_en.pdf;PDF;;;2026-10-04 20:57:08;DESCOBERTO;totalenergies_2q2025-results-transcript_2025_en.pdf;.pdf;;https://investidor10.com.br/stocks/tte/;MANUAL
2154;TOTALENERGIES;0000879764;https://totalenergies.com/system/files/documents/totalenergies_1q25-results-press-release_2025.pdf;PDF;;;2026-10-04 20:57:08;DESCOBERTO;totalenergies_1q25-results-press-release_2025.pdf;.pdf;;https://investidor10.com.br/stocks/tte/;MANUAL
2155;TOTALENERGIES;0000879764;https://totalenergies.com/system/files/documents/totalenergies_1q25-consolidated-statement-of-income_2025.pdf;PDF;;;2026-10-04 20:57:08;DESCOBERTO;totalenergies_1q25-consolidated-statement-of-income_2025.pdf;.pdf;;https://investidor10.com.br/stocks/tte/;MANUAL
2156;TOTALENERGIES;0000879764;https://totalenergies.com/system/files/documents/totalenergies_1q25-notes-to-the-consolidated-financial-statements_2025.pdf;PDF;;;2026-10-04 20:57:08;DESCOBERTO;totalenergies_1q25-notes-to-the-consolidated-financial-statements_2025.pdf;.pdf;;https://investidor10.com.br/stocks/tte/;MANUAL
2157;TOTALENERGIES;0000879764;https://totalenergies.com/system/files/documents/totalenergies_1q25-results-databook_2025.xlsx;XLSX;;;2026-10-04 20:57:08;DESCOBERTO;totalenergies_1q25-results-databook_2025.xlsx;.xlsx;;https://investidor10.com.br/stocks/tte/;MANUAL
2158;TOTALENERGIES;0000879764;https://totalenergies.com/system/files/documents/totalenergies_PR_1Q25_Dividend_en.pdf;PDF;;;2026-10-04 20:57:08;DESCOBERTO;totalenergies_PR_1Q25_Dividend_en.pdf;.pdf;;https://investidor10.com.br/stocks/tte/;MANUAL
2159;TOTALENERGIES;0000879764;https://totalenergies.com/sites/g/files/nytnzq121/files/documents/totalEnergies_q1-2025-results-transcript_2025_en.pdf;PDF;;;2026-10-04 20:57:08;DESCOBERTO;totalEnergies_q1-2025-results-transcript_2025_en.pdf;.pdf;;https://investidor10.com.br/stocks/tte/;MANUAL
2160;TOTALENERGIES;0000879764;https://totalenergies.com/system/files/documents/totalenergies_pr-results-q4-2024_2025_en.pdf;PDF;;;2026-10-04 20:57:08;DESCOBERTO;totalenergies_pr-results-q4-2024_2025_en.pdf;.pdf;;https://investidor10.com.br/stocks/tte/;MANUAL
2161;TOTALENERGIES;0000879764;https://totalenergies.com/system/files/documents/totalenergies_accounts-q4-2024_2025_en.pdf;PDF;;;2026-10-04 20:57:08;DESCOBERTO;totalenergies_accounts-q4-2024_2025_en.pdf;.pdf;;https://investidor10.com.br/stocks/tte/;MANUAL
2162;TOTALENERGIES;0000879764;https://totalenergies.com/system/files/documents/totalenergies_results-q4-2024_2025_en.xlsx;XLSX;;;2026-10-04 20:57:08;DESCOBERTO;totalenergies_results-q4-2024_2025_en.xlsx;.xlsx;;https://investidor10.com.br/stocks/tte/;MANUAL
2163;TOTALENERGIES;0000879764;https://totalenergies.com/system/files/documents/totalenergies_PR_4Q24_Dividend_en.pdf;PDF;;;2026-10-04 20:57:08;DESCOBERTO;totalenergies_PR_4Q24_Dividend_en.pdf;.pdf;;https://investidor10.com.br/stocks/tte/;MANUAL
2164;TOTALENERGIES;0000879764;https://totalenergies.com/system/files/documents/totalenergies_2024_Results_and_2025_Objectives_presentation.pdf;PDF;;;2026-10-04 20:57:09;DESCOBERTO;totalenergies_2024_Results_and_2025_Objectives_presentation.pdf;.pdf;;https://investidor10.com.br/stocks/tte/;MANUAL
2165;TOTALENERGIES;0000879764;https://totalenergies.com/sites/g/files/nytnzq121/files/documents/totalenergies_2024-results-2025-objectives-transcript_2025_en.pdf;PDF;;;2026-10-04 20:57:09;DESCOBERTO;totalenergies_2024-results-2025-objectives-transcript_2025_en.pdf;.pdf;;https://investidor10.com.br/stocks/tte/;MANUAL
2166;TOTALENERGIES;0000879764;https://totalenergies.com/system/files/documents/totalenergies_pr-results-q3-2024_2024_en_pdf.pdf;PDF;;;2026-10-04 20:57:09;DESCOBERTO;totalenergies_pr-results-q3-2024_2024_en_pdf.pdf;.pdf;;https://investidor10.com.br/stocks/tte/;MANUAL
2167;TOTALENERGIES;0000879764;https://totalenergies.com/system/files/documents/totalenergies_accounts-q3-2024_2024_en_pdf.pdf;PDF;;;2026-10-04 20:57:09;DESCOBERTO;totalenergies_accounts-q3-2024_2024_en_pdf.pdf;.pdf;;https://investidor10.com.br/stocks/tte/;MANUAL
2168;TOTALENERGIES;0000879764;https://totalenergies.com/system/files/documents/totalenergies_accounts-appendixes-q3-2024_2024_en_pdf.pdf;PDF;;;2026-10-04 20:57:09;DESCOBERTO;totalenergies_accounts-appendixes-q3-2024_2024_en_pdf.pdf;.pdf;;https://investidor10.com.br/stocks/tte/;MANUAL
2169;TOTALENERGIES;0000879764;https://totalenergies.com/system/files/documents/totalenergies_results-q3-2024_2024_en_xlsx.xlsx;XLSX;;;2026-10-04 20:57:09;DESCOBERTO;totalenergies_results-q3-2024_2024_en_xlsx.xlsx;.xlsx;;https://investidor10.com.br/stocks/tte/;MANUAL
2170;TOTALENERGIES;0000879764;https://totalenergies.com/system/files/documents/totalenergies_dividend-3Q24_en_pdf.pdf;PDF;;;2026-10-04 20:57:09;DESCOBERTO;totalenergies_dividend-3Q24_en_pdf.pdf;.pdf;;https://investidor10.com.br/stocks/tte/;MANUAL
2171;TOTALENERGIES;0000879764;https://totalenergies.com/sites/g/files/nytnzq121/files/documents/totalenergies_TotalEnergies_3Q24_conference_call_transcript_pdf.pdf;PDF;;;2026-10-04 20:57:09;DESCOBERTO;totalenergies_TotalEnergies_3Q24_conference_call_transcript_pdf.pdf;.pdf;;https://investidor10.com.br/stocks/tte/;MANUAL
2172;TOTALENERGIES;0000879764;https://totalenergies.com/system/files/documents/2024-07/totalenergies_2q-2024-results-press-release_2024_en_pdf.pdf;PDF;;;2026-10-04 20:57:09;DESCOBERTO;totalenergies_2q-2024-results-press-release_2024_en_pdf.pdf;.pdf;;https://investidor10.com.br/stocks/tte/;MANUAL
2173;TOTALENERGIES;0000879764;https://totalenergies.com/system/files/documents/2024-07/totalenergies_2q-2024-financial-statements_2024_en_pdf.pdf;PDF;;;2026-10-04 20:57:09;DESCOBERTO;totalenergies_2q-2024-financial-statements_2024_en_pdf.pdf;.pdf;;https://investidor10.com.br/stocks/tte/;MANUAL
2174;TOTALENERGIES;0000879764;https://totalenergies.com/system/files/documents/2024-07/totalenergies_2q-2024-results-databook_2024_en_xlsx.xlsx;XLSX;;;2026-10-04 20:57:09;DESCOBERTO;totalenergies_2q-2024-results-databook_2024_en_xlsx.xlsx;.xlsx;;https://investidor10.com.br/stocks/tte/;MANUAL
2175;TOTALENERGIES;0000879764;https://totalenergies.com/system/files/documents/2024-07/totalenergies_Dividende-2T24_en_pdf.pdf;PDF;;;2026-10-04 20:57:09;DESCOBERTO;totalenergies_Dividende-2T24_en_pdf.pdf;.pdf;;https://investidor10.com.br/stocks/tte/;MANUAL
2176;TOTALENERGIES;0000879764;https://totalenergies.com/sites/g/files/nytnzq121/files/documents/2024-07/TotalEnergies_rapport_financier_semestriel_2024_en_pdf.pdf;PDF;;;2026-10-04 20:57:09;DESCOBERTO;TotalEnergies_rapport_financier_semestriel_2024_en_pdf.pdf;.pdf;;https://investidor10.com.br/stocks/tte/;MANUAL
2177;TOTALENERGIES;0000879764;https://totalenergies.com/sites/g/files/nytnzq121/files/documents/2024-07/TotalEnergies_2Q24_conference_call_transcript_pdf_1.pdf;PDF;;;2026-10-04 20:57:09;DESCOBERTO;TotalEnergies_2Q24_conference_call_transcript_pdf_1.pdf;.pdf;;https://investidor10.com.br/stocks/tte/;MANUAL
2178;TOTALENERGIES;0000879764;https://totalenergies.com/system/files/documents/2024-04/totalenergies_pr-results-q1-2024_2024_en_pdf.pdf;PDF;;;2026-10-04 20:57:09;DESCOBERTO;totalenergies_pr-results-q1-2024_2024_en_pdf.pdf;.pdf;;https://investidor10.com.br/stocks/tte/;MANUAL
2179;TOTALENERGIES;0000879764;https://totalenergies.com/system/files/documents/2024-04/totalenergies_accounts-q1-2024_2024_en_pdf.pdf;PDF;;;2026-10-04 20:57:09;DESCOBERTO;totalenergies_accounts-q1-2024_2024_en_pdf.pdf;.pdf;;https://investidor10.com.br/stocks/tte/;MANUAL
2180;TOTALENERGIES;0000879764;https://totalenergies.com/system/files/documents/2024-04/totalenergies_accounts-appendixes-q1-2024_2024_en_pdf.pdf;PDF;;;2026-10-04 20:57:09;DESCOBERTO;totalenergies_accounts-appendixes-q1-2024_2024_en_pdf.pdf;.pdf;;https://investidor10.com.br/stocks/tte/;MANUAL
2181;TOTALENERGIES;0000879764;https://totalenergies.com/system/files/documents/2024-04/totalenergies_results-q1-2024_2024_en_xlsx.xlsx;XLSX;;;2026-10-04 20:57:09;DESCOBERTO;totalenergies_results-q1-2024_2024_en_xlsx.xlsx;.xlsx;;https://investidor10.com.br/stocks/tte/;MANUAL
2182;TOTALENERGIES;0000879764;https://totalenergies.com/system/files/documents/2024-04/Totalenergies_Dividend_1T24_EN_PDF.pdf;PDF;;;2026-10-04 20:57:10;DESCOBERTO;Totalenergies_Dividend_1T24_EN_PDF.pdf;.pdf;;https://investidor10.com.br/stocks/tte/;MANUAL
2183;TOTALENERGIES;0000879764;https://totalenergies.com/sites/g/files/nytnzq121/files/documents/2024-05/TotalEnergies_1Q24-conference-call-2024-Apr-29-transcript_PDF.pdf;PDF;;;2026-10-04 20:57:10;DESCOBERTO;TotalEnergies_1Q24-conference-call-2024-Apr-29-transcript_PDF.pdf;.pdf;;https://investidor10.com.br/stocks/tte/;MANUAL
2184;TOTALENERGIES;0000879764;https://totalenergies.com/sites/g/files/nytnzq121/files/documents/2024-02/TotalEnergies_PR_4Q23_Results.pdf;PDF;;;2026-10-04 20:57:10;DESCOBERTO;TotalEnergies_PR_4Q23_Results.pdf;.pdf;;https://investidor10.com.br/stocks/tte/;MANUAL
2185;TOTALENERGIES;0000879764;https://totalenergies.com/sites/g/files/nytnzq121/files/documents/2024-02/2023_Q4_TotalEnergies_Financial_statements.pdf;PDF;;;2026-10-04 20:57:10;DESCOBERTO;2023_Q4_TotalEnergies_Financial_statements.pdf;.pdf;;https://investidor10.com.br/stocks/tte/;MANUAL
2186;TOTALENERGIES;0000879764;https://totalenergies.com/system/files/documents/2024-02/Results_Q4_2023.xlsx;XLSX;;;2026-10-04 20:57:10;DESCOBERTO;Results_Q4_2023.xlsx;.xlsx;;https://investidor10.com.br/stocks/tte/;MANUAL
2187;TOTALENERGIES;0000879764;https://totalenergies.com/system/files/documents/2024-02/TotalEnergies_PR_4Q23_Dividend.pdf;PDF;;;2026-10-04 20:57:10;DESCOBERTO;TotalEnergies_PR_4Q23_Dividend.pdf;.pdf;;https://investidor10.com.br/stocks/tte/;MANUAL
2188;TOTALENERGIES;0000879764;https://totalenergies.com/sites/g/files/nytnzq121/files/documents/2024-02/TotalEnergies_2023_Results_and_2024_Objectives_presentation.pdf;PDF;;;2026-10-04 20:57:10;DESCOBERTO;TotalEnergies_2023_Results_and_2024_Objectives_presentation.pdf;.pdf;;https://investidor10.com.br/stocks/tte/;MANUAL
2189;TOTALENERGIES;0000879764;https://totalenergies.com/sites/g/files/nytnzq121/files/documents/2024-02/TotalEnergies_2023_Results_and_2024_Objectives_Transcript.pdf;PDF;;;2026-10-04 20:57:10;DESCOBERTO;TotalEnergies_2023_Results_and_2024_Objectives_Transcript.pdf;.pdf;;https://investidor10.com.br/stocks/tte/;MANUAL
2190;TOTALENERGIES;0000879764;https://totalenergies.com/system/files/documents/2023-10/CP_Q3_2023_Results.pdf;PDF;;;2026-10-04 20:57:10;DESCOBERTO;CP_Q3_2023_Results.pdf;.pdf;;https://investidor10.com.br/stocks/tte/;MANUAL
2191;TOTALENERGIES;0000879764;https://totalenergies.com/system/files/documents/2023-10/Accounts_Q3_2023.pdf;PDF;;;2026-10-04 20:57:10;DESCOBERTO;Accounts_Q3_2023.pdf;.pdf;;https://investidor10.com.br/stocks/tte/;MANUAL
2192;TOTALENERGIES;0000879764;https://totalenergies.com/system/files/documents/2023-10/Accounts_Q3_2023_Appendixes.pdf;PDF;;;2026-10-04 20:57:10;DESCOBERTO;Accounts_Q3_2023_Appendixes.pdf;.pdf;;https://investidor10.com.br/stocks/tte/;MANUAL
2193;TOTALENERGIES;0000879764;https://totalenergies.com/system/files/documents/2023-10/Results_Q3_2023.xlsx;XLSX;;;2026-10-04 20:57:10;DESCOBERTO;Results_Q3_2023.xlsx;.xlsx;;https://investidor10.com.br/stocks/tte/;MANUAL
2194;TOTALENERGIES;0000879764;https://totalenergies.com/system/files/documents/2023-10/CP_3Q2023_Dividend.pdf;PDF;;;2026-10-04 20:57:10;DESCOBERTO;CP_3Q2023_Dividend.pdf;.pdf;;https://investidor10.com.br/stocks/tte/;MANUAL
2195;TOTALENERGIES;0000879764;https://totalenergies.com/sites/g/files/nytnzq121/files/documents/2023-10/TotalEnergies_3Q23_Conference_Call_Transcript.pdf;PDF;;;2026-10-04 20:57:10;DESCOBERTO;TotalEnergies_3Q23_Conference_Call_Transcript.pdf;.pdf;;https://investidor10.com.br/stocks/tte/;MANUAL
2196;TOTALENERGIES;0000879764;https://totalenergies.com/system/files/documents/2023-07/CP_Q2_2023_Results.pdf;PDF;;;2026-10-04 20:57:11;DESCOBERTO;CP_Q2_2023_Results.pdf;.pdf;;https://investidor10.com.br/stocks/tte/;MANUAL
2197;TOTALENERGIES;0000879764;https://totalenergies.com/system/files/documents/2023-07/Accounts_Q2_2023.pdf;PDF;;;2026-10-04 20:57:11;DESCOBERTO;Accounts_Q2_2023.pdf;.pdf;;https://investidor10.com.br/stocks/tte/;MANUAL
2198;TOTALENERGIES;0000879764;https://totalenergies.com/system/files/documents/2023-07/Accounts_Q2_2023_Appendixes.pdf;PDF;;;2026-10-04 20:57:11;DESCOBERTO;Accounts_Q2_2023_Appendixes.pdf;.pdf;;https://investidor10.com.br/stocks/tte/;MANUAL
2199;TOTALENERGIES;0000879764;https://totalenergies.com/system/files/documents/2023-07/Results_Q2_2023.xlsx;XLSX;;;2026-10-04 20:57:11;DESCOBERTO;Results_Q2_2023.xlsx;.xlsx;;https://investidor10.com.br/stocks/tte/;MANUAL
2200;TOTALENERGIES;0000879764;https://totalenergies.com/system/files/documents/2023-07/EN_TotalEnergies_annouces_the_second_interim_dividend_of_074_euros_per_share_for_fiscal_year_2023.pdf;PDF;;;2026-10-04 20:57:11;DESCOBERTO;EN_TotalEnergies_annouces_the_second_interim_dividend_of_074_euros_per_share_for_fiscal_year_2023.pdf;.pdf;;https://investidor10.com.br/stocks/tte/;MANUAL
2201;TOTALENERGIES;0000879764;https://totalenergies.com/sites/g/files/nytnzq121/files/documents/2023-07/TotalEnergies_financial_report_first_half_2023.pdf;PDF;;;2026-10-04 20:57:11;DESCOBERTO;TotalEnergies_financial_report_first_half_2023.pdf;.pdf;;https://investidor10.com.br/stocks/tte/;MANUAL
2202;TOTALENERGIES;0000879764;https://totalenergies.com/sites/g/files/nytnzq121/files/documents/2023-07/2023-Jul-27-TotalEnergies_2Q23_conference_call_transcript.pdf;PDF;;;2026-10-04 20:57:11;DESCOBERTO;2023-Jul-27-TotalEnergies_2Q23_conference_call_transcript.pdf;.pdf;;https://investidor10.com.br/stocks/tte/;MANUAL
2203;TOTALENERGIES;0000879764;https://totalenergies.com/system/files/documents/2023-04/totalenergies-1q23-results.pdf;PDF;;;2026-10-04 20:57:11;DESCOBERTO;totalenergies-1q23-results.pdf;.pdf;;https://investidor10.com.br/stocks/tte/;MANUAL
2204;TOTALENERGIES;0000879764;https://totalenergies.com/system/files/documents/2023-04/totalenergies-consolidated-statement-of-income-q1-2023.pdf;PDF;;;2026-10-04 20:57:11;DESCOBERTO;totalenergies-consolidated-statement-of-income-q1-2023.pdf;.pdf;;https://investidor10.com.br/stocks/tte/;MANUAL
2205;TOTALENERGIES;0000879764;https://totalenergies.com/system/files/documents/2023-04/totalenergies-notes-q1-2023.pdf;PDF;;;2026-10-04 20:57:11;DESCOBERTO;totalenergies-notes-q1-2023.pdf;.pdf;;https://investidor10.com.br/stocks/tte/;MANUAL
2206;TOTALENERGIES;0000879764;https://totalenergies.com/system/files/documents/2023-04/totalenergies-1q23-results-tables.xlsx;XLSX;;;2026-10-04 20:57:11;DESCOBERTO;totalenergies-1q23-results-tables.xlsx;.xlsx;;https://investidor10.com.br/stocks/tte/;MANUAL
2207;TOTALENERGIES;0000879764;https://totalenergies.com/system/files/documents/2023-04/TotalEnergies_announces_the_first_2023_interim_dividend.pdf;PDF;;;2026-10-04 20:57:11;DESCOBERTO;TotalEnergies_announces_the_first_2023_interim_dividend.pdf;.pdf;;https://investidor10.com.br/stocks/tte/;MANUAL
2208;TOTALENERGIES;0000879764;https://totalenergies.com/sites/g/files/nytnzq121/files/documents/2023-05/2023-Apr-27-TotalEnergies_1Q23_conference_call_transcript_0.pdf;PDF;;;2026-10-04 20:57:11;DESCOBERTO;2023-Apr-27-TotalEnergies_1Q23_conference_call_transcript_0.pdf;.pdf;;https://investidor10.com.br/stocks/tte/;MANUAL
2209;TOTALENERGIES;0000879764;https://totalenergies.com/system/files/documents/2023-02/TotalEnergies_4Q22_Results.pdf;PDF;;;2026-10-04 20:57:11;DESCOBERTO;TotalEnergies_4Q22_Results.pdf;.pdf;;https://investidor10.com.br/stocks/tte/;MANUAL
2210;TOTALENERGIES;0000879764;https://totalenergies.com/system/files/documents/2023-02/TotalEnergies_consolidated_statement_of_incomes_31122022.pdf;PDF;;;2026-10-04 20:57:11;DESCOBERTO;TotalEnergies_consolidated_statement_of_incomes_31122022.pdf;.pdf;;https://investidor10.com.br/stocks/tte/;MANUAL
2211;TOTALENERGIES;0000879764;https://totalenergies.com/system/files/documents/2023-02/TotalEnergies_4Q22_Results_Tables.xlsx;XLSX;;;2026-10-04 20:57:11;DESCOBERTO;TotalEnergies_4Q22_Results_Tables.xlsx;.xlsx;;https://investidor10.com.br/stocks/tte/;MANUAL
2212;TOTALENERGIES;0000879764;https://totalenergies.com/system/files/documents/2023-02/pr-total-energies-proposes-an-ordinary-dividend-of-2-81e-per-share-for-2022.pdf;PDF;;;2026-10-04 20:57:11;DESCOBERTO;pr-total-energies-proposes-an-ordinary-dividend-of-2-81e-per-share-for-2022.pdf;.pdf;;https://investidor10.com.br/stocks/tte/;MANUAL
2213;TOTALENERGIES;0000879764;https://totalenergies.com/system/files/documents/2023-02/TotalEnergies_2022_Results_2023_Objectives-presentation.pdf;PDF;;;2026-10-04 20:57:12;DESCOBERTO;TotalEnergies_2022_Results_2023_Objectives-presentation.pdf;.pdf;;https://investidor10.com.br/stocks/tte/;MANUAL
2214;TOTALENERGIES;0000879764;https://totalenergies.com/sites/g/files/nytnzq121/files/documents/2023-02/TotalEnergies_2022_Results_and_2023_Objectives_transcript.pdf;PDF;;;2026-10-04 20:57:12;DESCOBERTO;TotalEnergies_2022_Results_and_2023_Objectives_transcript.pdf;.pdf;;https://investidor10.com.br/stocks/tte/;MANUAL
2215;TOTALENERGIES;0000879764;https://totalenergies.com/system/files/documents/2022-10/3Q22_Results.pdf;PDF;;;2026-10-04 20:57:12;DESCOBERTO;3Q22_Results.pdf;.pdf;;https://investidor10.com.br/stocks/tte/;MANUAL
2216;TOTALENERGIES;0000879764;https://totalenergies.com/system/files/documents/2022-10/accounts_30-09-2022_EN.pdf;PDF;;;2026-10-04 20:57:12;DESCOBERTO;accounts_30-09-2022_EN.pdf;.pdf;;https://investidor10.com.br/stocks/tte/;MANUAL
2217;TOTALENERGIES;0000879764;https://totalenergies.com/system/files/documents/2022-10/Notes_consolidated_financial_statements_first_9_months_2022.pdf;PDF;;;2026-10-04 20:57:12;DESCOBERTO;Notes_consolidated_financial_statements_first_9_months_2022.pdf;.pdf;;https://investidor10.com.br/stocks/tte/;MANUAL
2218;TOTALENERGIES;0000879764;https://totalenergies.com/system/files/documents/2022-10/27102022_TotalEnergies_announces_third_2022_interim_dividend_and_sets_terms_of_special_interim_dividend.pdf;PDF;;;2026-10-04 20:57:12;DESCOBERTO;27102022_TotalEnergies_announces_third_2022_interim_dividend_and_sets_terms_of_special_interim_dividend.pdf;.pdf;;https://investidor10.com.br/stocks/tte/;MANUAL
2219;TOTALENERGIES;0000879764;https://totalenergies.com/sites/g/files/nytnzq121/files/documents/2022-11/2022-oct-27_TotalEnergies_3Q22_conference_call_transcript.pdf;PDF;;;2026-10-04 20:57:12;DESCOBERTO;2022-oct-27_TotalEnergies_3Q22_conference_call_transcript.pdf;.pdf;;https://investidor10.com.br/stocks/tte/;MANUAL
2220;TOTALENERGIES;0000879764;https://totalenergies.com/system/files/documents/2022-07/2Q22_Results.pdf;PDF;;;2026-10-04 20:57:12;DESCOBERTO;2Q22_Results.pdf;.pdf;;https://investidor10.com.br/stocks/tte/;MANUAL
2221;TOTALENERGIES;0000879764;https://totalenergies.com/system/files/documents/2022-07/Accounts_30-06-2022_EN.pdf;PDF;;;2026-10-04 20:57:12;DESCOBERTO;Accounts_30-06-2022_EN.pdf;.pdf;;https://investidor10.com.br/stocks/tte/;MANUAL
2222;TOTALENERGIES;0000879764;https://totalenergies.com/system/files/documents/2022-07/Notes_to_the_consolidated_financial_statements_for_the_first_six_months_of_2022.pdf;PDF;;;2026-10-04 20:57:12;DESCOBERTO;Notes_to_the_consolidated_financial_statements_for_the_first_six_months_of_2022.pdf;.pdf;;https://investidor10.com.br/stocks/tte/;MANUAL
2223;TOTALENERGIES;0000879764;https://totalenergies.com/sites/g/files/nytnzq121/files/documents/2022-07/totalenergies-announces-second-2022-interim-dividend-eu069share-increase.pdf;PDF;;;2026-10-04 20:57:12;DESCOBERTO;totalenergies-announces-second-2022-interim-dividend-eu069share-increase.pdf;.pdf;;https://investidor10.com.br/stocks/tte/;MANUAL
2224;TOTALENERGIES;0000879764;https://totalenergies.com/sites/g/files/nytnzq121/files/documents/2022-07/TotalEnergies_Financial_report_first_half_2022.pdf;PDF;;;2026-10-04 20:57:12;DESCOBERTO;TotalEnergies_Financial_report_first_half_2022.pdf;.pdf;;https://investidor10.com.br/stocks/tte/;MANUAL
2225;TOTALENERGIES;0000879764;https://totalenergies.com/sites/g/files/nytnzq121/files/documents/2022-08/2022-Jul-28-TotalEnergies_2Q22_conference_call_transcript.pdf;PDF;;;2026-10-04 20:57:12;DESCOBERTO;2022-Jul-28-TotalEnergies_2Q22_conference_call_transcript.pdf;.pdf;;https://investidor10.com.br/stocks/tte/;MANUAL
2226;TOTALENERGIES;0000879764;https://totalenergies.com/system/files/documents/2022-04/1Q22_Results.pdf;PDF;;;2026-10-04 20:57:12;DESCOBERTO;1Q22_Results.pdf;.pdf;;https://investidor10.com.br/stocks/tte/;MANUAL
2227;TOTALENERGIES;0000879764;https://totalenergies.com/system/files/documents/2022-04/Accounts_31_march_2022.pdf;PDF;;;2026-10-04 20:57:12;DESCOBERTO;Accounts_31_march_2022.pdf;.pdf;;https://investidor10.com.br/stocks/tte/;MANUAL
2228;TOTALENERGIES;0000879764;https://totalenergies.com/system/files/documents/2022-04/Notes_to_the_accounts_31_march_2022.pdf;PDF;;;2026-10-04 20:57:12;DESCOBERTO;Notes_to_the_accounts_31_march_2022.pdf;.pdf;;https://investidor10.com.br/stocks/tte/;MANUAL
2229;TOTALENERGIES;0000879764;https://totalenergies.com/system/files/documents/2022-04/TotalEnergies_announces_the_first_2022_interim_dividend.pdf;PDF;;;2026-10-04 20:57:12;DESCOBERTO;TotalEnergies_announces_the_first_2022_interim_dividend.pdf;.pdf;;https://investidor10.com.br/stocks/tte/;MANUAL
2230;TOTALENERGIES;0000879764;https://totalenergies.com/system/files/documents/2022-02/4Q21-Results.pdf;PDF;;;2026-10-04 20:57:12;DESCOBERTO;4Q21-Results.pdf;.pdf;;https://investidor10.com.br/stocks/tte/;MANUAL
2231;TOTALENERGIES;0000879764;https://totalenergies.com/system/files/documents/2022-02/Etats-financiers-31122021_EN.pdf;PDF;;;2026-10-04 20:57:13;DESCOBERTO;Etats-financiers-31122021_EN.pdf;.pdf;;https://investidor10.com.br/stocks/tte/;MANUAL
2232;TOTALENERGIES;0000879764;https://totalenergies.com/system/files/documents/2022-02/20220210_TotalEnergies_February_9_2022_Board_of_Directors_decisions.pdf;PDF;;;2026-10-04 20:57:13;DESCOBERTO;20220210_TotalEnergies_February_9_2022_Board_of_Directors_decisions.pdf;.pdf;;https://investidor10.com.br/stocks/tte/;MANUAL
2233;TOTALENERGIES;0000879764;https://totalenergies.com/sites/g/files/nytnzq121/files/documents/2022-02/220210_Master_Presentation_2021_Results_2022_Oultook.pdf;PDF;;;2026-10-04 20:57:13;DESCOBERTO;220210_Master_Presentation_2021_Results_2022_Oultook.pdf;.pdf;;https://investidor10.com.br/stocks/tte/;MANUAL
2234;TOTALENERGIES;0000879764;https://totalenergies.com/sites/g/files/nytnzq121/files/documents/2022-02/TotalEnergies_2021_Results_and_2022_Outlook_transcript.pdf;PDF;;;2026-10-04 20:57:13;DESCOBERTO;TotalEnergies_2021_Results_and_2022_Outlook_transcript.pdf;.pdf;;https://investidor10.com.br/stocks/tte/;MANUAL
2235;TOTALENERGIES;0000879764;https://totalenergies.com/system/files/documents/2021-10/results_q3_2021_en.pdf;PDF;;;2026-10-04 20:57:13;DESCOBERTO;results_q3_2021_en.pdf;.pdf;;https://investidor10.com.br/stocks/tte/;MANUAL
2236;TOTALENERGIES;0000879764;https://totalenergies.com/system/files/documents/2021-10/etats_financiers_30-09-2021_EN.pdf;PDF;;;2026-10-04 20:57:13;DESCOBERTO;etats_financiers_30-09-2021_EN.pdf;.pdf;;https://investidor10.com.br/stocks/tte/;MANUAL
2237;TOTALENERGIES;0000879764;https://totalenergies.com/system/files/documents/2021-10/annexe_comptes_30-09-2021_EN.pdf;PDF;;;2026-10-04 20:57:13;DESCOBERTO;annexe_comptes_30-09-2021_EN.pdf;.pdf;;https://investidor10.com.br/stocks/tte/;MANUAL
2238;TOTALENERGIES;0000879764;https://totalenergies.com/system/files/documents/2021-10/10-28102021-total-energies-announces-the-third-2021-interim-dividend-stable-at-0-66-eur-per-share.pdf;PDF;;;2026-10-04 20:57:13;DESCOBERTO;10-28102021-total-energies-announces-the-third-2021-interim-dividend-stable-at-0-66-eur-per-share.pdf;.pdf;;https://investidor10.com.br/stocks/tte/;MANUAL
2239;TOTALENERGIES;0000879764;https://totalenergies.com/system/files/documents/2021-07/2Q21-Results.pdf;PDF;;;2026-10-04 20:57:13;DESCOBERTO;2Q21-Results.pdf;.pdf;;https://investidor10.com.br/stocks/tte/;MANUAL
2240;TOTALENERGIES;0000879764;https://totalenergies.com/system/files/documents/2021-07/20210630_Etats_financiers_EN.pdf;PDF;;;2026-10-04 20:57:13;DESCOBERTO;20210630_Etats_financiers_EN.pdf;.pdf;;https://investidor10.com.br/stocks/tte/;MANUAL
2241;TOTALENERGIES;0000879764;https://totalenergies.com/system/files/documents/2021-07/20210630_Annexe_Comptes_EN.pdf;PDF;;;2026-10-04 20:57:13;DESCOBERTO;20210630_Annexe_Comptes_EN.pdf;.pdf;;https://investidor10.com.br/stocks/tte/;MANUAL
2242;TOTALENERGIES;0000879764;https://totalenergies.com/system/files/documents/2021-07/20210729_TotalEnergies-announces-the-second-2021-interim-dividend-stable_0.66-Eur-per-share.pdf;PDF;;;2026-10-04 20:57:13;DESCOBERTO;20210729_TotalEnergies-announces-the-second-2021-interim-dividend-stable_0.66-Eur-per-share.pdf;.pdf;;https://investidor10.com.br/stocks/tte/;MANUAL
2243;TOTALENERGIES;0000879764;https://totalenergies.com/sites/g/files/nytnzq121/files/documents/2021-07/Financial-report-first-half-2021.pdf;PDF;;;2026-10-04 20:57:13;DESCOBERTO;Financial-report-first-half-2021.pdf;.pdf;;https://investidor10.com.br/stocks/tte/;MANUAL
2244;TOTALENERGIES;0000879764;https://totalenergies.com/system/files/documents/2021-04/results_q1_2021_en.pdf;PDF;;;2026-10-04 20:57:13;DESCOBERTO;results_q1_2021_en.pdf;.pdf;;https://investidor10.com.br/stocks/tte/;MANUAL
2245;TOTALENERGIES;0000879764;https://totalenergies.com/system/files/documents/2021-04/financial-statements-q1-2021.pdf;PDF;;;2026-10-04 20:57:13;DESCOBERTO;financial-statements-q1-2021.pdf;.pdf;;https://investidor10.com.br/stocks/tte/;MANUAL
2246;TOTALENERGIES;0000879764;https://totalenergies.com/system/files/documents/2021-04/appendix-q1-2021.pdf;PDF;;;2026-10-04 20:57:14;DESCOBERTO;appendix-q1-2021.pdf;.pdf;;https://investidor10.com.br/stocks/tte/;MANUAL
2247;TOTALENERGIES;0000879764;https://totalenergies.com/system/files/documents/2021-04/pr-dividend-1q-21.pdf;PDF;;;2026-10-04 20:57:14;DESCOBERTO;pr-dividend-1q-21.pdf;.pdf;;https://investidor10.com.br/stocks/tte/;MANUAL
2248;TOTALENERGIES;0000879764;https://totalenergies.com/system/files/documents/2021-02/results_q4_2020_en.pdf;PDF;;;2026-10-04 20:57:14;DESCOBERTO;results_q4_2020_en.pdf;.pdf;;https://investidor10.com.br/stocks/tte/;MANUAL
2249;TOTALENERGIES;0000879764;https://totalenergies.com/system/files/documents/2021-02/accounts_q4_2020.pdf;PDF;;;2026-10-04 20:57:14;DESCOBERTO;accounts_q4_2020.pdf;.pdf;;https://investidor10.com.br/stocks/tte/;MANUAL
2250;TOTALENERGIES;0000879764;https://totalenergies.com/system/files/documents/2021-02/dividend_q4_2020.pdf;PDF;;;2026-10-04 20:57:14;DESCOBERTO;dividend_q4_2020.pdf;.pdf;;https://investidor10.com.br/stocks/tte/;MANUAL
2251;TOTALENERGIES;0000879764;https://totalenergies.com/system/files/documents/2021-02/2020_results_outlook.pdf;PDF;;;2026-10-04 20:57:14;DESCOBERTO;2020_results_outlook.pdf;.pdf;;https://investidor10.com.br/stocks/tte/;MANUAL
2252;TOTALENERGIES;0000879764;https://totalenergies.com/sites/g/files/nytnzq121/files/documents/2024-06/TotalEnergies_2020_Results_and_2021_Outlook_transcript_en_pdf.pdf;PDF;;;2026-10-04 20:57:14;DESCOBERTO;TotalEnergies_2020_Results_and_2021_Outlook_transcript_en_pdf.pdf;.pdf;;https://investidor10.com.br/stocks/tte/;MANUAL
2253;TOTALENERGIES;0000879764;https://totalenergies.com/system/files/documents/2020-10/3Q20-Results.pdf;PDF;;;2026-10-04 20:57:14;DESCOBERTO;3Q20-Results.pdf;.pdf;;https://investidor10.com.br/stocks/tte/;MANUAL
2254;TOTALENERGIES;0000879764;https://totalenergies.com/system/files/documents/2020-10/Etats-financiers-30092020_EN_complets.pdf;PDF;;;2026-10-04 20:57:14;DESCOBERTO;Etats-financiers-30092020_EN_complets.pdf;.pdf;;https://investidor10.com.br/stocks/tte/;MANUAL
2255;TOTALENERGIES;0000879764;https://totalenergies.com/system/files/documents/2020-10/Annexe-Comptes-30092020_EN.pdf;PDF;;;2026-10-04 20:57:14;DESCOBERTO;Annexe-Comptes-30092020_EN.pdf;.pdf;;https://investidor10.com.br/stocks/tte/;MANUAL
2256;TOTALENERGIES;0000879764;https://totalenergies.com/system/files/documents/2020-10/3q20-dividends.pdf;PDF;;;2026-10-04 20:57:14;DESCOBERTO;3q20-dividends.pdf;.pdf;;https://investidor10.com.br/stocks/tte/;MANUAL
2257;TOTALENERGIES;0000879764;https://totalenergies.com/system/files/documents/2020-07/2q20-results.pdf;PDF;;;2026-10-04 20:57:14;DESCOBERTO;2q20-results.pdf;.pdf;;https://investidor10.com.br/stocks/tte/;MANUAL
2258;TOTALENERGIES;0000879764;https://totalenergies.com/system/files/documents/2020-07/etats-financiers-30-06-2020-en-complets.pdf;PDF;;;2026-10-04 20:57:14;DESCOBERTO;etats-financiers-30-06-2020-en-complets.pdf;.pdf;;https://investidor10.com.br/stocks/tte/;MANUAL
2259;TOTALENERGIES;0000879764;https://totalenergies.com/system/files/documents/2020-07/annexe-30-06-2020-en_0.pdf;PDF;;;2026-10-04 20:57:14;DESCOBERTO;annexe-30-06-2020-en_0.pdf;.pdf;;https://investidor10.com.br/stocks/tte/;MANUAL
2260;TOTALENERGIES;0000879764;https://totalenergies.com/system/files/documents/2020-07/2q20-dividends.pdf;PDF;;;2026-10-04 20:57:14;DESCOBERTO;2q20-dividends.pdf;.pdf;;https://investidor10.com.br/stocks/tte/;MANUAL
2261;TOTALENERGIES;0000879764;https://totalenergies.com/system/files/documents/2020-07/half-year-report-2020.pdf;PDF;;;2026-10-04 20:57:14;DESCOBERTO;half-year-report-2020.pdf;.pdf;;https://investidor10.com.br/stocks/tte/;MANUAL
2262;TOTALENERGIES;0000879764;https://totalenergies.com/sites/g/files/nytnzq121/files/documents/2020-06/1q20-results.pdf;PDF;;;2026-10-04 20:57:15;DESCOBERTO;1q20-results.pdf;.pdf;;https://investidor10.com.br/stocks/tte/;MANUAL
2263;TOTALENERGIES;0000879764;https://totalenergies.com/sites/g/files/nytnzq121/files/documents/2020-06/1q20-accounts-en.pdf;PDF;;;2026-10-04 20:57:15;DESCOBERTO;1q20-accounts-en.pdf;.pdf;;https://investidor10.com.br/stocks/tte/;MANUAL
2264;TOTALENERGIES;0000879764;https://totalenergies.com/sites/g/files/nytnzq121/files/documents/2020-06/1q20-notes.pdf;PDF;;;2026-10-04 20:57:15;DESCOBERTO;1q20-notes.pdf;.pdf;;https://investidor10.com.br/stocks/tte/;MANUAL
2265;TOTALENERGIES;0000879764;https://totalenergies.com/sites/g/files/nytnzq121/files/documents/2020-06/05052020-total-announces-the-first-2020-interim-dividend.pdf;PDF;;;2026-10-04 20:57:15;DESCOBERTO;05052020-total-announces-the-first-2020-interim-dividend.pdf;.pdf;;https://investidor10.com.br/stocks/tte/;MANUAL
2266;TOTALENERGIES;0000879764;https://totalenergies.com/sites/g/files/nytnzq121/files/documents/2023-12/2019_4T_results_EN.pdf;PDF;;;2026-10-04 20:57:15;DESCOBERTO;2019_4T_results_EN.pdf;.pdf;;https://investidor10.com.br/stocks/tte/;MANUAL
2267;TOTALENERGIES;0000879764;https://totalenergies.com/sites/g/files/nytnzq121/files/documents/2023-12/2019_4T_accounts_EN.pdf;PDF;;;2026-10-04 20:57:15;DESCOBERTO;2019_4T_accounts_EN.pdf;.pdf;;https://investidor10.com.br/stocks/tte/;MANUAL
2268;TOTALENERGIES;0000879764;https://totalenergies.com/sites/g/files/nytnzq121/files/documents/2023-12/2019_4T_dividend_EN.pdf;PDF;;;2026-10-04 20:57:15;DESCOBERTO;2019_4T_dividend_EN.pdf;.pdf;;https://investidor10.com.br/stocks/tte/;MANUAL
2269;TOTALENERGIES;0000879764;https://totalenergies.com/sites/g/files/nytnzq121/files/documents/2023-12/2019_results_and_outlook_february_2020_presentation.pdf;PDF;;;2026-10-04 20:57:15;DESCOBERTO;2019_results_and_outlook_february_2020_presentation.pdf;.pdf;;https://investidor10.com.br/stocks/tte/;MANUAL
2270;TOTALENERGIES;0000879764;https://totalenergies.com/sites/g/files/nytnzq121/files/atoms/files/3q19_results.pdf;PDF;;;2026-10-04 20:57:15;DESCOBERTO;3q19_results.pdf;.pdf;;https://investidor10.com.br/stocks/tte/;MANUAL
2271;TOTALENERGIES;0000879764;https://totalenergies.com/sites/g/files/nytnzq121/files/atoms/files/3q19_accounts.pdf;PDF;;;2026-10-04 20:57:15;DESCOBERTO;3q19_accounts.pdf;.pdf;;https://investidor10.com.br/stocks/tte/;MANUAL
2272;TOTALENERGIES;0000879764;https://totalenergies.com/sites/g/files/nytnzq121/files/atoms/files/3q19_notes.pdf;PDF;;;2026-10-04 20:57:15;DESCOBERTO;3q19_notes.pdf;.pdf;;https://investidor10.com.br/stocks/tte/;MANUAL
2273;TOTALENERGIES;0000879764;https://totalenergies.com/sites/g/files/nytnzq121/files/atoms/files/en_total-declares-its-third-interim-dividend-for-2019.pdf;PDF;;;2026-10-04 20:57:15;DESCOBERTO;en_total-declares-its-third-interim-dividend-for-2019.pdf;.pdf;;https://investidor10.com.br/stocks/tte/;MANUAL
2274;TOTALENERGIES;0000879764;https://totalenergies.com/sites/g/files/nytnzq121/files/news/2q19-results.pdf;PDF;;;2026-10-04 20:57:15;DESCOBERTO;2q19-results.pdf;.pdf;;https://investidor10.com.br/stocks/tte/;MANUAL
2275;TOTALENERGIES;0000879764;https://totalenergies.com/sites/g/files/nytnzq121/files/atoms/files/2q19-accounts.pdf;PDF;;;2026-10-04 20:57:15;DESCOBERTO;2q19-accounts.pdf;.pdf;;https://investidor10.com.br/stocks/tte/;MANUAL
2276;TOTALENERGIES;0000879764;https://totalenergies.com/sites/g/files/nytnzq121/files/atoms/files/2q19-notes.pdf;PDF;;;2026-10-04 20:57:15;DESCOBERTO;2q19-notes.pdf;.pdf;;https://investidor10.com.br/stocks/tte/;MANUAL
2277;TOTALENERGIES;0000879764;https://totalenergies.com/sites/g/files/nytnzq121/files/news/total-declares-its-second-interim-dividend-for-2019.pdf;PDF;;;2026-10-04 20:57:15;DESCOBERTO;total-declares-its-second-interim-dividend-for-2019.pdf;.pdf;;https://investidor10.com.br/stocks/tte/;MANUAL
2278;TOTALENERGIES;0000879764;https://totalenergies.com/sites/g/files/nytnzq121/files/atoms/files/first-half-2019-financial-report.pdf;PDF;;;2026-10-04 20:57:16;DESCOBERTO;first-half-2019-financial-report.pdf;.pdf;;https://investidor10.com.br/stocks/tte/;MANUAL
2279;TOTALENERGIES;0000879764;https://totalenergies.com/sites/g/files/nytnzq121/files/atoms/files/1q19-results.pdf;PDF;;;2026-10-04 20:57:16;DESCOBERTO;1q19-results.pdf;.pdf;;https://investidor10.com.br/stocks/tte/;MANUAL
2280;TOTALENERGIES;0000879764;https://totalenergies.com/sites/g/files/nytnzq121/files/atoms/files/1q19-accounts.pdf;PDF;;;2026-10-04 20:57:16;DESCOBERTO;1q19-accounts.pdf;.pdf;;https://investidor10.com.br/stocks/tte/;MANUAL
2281;TOTALENERGIES;0000879764;https://totalenergies.com/sites/g/files/nytnzq121/files/atoms/files/notes-to-the-accounts.pdf;PDF;;;2026-10-04 20:57:16;DESCOBERTO;notes-to-the-accounts.pdf;.pdf;;https://investidor10.com.br/stocks/tte/;MANUAL
2282;TOTALENERGIES;0000879764;https://totalenergies.com/sites/g/files/nytnzq121/files/atoms/files/total-declares-its-first-interim-dividend-for-2019.pdf;PDF;;;2026-10-04 20:57:16;DESCOBERTO;total-declares-its-first-interim-dividend-for-2019.pdf;.pdf;;https://investidor10.com.br/stocks/tte/;MANUAL
2283;TOTALENERGIES;0000879764;https://totalenergies.com/sites/g/files/nytnzq121/files/atoms/files/4q18-results.pdf;PDF;;;2026-10-04 20:57:16;DESCOBERTO;4q18-results.pdf;.pdf;;https://investidor10.com.br/stocks/tte/;MANUAL
2284;TOTALENERGIES;0000879764;https://totalenergies.com/sites/g/files/nytnzq121/files/atoms/files/4q18-accounts.pdf;PDF;;;2026-10-04 20:57:16;DESCOBERTO;4q18-accounts.pdf;.pdf;;https://investidor10.com.br/stocks/tte/;MANUAL
2285;TOTALENERGIES;0000879764;https://totalenergies.com/sites/g/files/nytnzq121/files/atoms/files/en_total-announces-its-final-2018-dividend-and-the-end-of-the-scrip-dividend-option.pdf;PDF;;;2026-10-04 20:57:16;DESCOBERTO;en_total-announces-its-final-2018-dividend-and-the-end-of-the-scrip-dividend-option.pdf;.pdf;;https://investidor10.com.br/stocks/tte/;MANUAL
2286;TOTALENERGIES;0000879764;https://totalenergies.com/sites/g/files/nytnzq121/files/atoms/files/results-2018-and-outlook-presentation.pdf;PDF;;;2026-10-04 20:57:16;DESCOBERTO;results-2018-and-outlook-presentation.pdf;.pdf;;https://investidor10.com.br/stocks/tte/;MANUAL
2287;TOTALENERGIES;0000879764;https://totalenergies.com/sites/g/files/nytnzq121/files/atoms/files/3q18_results.pdf;PDF;;;2026-10-04 20:57:16;DESCOBERTO;3q18_results.pdf;.pdf;;https://investidor10.com.br/stocks/tte/;MANUAL
2288;TOTALENERGIES;0000879764;https://totalenergies.com/sites/g/files/nytnzq121/files/atoms/files/3q18_accounts.pdf;PDF;;;2026-10-04 20:57:16;DESCOBERTO;3q18_accounts.pdf;.pdf;;https://investidor10.com.br/stocks/tte/;MANUAL
2289;TOTALENERGIES;0000879764;https://totalenergies.com/sites/g/files/nytnzq121/files/atoms/files/3q18_notes.pdf;PDF;;;2026-10-04 20:57:16;DESCOBERTO;3q18_notes.pdf;.pdf;;https://investidor10.com.br/stocks/tte/;MANUAL
2290;TOTALENERGIES;0000879764;https://totalenergies.com/sites/g/files/nytnzq121/files/atoms/files/total-announces-its-2018-third-interim-dividend.pdf;PDF;;;2026-10-04 20:57:16;DESCOBERTO;total-announces-its-2018-third-interim-dividend.pdf;.pdf;;https://investidor10.com.br/stocks/tte/;MANUAL
2291;TOTALENERGIES;0000879764;https://totalenergies.com/sites/g/files/nytnzq121/files/atoms/files/2q18-results.pdf;PDF;;;2026-10-04 20:57:16;DESCOBERTO;2q18-results.pdf;.pdf;;https://investidor10.com.br/stocks/tte/;MANUAL
2292;TOTALENERGIES;0000879764;https://totalenergies.com/sites/g/files/nytnzq121/files/atoms/files/2q18-accounts.pdf;PDF;;;2026-10-04 20:57:16;DESCOBERTO;2q18-accounts.pdf;.pdf;;https://investidor10.com.br/stocks/tte/;MANUAL
2293;TOTALENERGIES;0000879764;https://totalenergies.com/sites/g/files/nytnzq121/files/atoms/files/2q18-notes.pdf;PDF;;;2026-10-04 20:57:16;DESCOBERTO;2q18-notes.pdf;.pdf;;https://investidor10.com.br/stocks/tte/;MANUAL
2294;TOTALENERGIES;0000879764;https://totalenergies.com/sites/g/files/nytnzq121/files/atoms/files/total-declares-its-second-interim-dividend-for-2018.pdf;PDF;;;2026-10-04 20:57:16;DESCOBERTO;total-declares-its-second-interim-dividend-for-2018.pdf;.pdf;;https://investidor10.com.br/stocks/tte/;MANUAL
2295;TOTALENERGIES;0000879764;https://totalenergies.com/sites/g/files/nytnzq121/files/atoms/files/first-half_2018-financial-report_0.pdf;PDF;;;2026-10-04 20:57:16;DESCOBERTO;first-half_2018-financial-report_0.pdf;.pdf;;https://investidor10.com.br/stocks/tte/;MANUAL
2296;TOTALENERGIES;0000879764;https://totalenergies.com/sites/g/files/nytnzq121/files/atoms/files/1q18-results.pdf;PDF;;;2026-10-04 20:57:17;DESCOBERTO;1q18-results.pdf;.pdf;;https://investidor10.com.br/stocks/tte/;MANUAL
2297;TOTALENERGIES;0000879764;https://totalenergies.com/sites/g/files/nytnzq121/files/atoms/files/1q18-accounts.pdf;PDF;;;2026-10-04 20:57:17;DESCOBERTO;1q18-accounts.pdf;.pdf;;https://investidor10.com.br/stocks/tte/;MANUAL
2298;TOTALENERGIES;0000879764;https://totalenergies.com/sites/g/files/nytnzq121/files/atoms/files/1q18-notes-to-the_accounts.pdf;PDF;;;2026-10-04 20:57:17;DESCOBERTO;1q18-notes-to-the_accounts.pdf;.pdf;;https://investidor10.com.br/stocks/tte/;MANUAL
2299;TOTALENERGIES;0000879764;https://totalenergies.com/sites/g/files/nytnzq121/files/atoms/files/1q18-total-declares-its-first-interim-dividend-for-2018.pdf;PDF;;;2026-10-04 20:57:17;DESCOBERTO;1q18-total-declares-its-first-interim-dividend-for-2018.pdf;.pdf;;https://investidor10.com.br/stocks/tte/;MANUAL
2300;TOTALENERGIES;0000879764;https://totalenergies.com/sites/g/files/nytnzq121/files/atoms/files/4q17_results.pdf;PDF;;;2026-10-04 20:57:17;DESCOBERTO;4q17_results.pdf;.pdf;;https://investidor10.com.br/stocks/tte/;MANUAL
2301;TOTALENERGIES;0000879764;https://totalenergies.com/sites/g/files/nytnzq121/files/atoms/files/4q17_accounts.pdf;PDF;;;2026-10-04 20:57:17;DESCOBERTO;4q17_accounts.pdf;.pdf;;https://investidor10.com.br/stocks/tte/;MANUAL
2302;TOTALENERGIES;0000879764;https://totalenergies.com/sites/g/files/nytnzq121/files/atoms/files/total-board-of-directors-announces-shareholder-return-policy-for-next-3-years.pdf;PDF;;;2026-10-04 20:57:17;DESCOBERTO;total-board-of-directors-announces-shareholder-return-policy-for-next-3-years.pdf;.pdf;;https://investidor10.com.br/stocks/tte/;MANUAL
2303;TOTALENERGIES;0000879764;https://totalenergies.com/sites/g/files/nytnzq121/files/atoms/files/180207_investors_day_a5_v5.pdf;PDF;;;2026-10-04 20:57:17;DESCOBERTO;180207_investors_day_a5_v5.pdf;.pdf;;https://investidor10.com.br/stocks/tte/;MANUAL
2304;TOTALENERGIES;0000879764;https://totalenergies.com/sites/g/files/nytnzq121/files/atoms/files/3q17_results.pdf;PDF;;;2026-10-04 20:57:17;DESCOBERTO;3q17_results.pdf;.pdf;;https://investidor10.com.br/stocks/tte/;MANUAL
2305;TOTALENERGIES;0000879764;https://totalenergies.com/sites/g/files/nytnzq121/files/atoms/files/3q17_accounts.pdf;PDF;;;2026-10-04 20:57:17;DESCOBERTO;3q17_accounts.pdf;.pdf;;https://investidor10.com.br/stocks/tte/;MANUAL
2306;TOTALENERGIES;0000879764;https://totalenergies.com/sites/g/files/nytnzq121/files/atoms/files/3q17_notes.pdf;PDF;;;2026-10-04 20:57:17;DESCOBERTO;3q17_notes.pdf;.pdf;;https://investidor10.com.br/stocks/tte/;MANUAL
2307;TOTALENERGIES;0000879764;https://totalenergies.com/sites/g/files/nytnzq121/files/atoms/files/271017_total_announces_its_third_interim_dividend_for_2017.pdf;PDF;;;2026-10-04 20:57:17;DESCOBERTO;271017_total_announces_its_third_interim_dividend_for_2017.pdf;.pdf;;https://investidor10.com.br/stocks/tte/;MANUAL
2308;TOTALENERGIES;0000879764;https://totalenergies.com/sites/g/files/nytnzq121/files/atoms/files/2q17-results-final.pdf;PDF;;;2026-10-04 20:57:17;DESCOBERTO;2q17-results-final.pdf;.pdf;;https://investidor10.com.br/stocks/tte/;MANUAL
2309;TOTALENERGIES;0000879764;https://totalenergies.com/sites/g/files/nytnzq121/files/atoms/files/2q-accounts.pdf;PDF;;;2026-10-04 20:57:17;DESCOBERTO;2q-accounts.pdf;.pdf;;https://investidor10.com.br/stocks/tte/;MANUAL
2310;TOTALENERGIES;0000879764;https://totalenergies.com/sites/g/files/nytnzq121/files/atoms/files/annexe-au-30-juin-2017-en-def.pdf;PDF;;;2026-10-04 20:57:17;DESCOBERTO;annexe-au-30-juin-2017-en-def.pdf;.pdf;;https://investidor10.com.br/stocks/tte/;MANUAL
2311;TOTALENERGIES;0000879764;https://totalenergies.com/sites/g/files/nytnzq121/files/atoms/files/2q-dividend-cp.pdf;PDF;;;2026-10-04 20:57:17;DESCOBERTO;2q-dividend-cp.pdf;.pdf;;https://investidor10.com.br/stocks/tte/;MANUAL
2312;TOTALENERGIES;0000879764;https://totalenergies.com/sites/g/files/nytnzq121/files/atoms/files/rapport-semestriel-va.pdf;PDF;;;2026-10-04 20:57:18;DESCOBERTO;rapport-semestriel-va.pdf;.pdf;;https://investidor10.com.br/stocks/tte/;MANUAL
2313;TOTALENERGIES;0000879764;https://totalenergies.com/sites/g/files/nytnzq121/files/atoms/files/1q17_results.pdf;PDF;;;2026-10-04 20:57:18;DESCOBERTO;1q17_results.pdf;.pdf;;https://investidor10.com.br/stocks/tte/;MANUAL
2314;TOTALENERGIES;0000879764;https://totalenergies.com/sites/g/files/nytnzq121/files/atoms/files/1q17_accounts_0.pdf;PDF;;;2026-10-04 20:57:18;DESCOBERTO;1q17_accounts_0.pdf;.pdf;;https://investidor10.com.br/stocks/tte/;MANUAL
2315;TOTALENERGIES;0000879764;https://totalenergies.com/sites/g/files/nytnzq121/files/atoms/files/1q17_notes.pdf;PDF;;;2026-10-04 20:57:18;DESCOBERTO;1q17_notes.pdf;.pdf;;https://investidor10.com.br/stocks/tte/;MANUAL
2316;TOTALENERGIES;0000879764;https://totalenergies.com/sites/g/files/nytnzq121/files/atoms/files/1t17_dividends.pdf;PDF;;;2026-10-04 20:57:18;DESCOBERTO;1t17_dividends.pdf;.pdf;;https://investidor10.com.br/stocks/tte/;MANUAL
2317;TOTALENERGIES;0000879764;https://totalenergies.com/sites/g/files/nytnzq121/files/atoms/files/4q16_results.pdf;PDF;;;2026-10-04 20:57:18;DESCOBERTO;4q16_results.pdf;.pdf;;https://investidor10.com.br/stocks/tte/;MANUAL
2318;TOTALENERGIES;0000879764;https://totalenergies.com/sites/g/files/nytnzq121/files/atoms/files/accounts_4q16_0.pdf;PDF;;;2026-10-04 20:57:18;DESCOBERTO;accounts_4q16_0.pdf;.pdf;;https://investidor10.com.br/stocks/tte/;MANUAL
2319;TOTALENERGIES;0000879764;https://totalenergies.com/sites/g/files/nytnzq121/files/atoms/files/4t16_dividend.pdf;PDF;;;2026-10-04 20:57:18;DESCOBERTO;4t16_dividend.pdf;.pdf;;https://investidor10.com.br/stocks/tte/;MANUAL
2320;TOTALENERGIES;0000879764;https://totalenergies.com/sites/g/files/nytnzq121/files/atoms/files/total-2016-results-outlook-presentation_1.pdf;PDF;;;2026-10-04 20:57:18;DESCOBERTO;total-2016-results-outlook-presentation_1.pdf;.pdf;;https://investidor10.com.br/stocks/tte/;MANUAL
2321;TOTALENERGIES;0000879764;https://totalenergies.com/sites/g/files/nytnzq121/files/atoms/files/3q16-results.pdf;PDF;;;2026-10-04 20:57:18;DESCOBERTO;3q16-results.pdf;.pdf;;https://investidor10.com.br/stocks/tte/;MANUAL
2322;TOTALENERGIES;0000879764;https://totalenergies.com/sites/g/files/nytnzq121/files/atoms/files/3q16-accounts.pdf;PDF;;;2026-10-04 20:57:18;DESCOBERTO;3q16-accounts.pdf;.pdf;;https://investidor10.com.br/stocks/tte/;MANUAL
2323;TOTALENERGIES;0000879764;https://totalenergies.com/sites/g/files/nytnzq121/files/atoms/files/3q16-notes.pdf;PDF;;;2026-10-04 20:57:18;DESCOBERTO;3q16-notes.pdf;.pdf;;https://investidor10.com.br/stocks/tte/;MANUAL
2324;TOTALENERGIES;0000879764;https://totalenergies.com/sites/g/files/nytnzq121/files/atoms/files/3q16-dividend.pdf;PDF;;;2026-10-04 20:57:18;DESCOBERTO;3q16-dividend.pdf;.pdf;;https://investidor10.com.br/stocks/tte/;MANUAL
2325;TOTALENERGIES;0000879764;https://totalenergies.com/sites/g/files/nytnzq121/files/atoms/files/results-2q16-conso.pdf;PDF;;;2026-10-04 20:57:19;DESCOBERTO;results-2q16-conso.pdf;.pdf;;https://investidor10.com.br/stocks/tte/;MANUAL
2326;TOTALENERGIES;0000879764;https://totalenergies.com/sites/g/files/nytnzq121/files/atoms/files/accounts-2q16.pdf;PDF;;;2026-10-04 20:57:19;DESCOBERTO;accounts-2q16.pdf;.pdf;;https://investidor10.com.br/stocks/tte/;MANUAL
2327;TOTALENERGIES;0000879764;https://totalenergies.com/sites/g/files/nytnzq121/files/atoms/files/notes-2q16.pdf;PDF;;;2026-10-04 20:57:19;DESCOBERTO;notes-2q16.pdf;.pdf;;https://investidor10.com.br/stocks/tte/;MANUAL
2328;TOTALENERGIES;0000879764;https://totalenergies.com/sites/g/files/nytnzq121/files/atoms/files/2q16-dividend.pdf;PDF;;;2026-10-04 20:57:19;DESCOBERTO;2q16-dividend.pdf;.pdf;;https://investidor10.com.br/stocks/tte/;MANUAL
2329;TOTALENERGIES;0000879764;https://totalenergies.com/sites/g/files/nytnzq121/files/atoms/files/rapport-semestriel-va-2016_0.pdf;PDF;;;2026-10-04 20:57:19;DESCOBERTO;rapport-semestriel-va-2016_0.pdf;.pdf;;https://investidor10.com.br/stocks/tte/;MANUAL
2330;TOTALENERGIES;0000879764;https://totalenergies.com/sites/g/files/nytnzq121/files/atoms/files/1q16-results.pdf;PDF;;;2026-10-04 20:57:19;DESCOBERTO;1q16-results.pdf;.pdf;;https://investidor10.com.br/stocks/tte/;MANUAL
2331;TOTALENERGIES;0000879764;https://totalenergies.com/sites/g/files/nytnzq121/files/atoms/files/1q16-accounts.pdf;PDF;;;2026-10-04 20:57:19;DESCOBERTO;1q16-accounts.pdf;.pdf;;https://investidor10.com.br/stocks/tte/;MANUAL
2332;TOTALENERGIES;0000879764;https://totalenergies.com/sites/g/files/nytnzq121/files/atoms/files/1q16-notes.pdf;PDF;;;2026-10-04 20:57:19;DESCOBERTO;1q16-notes.pdf;.pdf;;https://investidor10.com.br/stocks/tte/;MANUAL
2333;TOTALENERGIES;0000879764;https://totalenergies.com/sites/g/files/nytnzq121/files/atoms/files/1q16-dividend.pdf;PDF;;;2026-10-04 20:57:19;DESCOBERTO;1q16-dividend.pdf;.pdf;;https://investidor10.com.br/stocks/tte/;MANUAL
2334;TOTALENERGIES;0000879764;https://totalenergies.com/sites/g/files/nytnzq121/files/atoms/files/4q15_results.pdf;PDF;;;2026-10-04 20:57:19;DESCOBERTO;4q15_results.pdf;.pdf;;https://investidor10.com.br/stocks/tte/;MANUAL
2335;TOTALENERGIES;0000879764;https://totalenergies.com/sites/g/files/nytnzq121/files/atoms/files/accounts_4q15.pdf;PDF;;;2026-10-04 20:57:19;DESCOBERTO;accounts_4q15.pdf;.pdf;;https://investidor10.com.br/stocks/tte/;MANUAL
2336;TOTALENERGIES;0000879764;https://totalenergies.com/sites/g/files/nytnzq121/files/atoms/files/statutory-auditors-report-on-the-consolidated-financial-statements-2015.pdf;PDF;;;2026-10-04 20:57:19;DESCOBERTO;statutory-auditors-report-on-the-consolidated-financial-statements-2015.pdf;.pdf;;https://investidor10.com.br/stocks/tte/;MANUAL
2337;TOTALENERGIES;0000879764;https://totalenergies.com/sites/g/files/nytnzq121/files/atoms/files/110216_total_proposes_a_fourth_quarter_2015_dividend_of_0.61_euros_per_share_.pdf;PDF;;;2026-10-04 20:57:19;DESCOBERTO;110216_total_proposes_a_fourth_quarter_2015_dividend_of_0.61_euros_per_share_.pdf;.pdf;;https://investidor10.com.br/stocks/tte/;MANUAL
2338;TOTALENERGIES;0000879764;https://totalenergies.com/sites/g/files/nytnzq121/files/atoms/files/results-outlook-2015.pdf;PDF;;;2026-10-04 20:57:20;DESCOBERTO;results-outlook-2015.pdf;.pdf;;https://investidor10.com.br/stocks/tte/;MANUAL
2339;TOTALENERGIES;0000879764;https://totalenergies.com/sites/g/files/nytnzq121/files/atoms/files/3q15-results.pdf;PDF;;;2026-10-04 20:57:20;DESCOBERTO;3q15-results.pdf;.pdf;;https://investidor10.com.br/stocks/tte/;MANUAL
2340;TOTALENERGIES;0000879764;https://totalenergies.com/sites/g/files/nytnzq121/files/atoms/files/3q15-accounts.pdf;PDF;;;2026-10-04 20:57:20;DESCOBERTO;3q15-accounts.pdf;.pdf;;https://investidor10.com.br/stocks/tte/;MANUAL
2341;TOTALENERGIES;0000879764;https://totalenergies.com/sites/g/files/nytnzq121/files/atoms/files/3q15-notes.pdf;PDF;;;2026-10-04 20:57:20;DESCOBERTO;3q15-notes.pdf;.pdf;;https://investidor10.com.br/stocks/tte/;MANUAL
2342;TOTALENERGIES;0000879764;https://totalenergies.com/sites/g/files/nytnzq121/files/atoms/files/total-announces-its-third-quarter-2015-interim-dividend.pdf;PDF;;;2026-10-04 20:57:20;DESCOBERTO;total-announces-its-third-quarter-2015-interim-dividend.pdf;.pdf;;https://investidor10.com.br/stocks/tte/;MANUAL
2343;TOTALENERGIES;0000879764;https://totalenergies.com/sites/g/files/nytnzq121/files/atoms/files/2q15-results.pdf;PDF;;;2026-10-04 20:57:20;DESCOBERTO;2q15-results.pdf;.pdf;;https://investidor10.com.br/stocks/tte/;MANUAL
2344;TOTALENERGIES;0000879764;https://totalenergies.com/sites/g/files/nytnzq121/files/atoms/files/2q15-accounts.pdf;PDF;;;2026-10-04 20:57:20;DESCOBERTO;2q15-accounts.pdf;.pdf;;https://investidor10.com.br/stocks/tte/;MANUAL
2345;TOTALENERGIES;0000879764;https://totalenergies.com/sites/g/files/nytnzq121/files/atoms/files/2q15-notes.pdf;PDF;;;2026-10-04 20:57:20;DESCOBERTO;2q15-notes.pdf;.pdf;;https://investidor10.com.br/stocks/tte/;MANUAL
2346;TOTALENERGIES;0000879764;https://totalenergies.com/sites/g/files/nytnzq121/files/atoms/files/total-announces-its-second-quarter-2015-interim-dividend.pdf;PDF;;;2026-10-04 20:57:20;DESCOBERTO;total-announces-its-second-quarter-2015-interim-dividend.pdf;.pdf;;https://investidor10.com.br/stocks/tte/;MANUAL
2347;TOTALENERGIES;0000879764;https://totalenergies.com/sites/g/files/nytnzq121/files/atoms/files/first-half-2015-financial-report.pdf;PDF;;;2026-10-04 20:57:20;DESCOBERTO;first-half-2015-financial-report.pdf;.pdf;;https://investidor10.com.br/stocks/tte/;MANUAL
2348;TOTALENERGIES;0000879764;https://totalenergies.com/sites/g/files/nytnzq121/files/atoms/files/1q15-results.pdf;PDF;;;2026-10-04 20:57:20;DESCOBERTO;1q15-results.pdf;.pdf;;https://investidor10.com.br/stocks/tte/;MANUAL
2349;TOTALENERGIES;0000879764;https://totalenergies.com/sites/g/files/nytnzq121/files/atoms/files/1q15-accounts.pdf;PDF;;;2026-10-04 20:57:20;DESCOBERTO;1q15-accounts.pdf;.pdf;;https://investidor10.com.br/stocks/tte/;MANUAL
2350;TOTALENERGIES;0000879764;https://totalenergies.com/sites/g/files/nytnzq121/files/atoms/files/1q15-notes.pdf;PDF;;;2026-10-04 20:57:20;DESCOBERTO;1q15-notes.pdf;.pdf;;https://investidor10.com.br/stocks/tte/;MANUAL
2351;TOTALENERGIES;0000879764;https://totalenergies.com/sites/g/files/nytnzq121/files/atoms/files/1q15-_interim-dividend.pdf;PDF;;;2026-10-04 20:57:20;DESCOBERTO;1q15-_interim-dividend.pdf;.pdf;;https://investidor10.com.br/stocks/tte/;MANUAL
2352;TOTALENERGIES;0000879764;https://totalenergies.com/sites/g/files/nytnzq121/files/atoms/files/4q14-results.pdf;PDF;;;2026-10-04 20:57:20;DESCOBERTO;4q14-results.pdf;.pdf;;https://investidor10.com.br/stocks/tte/;MANUAL
2353;TOTALENERGIES;0000879764;https://totalenergies.com/sites/g/files/nytnzq121/files/atoms/files/4q14-accounts.pdf;PDF;;;2026-10-04 20:57:20;DESCOBERTO;4q14-accounts.pdf;.pdf;;https://investidor10.com.br/stocks/tte/;MANUAL
2354;TOTALENERGIES;0000879764;https://totalenergies.com/sites/g/files/nytnzq121/files/atoms/files/statutory-auditors-report-on-the-consolidated-financial-statements-2014.pdf;PDF;;;2026-10-04 20:57:21;DESCOBERTO;statutory-auditors-report-on-the-consolidated-financial-statements-2014.pdf;.pdf;;https://investidor10.com.br/stocks/tte/;MANUAL
2355;TOTALENERGIES;0000879764;https://totalenergies.com/sites/g/files/nytnzq121/files/atoms/files/02-12022015_dividend.pdf;PDF;;;2026-10-04 20:57:21;DESCOBERTO;02-12022015_dividend.pdf;.pdf;;https://investidor10.com.br/stocks/tte/;MANUAL
2356;TOTALENERGIES;0000879764;https://totalenergies.com/sites/g/files/nytnzq121/files/atoms/files/4t14-presentation-2014-and-outlook.pdf;PDF;;;2026-10-04 20:57:21;DESCOBERTO;4t14-presentation-2014-and-outlook.pdf;.pdf;;https://investidor10.com.br/stocks/tte/;MANUAL
2357;TOTALENERGIES;0000879764;https://totalenergies.com/sites/g/files/nytnzq121/files/atoms/files/3q14-results.pdf;PDF;;;2026-10-04 20:57:21;DESCOBERTO;3q14-results.pdf;.pdf;;https://investidor10.com.br/stocks/tte/;MANUAL
2358;TOTALENERGIES;0000879764;https://totalenergies.com/sites/g/files/nytnzq121/files/atoms/files/3q14-accounts.pdf;PDF;;;2026-10-04 20:57:21;DESCOBERTO;3q14-accounts.pdf;.pdf;;https://investidor10.com.br/stocks/tte/;MANUAL
2359;TOTALENERGIES;0000879764;https://totalenergies.com/sites/g/files/nytnzq121/files/atoms/files/3q14-notes.pdf;PDF;;;2026-10-04 20:57:21;DESCOBERTO;3q14-notes.pdf;.pdf;;https://investidor10.com.br/stocks/tte/;MANUAL
2360;TOTALENERGIES;0000879764;https://totalenergies.com/sites/g/files/nytnzq121/files/atoms/files/resultats-2t-2014-cp_en-v2.pdf;PDF;;;2026-10-04 20:57:21;DESCOBERTO;resultats-2t-2014-cp_en-v2.pdf;.pdf;;https://investidor10.com.br/stocks/tte/;MANUAL
2361;TOTALENERGIES;0000879764;https://totalenergies.com/sites/g/files/nytnzq121/files/atoms/files/resultats-2t-2014-comptes_en.pdf;PDF;;;2026-10-04 20:57:21;DESCOBERTO;resultats-2t-2014-comptes_en.pdf;.pdf;;https://investidor10.com.br/stocks/tte/;MANUAL
2362;TOTALENERGIES;0000879764;https://totalenergies.com/sites/g/files/nytnzq121/files/atoms/files/resultats-2t-2014-annexes_en.pdf;PDF;;;2026-10-04 20:57:21;DESCOBERTO;resultats-2t-2014-annexes_en.pdf;.pdf;;https://investidor10.com.br/stocks/tte/;MANUAL
2363;TOTALENERGIES;0000879764;https://totalenergies.com/sites/g/files/nytnzq121/files/atoms/files/resultats-1s-2014-rapport_financier_en.pdf;PDF;;;2026-10-04 20:57:21;DESCOBERTO;resultats-1s-2014-rapport_financier_en.pdf;.pdf;;https://investidor10.com.br/stocks/tte/;MANUAL
2364;TOTALENERGIES;0000879764;https://totalenergies.com/sites/g/files/nytnzq121/files/atoms/files/first-quarter-results-2014-pr.pdf;PDF;;;2026-10-04 20:57:21;DESCOBERTO;first-quarter-results-2014-pr.pdf;.pdf;;https://investidor10.com.br/stocks/tte/;MANUAL
2365;TOTALENERGIES;0000879764;https://totalenergies.com/sites/g/files/nytnzq121/files/atoms/files/firts-quarter-results-2014-accounts.pdf;PDF;;;2026-10-04 20:57:21;DESCOBERTO;firts-quarter-results-2014-accounts.pdf;.pdf;;https://investidor10.com.br/stocks/tte/;MANUAL
2366;TOTALENERGIES;0000879764;https://totalenergies.com/sites/g/files/nytnzq121/files/atoms/files/1q14_notes.pdf;PDF;;;2026-10-04 20:57:21;DESCOBERTO;1q14_notes.pdf;.pdf;;https://investidor10.com.br/stocks/tte/;MANUAL
2367;TOTALENERGIES;0000879764;https://totalenergies.com/sites/g/files/nytnzq121/files/atoms/files/total-2013-en-results-pr.pdf;PDF;;;2026-10-04 20:57:21;DESCOBERTO;total-2013-en-results-pr.pdf;.pdf;;https://investidor10.com.br/stocks/tte/;MANUAL
2368;TOTALENERGIES;0000879764;https://totalenergies.com/sites/g/files/nytnzq121/files/atoms/files/total-2013-en-results-accounts.pdf;PDF;;;2026-10-04 20:57:21;DESCOBERTO;total-2013-en-results-accounts.pdf;.pdf;;https://investidor10.com.br/stocks/tte/;MANUAL
2369;TOTALENERGIES;0000879764;https://totalenergies.com/sites/g/files/nytnzq121/files/atoms/files/statutory-auditors-report-on-the-consolidated-financial-statements-2013.pdf;PDF;;;2026-10-04 20:57:21;DESCOBERTO;statutory-auditors-report-on-the-consolidated-financial-statements-2013.pdf;.pdf;;https://investidor10.com.br/stocks/tte/;MANUAL
2370;TOTALENERGIES;0000879764;https://totalenergies.com/sites/g/files/nytnzq121/files/atoms/files/total-2013-en-outlook.pdf;PDF;;;2026-10-04 20:57:22;DESCOBERTO;total-2013-en-outlook.pdf;.pdf;;https://investidor10.com.br/stocks/tte/;MANUAL
2371;TOTALENERGIES;0000879764;https://totalenergies.com/sites/g/files/nytnzq121/files/atoms/file/Total-2013-en-3Q-Results-311013-pr.pdf;PDF;;;2026-10-04 20:57:22;DESCOBERTO;Total-2013-en-3Q-Results-311013-pr.pdf;.pdf;;https://investidor10.com.br/stocks/tte/;MANUAL
2372;TOTALENERGIES;0000879764;https://totalenergies.com/sites/g/files/nytnzq121/files/atoms/file/Total-2013-en-3Q-Results-311013-Accounts.pdf;PDF;;;2026-10-04 20:57:22;DESCOBERTO;Total-2013-en-3Q-Results-311013-Accounts.pdf;.pdf;;https://investidor10.com.br/stocks/tte/;MANUAL
2373;TOTALENERGIES;0000879764;https://totalenergies.com/sites/g/files/nytnzq121/files/atoms/file/Total-2013-en-3Q-Results-311013-Notes.pdf;PDF;;;2026-10-04 20:57:22;DESCOBERTO;Total-2013-en-3Q-Results-311013-Notes.pdf;.pdf;;https://investidor10.com.br/stocks/tte/;MANUAL
2374;TOTALENERGIES;0000879764;https://totalenergies.com/sites/g/files/nytnzq121/files/atoms/file/Total-2013-en-3Q-Results-311013-Interim-dividend.pdf;PDF;;;2026-10-04 20:57:22;DESCOBERTO;Total-2013-en-3Q-Results-311013-Interim-dividend.pdf;.pdf;;https://investidor10.com.br/stocks/tte/;MANUAL
2375;TOTALENERGIES;0000879764;https://totalenergies.com/sites/g/files/nytnzq121/files/atoms/files/total-2013-en-2q-results-260713-pr.pdf;PDF;;;2026-10-04 20:57:22;DESCOBERTO;total-2013-en-2q-results-260713-pr.pdf;.pdf;;https://investidor10.com.br/stocks/tte/;MANUAL
2376;TOTALENERGIES;0000879764;https://totalenergies.com/sites/g/files/nytnzq121/files/atoms/files/total-2013-en-2q-results-260713-accounts.pdf;PDF;;;2026-10-04 20:57:22;DESCOBERTO;total-2013-en-2q-results-260713-accounts.pdf;.pdf;;https://investidor10.com.br/stocks/tte/;MANUAL
2377;TOTALENERGIES;0000879764;https://totalenergies.com/sites/g/files/nytnzq121/files/atoms/files/total-2013-en-2q-results-260713-notes.pdf;PDF;;;2026-10-04 20:57:22;DESCOBERTO;total-2013-en-2q-results-260713-notes.pdf;.pdf;;https://investidor10.com.br/stocks/tte/;MANUAL
2378;TOTALENERGIES;0000879764;https://totalenergies.com/sites/g/files/nytnzq121/files/atoms/files/total-2013-en-2q-results-260713-interim-dividend.pdf;PDF;;;2026-10-04 20:57:22;DESCOBERTO;total-2013-en-2q-results-260713-interim-dividend.pdf;.pdf;;https://investidor10.com.br/stocks/tte/;MANUAL
2379;TOTALENERGIES;0000879764;https://totalenergies.com/sites/g/files/nytnzq121/files/atoms/files/total-2013-en-2q-results-260713-financial-report-1h13.pdf;PDF;;;2026-10-04 20:57:22;DESCOBERTO;total-2013-en-2q-results-260713-financial-report-1h13.pdf;.pdf;;https://investidor10.com.br/stocks/tte/;MANUAL
2380;TOTALENERGIES;0000879764;https://totalenergies.com/sites/g/files/nytnzq121/files/atoms/files/total-20130426-1q-pr.pdf;PDF;;;2026-10-04 20:57:22;DESCOBERTO;total-20130426-1q-pr.pdf;.pdf;;https://investidor10.com.br/stocks/tte/;MANUAL
2381;TOTALENERGIES;0000879764;https://totalenergies.com/sites/g/files/nytnzq121/files/atoms/files/total-20130426-1q-accounts.pdf;PDF;;;2026-10-04 20:57:22;DESCOBERTO;total-20130426-1q-accounts.pdf;.pdf;;https://investidor10.com.br/stocks/tte/;MANUAL
2382;TOTALENERGIES;0000879764;https://totalenergies.com/sites/g/files/nytnzq121/files/atoms/files/total-20130426-1q-notes.pdf;PDF;;;2026-10-04 20:57:22;DESCOBERTO;total-20130426-1q-notes.pdf;.pdf;;https://investidor10.com.br/stocks/tte/;MANUAL
2383;TOTALENERGIES;0000879764;https://totalenergies.com/sites/g/files/nytnzq121/files/atoms/files/total-20130426-1q-dividend.pdf;PDF;;;2026-10-04 20:57:22;DESCOBERTO;total-20130426-1q-dividend.pdf;.pdf;;https://investidor10.com.br/stocks/tte/;MANUAL
2384;TOTALENERGIES;0000879764;https://totalenergies.com/sites/g/files/nytnzq121/files/atoms/files/cp-7en.pdf;PDF;;;2026-10-04 20:57:22;DESCOBERTO;cp-7en.pdf;.pdf;;https://investidor10.com.br/stocks/tte/;MANUAL
2385;TOTALENERGIES;0000879764;https://totalenergies.com/sites/g/files/nytnzq121/files/atoms/file/comptes-consolides.pdf;PDF;;;2026-10-04 20:57:22;DESCOBERTO;comptes-consolides.pdf;.pdf;;https://investidor10.com.br/stocks/tte/;MANUAL
2386;TOTALENERGIES;0000879764;https://totalenergies.com/sites/g/files/nytnzq121/files/atoms/file/rapport-des-commissaires-aux-comptes.pdf;PDF;;;2026-10-04 20:57:22;DESCOBERTO;rapport-des-commissaires-aux-comptes.pdf;.pdf;;https://investidor10.com.br/stocks/tte/;MANUAL
2387;TOTALENERGIES;0000879764;https://totalenergies.com/sites/g/files/nytnzq121/files/atoms/file/presentation-globale.pdf;PDF;;;2026-10-04 20:57:22;DESCOBERTO;presentation-globale.pdf;.pdf;;https://investidor10.com.br/stocks/tte/;MANUAL
2388;TOTALENERGIES;0000879764;https://totalenergies.com/sites/g/files/nytnzq121/files/atoms/files/total-20121031-sem3-pr.pdf;PDF;;;2026-10-04 20:57:22;DESCOBERTO;total-20121031-sem3-pr.pdf;.pdf;;https://investidor10.com.br/stocks/tte/;MANUAL
2389;TOTALENERGIES;0000879764;https://totalenergies.com/sites/g/files/nytnzq121/files/atoms/file/2Total-Consolidated-Financial-Statements-3Q2012.pdf;PDF;;;2026-10-04 20:57:22;DESCOBERTO;2Total-Consolidated-Financial-Statements-3Q2012.pdf;.pdf;;https://investidor10.com.br/stocks/tte/;MANUAL
2390;TOTALENERGIES;0000879764;https://totalenergies.com/sites/g/files/nytnzq121/files/atoms/files/201210331-accounts-notes-2012.pdf;PDF;;;2026-10-04 20:57:23;DESCOBERTO;201210331-accounts-notes-2012.pdf;.pdf;;https://investidor10.com.br/stocks/tte/;MANUAL
2391;TOTALENERGIES;0000879764;https://totalenergies.com/sites/g/files/nytnzq121/files/atoms/files/201210331-interim-dividend-2012.pdf;PDF;;;2026-10-04 20:57:23;DESCOBERTO;201210331-interim-dividend-2012.pdf;.pdf;;https://investidor10.com.br/stocks/tte/;MANUAL
2392;TOTALENERGIES;0000879764;https://totalenergies.com/sites/g/files/nytnzq121/files/atoms/file/Total-2012-en-2Q-Results-120727-pr.pdf;PDF;;;2026-10-04 20:57:23;DESCOBERTO;Total-2012-en-2Q-Results-120727-pr.pdf;.pdf;;https://investidor10.com.br/stocks/tte/;MANUAL
2393;TOTALENERGIES;0000879764;https://totalenergies.com/sites/g/files/nytnzq121/files/atoms/files/total-20120727-2q-results-accounts.pdf;PDF;;;2026-10-04 20:57:23;DESCOBERTO;total-20120727-2q-results-accounts.pdf;.pdf;;https://investidor10.com.br/stocks/tte/;MANUAL
2394;TOTALENERGIES;0000879764;https://totalenergies.com/sites/g/files/nytnzq121/files/atoms/files/total-20120727-2q-notes_0.pdf;PDF;;;2026-10-04 20:57:23;DESCOBERTO;total-20120727-2q-notes_0.pdf;.pdf;;https://investidor10.com.br/stocks/tte/;MANUAL
2395;TOTALENERGIES;0000879764;https://totalenergies.com/sites/g/files/nytnzq121/files/atoms/files/total-20120727-2q-2012-interim-dividend.pdf;PDF;;;2026-10-04 20:57:23;DESCOBERTO;total-20120727-2q-2012-interim-dividend.pdf;.pdf;;https://investidor10.com.br/stocks/tte/;MANUAL
2396;TOTALENERGIES;0000879764;https://totalenergies.com/sites/g/files/nytnzq121/files/atoms/files/total-2012-financial-report-1sem.pdf;PDF;;;2026-10-04 20:57:23;DESCOBERTO;total-2012-financial-report-1sem.pdf;.pdf;;https://investidor10.com.br/stocks/tte/;MANUAL
2397;TOTALENERGIES;0000879764;https://totalenergies.com/sites/g/files/nytnzq121/files/atoms/files/total-2012-en-1q-results-120427-pr-v2.pdf;PDF;;;2026-10-04 20:57:23;DESCOBERTO;total-2012-en-1q-results-120427-pr-v2.pdf;.pdf;;https://investidor10.com.br/stocks/tte/;MANUAL
2398;TOTALENERGIES;0000879764;https://totalenergies.com/sites/g/files/nytnzq121/files/atoms/files/total-2012-en-1q-results-120427-accounts_0.pdf;PDF;;;2026-10-04 20:57:23;DESCOBERTO;total-2012-en-1q-results-120427-accounts_0.pdf;.pdf;;https://investidor10.com.br/stocks/tte/;MANUAL
2399;TOTALENERGIES;0000879764;https://totalenergies.com/sites/g/files/nytnzq121/files/atoms/files/total-2012-en-1q-results-120427-notes.pdf;PDF;;;2026-10-04 20:57:23;DESCOBERTO;total-2012-en-1q-results-120427-notes.pdf;.pdf;;https://investidor10.com.br/stocks/tte/;MANUAL
2400;TOTALENERGIES;0000879764;https://totalenergies.com/sites/g/files/nytnzq121/files/atoms/files/total-2012-en-1q-results-120427-interim-dividend.pdf;PDF;;;2026-10-04 20:57:23;DESCOBERTO;total-2012-en-1q-results-120427-interim-dividend.pdf;.pdf;;https://investidor10.com.br/stocks/tte/;MANUAL
2401;EXXONMOBIL;0000034088;https://d1io3yog0oux5.cloudfront.net/_049f4bfce466226b8dbc5ba1fa8aa005/exxonmobil/files/553890/2024_FAFRs_-_Final.pdf;PDF;;;2026-10-04 20:57:33;DESCOBERTO;2024_FAFRs_-_Final.pdf;.pdf;;https://investidor10.com.br/stocks/xom/;MANUAL
2402;EXXONMOBIL;0000034088;https://d1io3yog0oux5.cloudfront.net/_a430827547f64a498d7fc8f80494f171/exxonmobil/db/2288/22701/earnings_release/2Q26+Earnings+Release+Website.pdf;PDF;;;2026-10-04 20:57:33;DESCOBERTO;2Q26+Earnings+Release+Website.pdf;.pdf;;https://investidor10.com.br/stocks/xom/;MANUAL
2403;EXXONMOBIL;0000034088;https://d1io3yog0oux5.cloudfront.net/_a430827547f64a498d7fc8f80494f171/exxonmobil/db/2288/22701/webcast_transcript/2Q26+ExxonMobil+Earnings+Call+Transcript.pdf;PDF;;;2026-10-04 20:57:33;DESCOBERTO;2Q26+ExxonMobil+Earnings+Call+Transcript.pdf;.pdf;;https://investidor10.com.br/stocks/xom/;MANUAL
2404;EXXONMOBIL;0000034088;https://d1io3yog0oux5.cloudfront.net/_a430827547f64a498d7fc8f80494f171/exxonmobil/db/2288/22701/presentation/2Q26+Earnings+presentation+slides.pdf;PDF;;;2026-10-04 20:57:33;DESCOBERTO;2Q26+Earnings+presentation+slides.pdf;.pdf;;https://investidor10.com.br/stocks/xom/;MANUAL
2405;EXXONMOBIL;0000034088;https://d1io3yog0oux5.cloudfront.net/_a430827547f64a498d7fc8f80494f171/exxonmobil/db/2288/22701/cautionary_statement/Cautionary+statement.pdf;PDF;;;2026-10-04 20:57:33;DESCOBERTO;Cautionary+statement.pdf;.pdf;;https://investidor10.com.br/stocks/xom/;MANUAL
2406;EXXONMOBIL;0000034088;https://d1io3yog0oux5.cloudfront.net/_a430827547f64a498d7fc8f80494f171/exxonmobil/db/2404/22710/pdf/2Q26+Prepared+Remarks.pdf;PDF;;;2026-10-04 20:57:33;DESCOBERTO;2Q26+Prepared+Remarks.pdf;.pdf;;https://investidor10.com.br/stocks/xom/;MANUAL
2407;EXXONMOBIL;0000034088;https://investor.exxonmobil.com/sec-filings/all-sec-filings/content/0000034088-26-000093/0000034088-26-000093.pdf;PDF;;;2026-10-04 20:57:33;DESCOBERTO;0000034088-26-000093.pdf;.pdf;;https://investidor10.com.br/stocks/xom/;MANUAL
2408;EXXONMOBIL;0000034088;https://d1io3yog0oux5.cloudfront.net/_a430827547f64a498d7fc8f80494f171/exxonmobil/db/2288/22701/supplement/2Q26+Supplement+Data.pdf;PDF;;;2026-10-04 20:57:33;DESCOBERTO;2Q26+Supplement+Data.pdf;.pdf;;https://investidor10.com.br/stocks/xom/;MANUAL
2409;EXXONMOBIL;0000034088;https://d1io3yog0oux5.cloudfront.net/_a430827547f64a498d7fc8f80494f171/exxonmobil/db/2288/22701/supplement_xlsx_/Earning+Release+Supplement+Data+-+Excel+Version.xlsx;XLSX;;;2026-10-04 20:57:33;DESCOBERTO;Earning+Release+Supplement+Data+-+Excel+Version.xlsx;.xlsx;;https://investidor10.com.br/stocks/xom/;MANUAL
2410;EXXONMOBIL;0000034088;https://d1io3yog0oux5.cloudfront.net/_a430827547f64a498d7fc8f80494f171/exxonmobil/db/2288/22639/earnings_release/1Q26+Earnings+Press+Release+Website.pdf;PDF;;;2026-10-04 20:57:33;DESCOBERTO;1Q26+Earnings+Press+Release+Website.pdf;.pdf;;https://investidor10.com.br/stocks/xom/;MANUAL
2411;EXXONMOBIL;0000034088;https://d1io3yog0oux5.cloudfront.net/_a430827547f64a498d7fc8f80494f171/exxonmobil/db/2288/22639/webcast_transcript/ExxonMobil+1Q26+Earnings+Transcript.pdf;PDF;;;2026-10-04 20:57:33;DESCOBERTO;ExxonMobil+1Q26+Earnings+Transcript.pdf;.pdf;;https://investidor10.com.br/stocks/xom/;MANUAL
2412;EXXONMOBIL;0000034088;https://d1io3yog0oux5.cloudfront.net/_a430827547f64a498d7fc8f80494f171/exxonmobil/db/2288/22639/presentation/1Q26+Earnings+presentation.pdf;PDF;;;2026-10-04 20:57:33;DESCOBERTO;1Q26+Earnings+presentation.pdf;.pdf;;https://investidor10.com.br/stocks/xom/;MANUAL
2413;EXXONMOBIL;0000034088;https://d1io3yog0oux5.cloudfront.net/_a430827547f64a498d7fc8f80494f171/exxonmobil/db/2288/22639/cautionary_statement/Cautionary+Statement.pdf;PDF;;;2026-10-04 20:57:33;DESCOBERTO;Cautionary+Statement.pdf;.pdf;;https://investidor10.com.br/stocks/xom/;MANUAL
2414;EXXONMOBIL;0000034088;https://d1io3yog0oux5.cloudfront.net/_a430827547f64a498d7fc8f80494f171/exxonmobil/db/2404/22642/pdf/1Q26+Earnings+Prepared+Remarks.pdf;PDF;;;2026-10-04 20:57:33;DESCOBERTO;1Q26+Earnings+Prepared+Remarks.pdf;.pdf;;https://investidor10.com.br/stocks/xom/;MANUAL
2415;EXXONMOBIL;0000034088;https://investor.exxonmobil.com/sec-filings/all-sec-filings/content/0000034088-26-000067/0000034088-26-000067.pdf;PDF;;;2026-10-04 20:57:33;DESCOBERTO;0000034088-26-000067.pdf;.pdf;;https://investidor10.com.br/stocks/xom/;MANUAL
2416;EXXONMOBIL;0000034088;https://d1io3yog0oux5.cloudfront.net/_a430827547f64a498d7fc8f80494f171/exxonmobil/db/2288/22639/supplement/1Q26+Supplement+Website.pdf;PDF;;;2026-10-04 20:57:33;DESCOBERTO;1Q26+Supplement+Website.pdf;.pdf;;https://investidor10.com.br/stocks/xom/;MANUAL
2417;EXXONMOBIL;0000034088;https://d1io3yog0oux5.cloudfront.net/_a430827547f64a498d7fc8f80494f171/exxonmobil/db/2288/22639/supplement_xlsx_/1Q26+Supplement+Website.xlsx;XLSX;;;2026-10-04 20:57:33;DESCOBERTO;1Q26+Supplement+Website.xlsx;.xlsx;;https://investidor10.com.br/stocks/xom/;MANUAL
2418;EXXONMOBIL;0000034088;https://d1io3yog0oux5.cloudfront.net/_a430827547f64a498d7fc8f80494f171/exxonmobil/db/2288/22589/earnings_release/4Q25+Earnings+Press+Release+Website.pdf;PDF;;;2026-10-04 20:57:33;DESCOBERTO;4Q25+Earnings+Press+Release+Website.pdf;.pdf;;https://investidor10.com.br/stocks/xom/;MANUAL
2419;EXXONMOBIL;0000034088;https://d1io3yog0oux5.cloudfront.net/_a430827547f64a498d7fc8f80494f171/exxonmobil/db/2288/22589/webcast_transcript/4Q25+Earnings+Transcript.pdf;PDF;;;2026-10-04 20:57:33;DESCOBERTO;4Q25+Earnings+Transcript.pdf;.pdf;;https://investidor10.com.br/stocks/xom/;MANUAL
2420;EXXONMOBIL;0000034088;https://d1io3yog0oux5.cloudfront.net/_a430827547f64a498d7fc8f80494f171/exxonmobil/db/2288/22589/presentation/4Q25+Earnings+Slides.pdf;PDF;;;2026-10-04 20:57:34;DESCOBERTO;4Q25+Earnings+Slides.pdf;.pdf;;https://investidor10.com.br/stocks/xom/;MANUAL
2421;EXXONMOBIL;0000034088;https://d1io3yog0oux5.cloudfront.net/_a430827547f64a498d7fc8f80494f171/exxonmobil/db/2288/22589/cautionary_statement/Cautionary+Statement.pdf;PDF;;;2026-10-04 20:57:34;DESCOBERTO;Cautionary+Statement.pdf;.pdf;;https://investidor10.com.br/stocks/xom/;MANUAL
2422;EXXONMOBIL;0000034088;https://d1io3yog0oux5.cloudfront.net/_a430827547f64a498d7fc8f80494f171/exxonmobil/db/2404/22613/pdf/4Q25+Prepared+Remarks.pdf;PDF;;;2026-10-04 20:57:34;DESCOBERTO;4Q25+Prepared+Remarks.pdf;.pdf;;https://investidor10.com.br/stocks/xom/;MANUAL
2423;EXXONMOBIL;0000034088;https://investor.exxonmobil.com/sec-filings/all-sec-filings/content/0000034088-26-000045/0000034088-26-000045.pdf;PDF;;;2026-10-04 20:57:34;DESCOBERTO;0000034088-26-000045.pdf;.pdf;;https://investidor10.com.br/stocks/xom/;MANUAL
2424;EXXONMOBIL;0000034088;https://d1io3yog0oux5.cloudfront.net/_a430827547f64a498d7fc8f80494f171/exxonmobil/db/2288/22589/supplement/4Q25+Supplement+Website.pdf;PDF;;;2026-10-04 20:57:34;DESCOBERTO;4Q25+Supplement+Website.pdf;.pdf;;https://investidor10.com.br/stocks/xom/;MANUAL
2425;EXXONMOBIL;0000034088;https://d1io3yog0oux5.cloudfront.net/_a430827547f64a498d7fc8f80494f171/exxonmobil/db/2288/22589/supplement_xlsx_/4Q25+Supplement+Website.xlsx;XLSX;;;2026-10-04 20:57:34;DESCOBERTO;4Q25+Supplement+Website.xlsx;.xlsx;;https://investidor10.com.br/stocks/xom/;MANUAL
2426;EXXONMOBIL;0000034088;https://d1io3yog0oux5.cloudfront.net/_a430827547f64a498d7fc8f80494f171/exxonmobil/db/2288/22477/earnings_release/3Q25+Earnings+Press+Release+Website.pdf;PDF;;;2026-10-04 20:57:34;DESCOBERTO;3Q25+Earnings+Press+Release+Website.pdf;.pdf;;https://investidor10.com.br/stocks/xom/;MANUAL
2427;EXXONMOBIL;0000034088;https://d1io3yog0oux5.cloudfront.net/_a430827547f64a498d7fc8f80494f171/exxonmobil/db/2288/22477/webcast_transcript/3Q25+Earnings+Transcript.pdf;PDF;;;2026-10-04 20:57:34;DESCOBERTO;3Q25+Earnings+Transcript.pdf;.pdf;;https://investidor10.com.br/stocks/xom/;MANUAL
2428;EXXONMOBIL;0000034088;https://d1io3yog0oux5.cloudfront.net/_a430827547f64a498d7fc8f80494f171/exxonmobil/db/2288/22477/presentation/3Q25+Earnings+Slides.pdf;PDF;;;2026-10-04 20:57:34;DESCOBERTO;3Q25+Earnings+Slides.pdf;.pdf;;https://investidor10.com.br/stocks/xom/;MANUAL
2429;EXXONMOBIL;0000034088;https://d1io3yog0oux5.cloudfront.net/_a430827547f64a498d7fc8f80494f171/exxonmobil/db/2288/22477/cautionary_statement/Cautionary+Statement.pdf;PDF;;;2026-10-04 20:57:34;DESCOBERTO;Cautionary+Statement.pdf;.pdf;;https://investidor10.com.br/stocks/xom/;MANUAL
2430;EXXONMOBIL;0000034088;https://d1io3yog0oux5.cloudfront.net/_a430827547f64a498d7fc8f80494f171/exxonmobil/db/2404/22479/pdf/3Q25+Earnings+-+Prepared+Remarks.pdf;PDF;;;2026-10-04 20:57:34;DESCOBERTO;3Q25+Earnings+-+Prepared+Remarks.pdf;.pdf;;https://investidor10.com.br/stocks/xom/;MANUAL
2431;EXXONMOBIL;0000034088;https://investor.exxonmobil.com/sec-filings/all-sec-filings/content/0000034088-25-000061/0000034088-25-000061.pdf;PDF;;;2026-10-04 20:57:34;DESCOBERTO;0000034088-25-000061.pdf;.pdf;;https://investidor10.com.br/stocks/xom/;MANUAL
2432;EXXONMOBIL;0000034088;https://d1io3yog0oux5.cloudfront.net/_a430827547f64a498d7fc8f80494f171/exxonmobil/db/2288/22477/supplement/3Q25+Supplement+Website.pdf;PDF;;;2026-10-04 20:57:34;DESCOBERTO;3Q25+Supplement+Website.pdf;.pdf;;https://investidor10.com.br/stocks/xom/;MANUAL
2433;EXXONMOBIL;0000034088;https://d1io3yog0oux5.cloudfront.net/_a430827547f64a498d7fc8f80494f171/exxonmobil/db/2288/22477/supplement_xlsx_/3Q25+Supplement+Website.xlsx;XLSX;;;2026-10-04 20:57:34;DESCOBERTO;3Q25+Supplement+Website.xlsx;.xlsx;;https://investidor10.com.br/stocks/xom/;MANUAL
2434;EXXONMOBIL;0000034088;https://d1io3yog0oux5.cloudfront.net/_a430827547f64a498d7fc8f80494f171/exxonmobil/db/2288/22462/earnings_release/2Q25+Earnings+Press+Release+Website.pdf;PDF;;;2026-10-04 20:57:34;DESCOBERTO;2Q25+Earnings+Press+Release+Website.pdf;.pdf;;https://investidor10.com.br/stocks/xom/;MANUAL
2435;EXXONMOBIL;0000034088;https://d1io3yog0oux5.cloudfront.net/_a430827547f64a498d7fc8f80494f171/exxonmobil/db/2288/22462/webcast_transcript/2Q25+Earnings+Transcript.pdf;PDF;;;2026-10-04 20:57:34;DESCOBERTO;2Q25+Earnings+Transcript.pdf;.pdf;;https://investidor10.com.br/stocks/xom/;MANUAL
2436;EXXONMOBIL;0000034088;https://d1io3yog0oux5.cloudfront.net/_a430827547f64a498d7fc8f80494f171/exxonmobil/db/2288/22462/presentation/2Q25+Earnings+Slides.pdf;PDF;;;2026-10-04 20:57:35;DESCOBERTO;2Q25+Earnings+Slides.pdf;.pdf;;https://investidor10.com.br/stocks/xom/;MANUAL
2437;EXXONMOBIL;0000034088;https://d1io3yog0oux5.cloudfront.net/_a430827547f64a498d7fc8f80494f171/exxonmobil/db/2288/22462/cautionary_statement/Cautionary+Statement.pdf;PDF;;;2026-10-04 20:57:35;DESCOBERTO;Cautionary+Statement.pdf;.pdf;;https://investidor10.com.br/stocks/xom/;MANUAL
2438;EXXONMOBIL;0000034088;https://d1io3yog0oux5.cloudfront.net/_a430827547f64a498d7fc8f80494f171/exxonmobil/db/2404/22472/pdf/2Q25+Earnings+-+Prepared+Remarks.pdf;PDF;;;2026-10-04 20:57:35;DESCOBERTO;2Q25+Earnings+-+Prepared+Remarks.pdf;.pdf;;https://investidor10.com.br/stocks/xom/;MANUAL
2439;EXXONMOBIL;0000034088;https://investor.exxonmobil.com/sec-filings/all-sec-filings/content/0000034088-25-000042/0000034088-25-000042.pdf;PDF;;;2026-10-04 20:57:35;DESCOBERTO;0000034088-25-000042.pdf;.pdf;;https://investidor10.com.br/stocks/xom/;MANUAL
2440;EXXONMOBIL;0000034088;https://d1io3yog0oux5.cloudfront.net/_a430827547f64a498d7fc8f80494f171/exxonmobil/db/2288/22462/supplement/2Q25+Supplement+Website.pdf;PDF;;;2026-10-04 20:57:35;DESCOBERTO;2Q25+Supplement+Website.pdf;.pdf;;https://investidor10.com.br/stocks/xom/;MANUAL
2441;EXXONMOBIL;0000034088;https://d1io3yog0oux5.cloudfront.net/_a430827547f64a498d7fc8f80494f171/exxonmobil/db/2288/22462/supplement_xlsx_/2Q25+Supplement+Website.xlsx;XLSX;;;2026-10-04 20:57:35;DESCOBERTO;2Q25+Supplement+Website.xlsx;.xlsx;;https://investidor10.com.br/stocks/xom/;MANUAL
2442;EXXONMOBIL;0000034088;https://d1io3yog0oux5.cloudfront.net/_a430827547f64a498d7fc8f80494f171/exxonmobil/db/2288/22414/earnings_release/1Q25+Earnings+Press+Release+Website.pdf;PDF;;;2026-10-04 20:57:35;DESCOBERTO;1Q25+Earnings+Press+Release+Website.pdf;.pdf;;https://investidor10.com.br/stocks/xom/;MANUAL
2443;EXXONMOBIL;0000034088;https://d1io3yog0oux5.cloudfront.net/_a430827547f64a498d7fc8f80494f171/exxonmobil/db/2288/22414/webcast_transcript/1Q25+Earnings+Call+Transcript.pdf;PDF;;;2026-10-04 20:57:35;DESCOBERTO;1Q25+Earnings+Call+Transcript.pdf;.pdf;;https://investidor10.com.br/stocks/xom/;MANUAL
2444;EXXONMOBIL;0000034088;https://d1io3yog0oux5.cloudfront.net/_a430827547f64a498d7fc8f80494f171/exxonmobil/db/2288/22414/presentation/1Q25+Earnings+Slides.pdf;PDF;;;2026-10-04 20:57:35;DESCOBERTO;1Q25+Earnings+Slides.pdf;.pdf;;https://investidor10.com.br/stocks/xom/;MANUAL
2445;EXXONMOBIL;0000034088;https://d1io3yog0oux5.cloudfront.net/_a430827547f64a498d7fc8f80494f171/exxonmobil/db/2288/22414/cautionary_statement/Cautionary+statement+-+final.pdf;PDF;;;2026-10-04 20:57:35;DESCOBERTO;Cautionary+statement+-+final.pdf;.pdf;;https://investidor10.com.br/stocks/xom/;MANUAL
2446;EXXONMOBIL;0000034088;https://d1io3yog0oux5.cloudfront.net/_a430827547f64a498d7fc8f80494f171/exxonmobil/db/2404/22441/pdf/1Q25+Earnings+Prepared+Remarks+-+Final.pdf;PDF;;;2026-10-04 20:57:35;DESCOBERTO;1Q25+Earnings+Prepared+Remarks+-+Final.pdf;.pdf;;https://investidor10.com.br/stocks/xom/;MANUAL
2447;EXXONMOBIL;0000034088;https://investor.exxonmobil.com/sec-filings/all-sec-filings/content/0000034088-25-000024/0000034088-25-000024.pdf;PDF;;;2026-10-04 20:57:35;DESCOBERTO;0000034088-25-000024.pdf;.pdf;;https://investidor10.com.br/stocks/xom/;MANUAL
2448;EXXONMOBIL;0000034088;https://d1io3yog0oux5.cloudfront.net/_a430827547f64a498d7fc8f80494f171/exxonmobil/db/2288/22414/supplement/1Q25+Supplement+Website.pdf;PDF;;;2026-10-04 20:57:35;DESCOBERTO;1Q25+Supplement+Website.pdf;.pdf;;https://investidor10.com.br/stocks/xom/;MANUAL
2449;EXXONMOBIL;0000034088;https://d1io3yog0oux5.cloudfront.net/_a430827547f64a498d7fc8f80494f171/exxonmobil/db/2288/22414/supplement_xlsx_/1Q25+Supplement+Website.xlsx;XLSX;;;2026-10-04 20:57:35;DESCOBERTO;1Q25+Supplement+Website.xlsx;.xlsx;;https://investidor10.com.br/stocks/xom/;MANUAL
2450;EXXONMOBIL;0000034088;https://d1io3yog0oux5.cloudfront.net/_a430827547f64a498d7fc8f80494f171/exxonmobil/db/2288/22354/earnings_release/4Q24+Earnings+Press+Release+Website.pdf;PDF;;;2026-10-04 20:57:35;DESCOBERTO;4Q24+Earnings+Press+Release+Website.pdf;.pdf;;https://investidor10.com.br/stocks/xom/;MANUAL
2451;EXXONMOBIL;0000034088;https://d1io3yog0oux5.cloudfront.net/_a430827547f64a498d7fc8f80494f171/exxonmobil/db/2288/22354/webcast_transcript/4Q24+Earnings+Call+Transcript.pdf;PDF;;;2026-10-04 20:57:35;DESCOBERTO;4Q24+Earnings+Call+Transcript.pdf;.pdf;;https://investidor10.com.br/stocks/xom/;MANUAL
2452;EXXONMOBIL;0000034088;https://d1io3yog0oux5.cloudfront.net/_a430827547f64a498d7fc8f80494f171/exxonmobil/db/2288/22354/presentation/4Q24+Earnings+Slides+-+Final+.pdf;PDF;;;2026-10-04 20:57:35;DESCOBERTO;4Q24+Earnings+Slides+-+Final+.pdf;.pdf;;https://investidor10.com.br/stocks/xom/;MANUAL
2453;EXXONMOBIL;0000034088;https://d1io3yog0oux5.cloudfront.net/_a430827547f64a498d7fc8f80494f171/exxonmobil/db/2288/22354/cautionary_statement/4Q24+Cautionary+Statement.pdf;PDF;;;2026-10-04 20:57:35;DESCOBERTO;4Q24+Cautionary+Statement.pdf;.pdf;;https://investidor10.com.br/stocks/xom/;MANUAL
2454;EXXONMOBIL;0000034088;https://d1io3yog0oux5.cloudfront.net/_a430827547f64a498d7fc8f80494f171/exxonmobil/db/2404/22362/pdf/4Q24+Prepared+Remarks+-+Final.pdf;PDF;;;2026-10-04 20:57:35;DESCOBERTO;4Q24+Prepared+Remarks+-+Final.pdf;.pdf;;https://investidor10.com.br/stocks/xom/;MANUAL
2455;EXXONMOBIL;0000034088;https://investor.exxonmobil.com/sec-filings/all-sec-filings/content/0000034088-25-000010/0000034088-25-000010.pdf;PDF;;;2026-10-04 20:57:36;DESCOBERTO;0000034088-25-000010.pdf;.pdf;;https://investidor10.com.br/stocks/xom/;MANUAL
2456;EXXONMOBIL;0000034088;https://d1io3yog0oux5.cloudfront.net/_a430827547f64a498d7fc8f80494f171/exxonmobil/db/2288/22354/supplement/4Q24+Supplement+Website.pdf;PDF;;;2026-10-04 20:57:36;DESCOBERTO;4Q24+Supplement+Website.pdf;.pdf;;https://investidor10.com.br/stocks/xom/;MANUAL
2457;EXXONMOBIL;0000034088;https://d1io3yog0oux5.cloudfront.net/_a430827547f64a498d7fc8f80494f171/exxonmobil/db/2288/22354/supplement_xlsx_/4Q24+Supplement+Website.xlsx;XLSX;;;2026-10-04 20:57:36;DESCOBERTO;4Q24+Supplement+Website.xlsx;.xlsx;;https://investidor10.com.br/stocks/xom/;MANUAL
2458;EXXONMOBIL;0000034088;https://d1io3yog0oux5.cloudfront.net/_a430827547f64a498d7fc8f80494f171/exxonmobil/db/2288/22327/earnings_release/3Q24+Earnings+Press+Release+Website.pdf;PDF;;;2026-10-04 20:57:36;DESCOBERTO;3Q24+Earnings+Press+Release+Website.pdf;.pdf;;https://investidor10.com.br/stocks/xom/;MANUAL
2459;EXXONMOBIL;0000034088;https://d1io3yog0oux5.cloudfront.net/_a430827547f64a498d7fc8f80494f171/exxonmobil/db/2288/22327/webcast_transcript/3Q24+Earnings+Call+Transcript.pdf;PDF;;;2026-10-04 20:57:36;DESCOBERTO;3Q24+Earnings+Call+Transcript.pdf;.pdf;;https://investidor10.com.br/stocks/xom/;MANUAL
2460;EXXONMOBIL;0000034088;https://d1io3yog0oux5.cloudfront.net/_a430827547f64a498d7fc8f80494f171/exxonmobil/db/2288/22327/presentation/3Q24+Earnings+Slides+-+Final.pdf;PDF;;;2026-10-04 20:57:36;DESCOBERTO;3Q24+Earnings+Slides+-+Final.pdf;.pdf;;https://investidor10.com.br/stocks/xom/;MANUAL
2461;EXXONMOBIL;0000034088;https://d1io3yog0oux5.cloudfront.net/_a430827547f64a498d7fc8f80494f171/exxonmobil/db/2288/22327/cautionary_statement/3Q24+Cautionary+Statement.pdf;PDF;;;2026-10-04 20:57:36;DESCOBERTO;3Q24+Cautionary+Statement.pdf;.pdf;;https://investidor10.com.br/stocks/xom/;MANUAL
2462;EXXONMOBIL;0000034088;https://d1io3yog0oux5.cloudfront.net/_a430827547f64a498d7fc8f80494f171/exxonmobil/db/2404/22332/pdf/3Q24+Earnings+Preliminary+Prepared+Remarks.pdf;PDF;;;2026-10-04 20:57:36;DESCOBERTO;3Q24+Earnings+Preliminary+Prepared+Remarks.pdf;.pdf;;https://investidor10.com.br/stocks/xom/;MANUAL
2463;EXXONMOBIL;0000034088;https://investor.exxonmobil.com/sec-filings/all-sec-filings/content/0000034088-24-000068/0000034088-24-000068.pdf;PDF;;;2026-10-04 20:57:36;DESCOBERTO;0000034088-24-000068.pdf;.pdf;;https://investidor10.com.br/stocks/xom/;MANUAL
2464;EXXONMOBIL;0000034088;https://d1io3yog0oux5.cloudfront.net/_a430827547f64a498d7fc8f80494f171/exxonmobil/db/2288/22327/supplement/3Q24+Supplement+Website.pdf;PDF;;;2026-10-04 20:57:36;DESCOBERTO;3Q24+Supplement+Website.pdf;.pdf;;https://investidor10.com.br/stocks/xom/;MANUAL
2465;EXXONMOBIL;0000034088;https://d1io3yog0oux5.cloudfront.net/_a430827547f64a498d7fc8f80494f171/exxonmobil/db/2288/22327/supplement_xlsx_/3Q24+Supplement+Website.xlsx;XLSX;;;2026-10-04 20:57:36;DESCOBERTO;3Q24+Supplement+Website.xlsx;.xlsx;;https://investidor10.com.br/stocks/xom/;MANUAL
2466;EXXONMOBIL;0000034088;https://d1io3yog0oux5.cloudfront.net/_a430827547f64a498d7fc8f80494f171/exxonmobil/db/2288/22296/earnings_release/2Q24+Earnings+Press+Release+Website.pdf;PDF;;;2026-10-04 20:57:36;DESCOBERTO;2Q24+Earnings+Press+Release+Website.pdf;.pdf;;https://investidor10.com.br/stocks/xom/;MANUAL
2467;EXXONMOBIL;0000034088;https://d1io3yog0oux5.cloudfront.net/_a430827547f64a498d7fc8f80494f171/exxonmobil/db/2288/22296/webcast_transcript/2Q24+Earnings+Call+Transcript_FINAL.pdf;PDF;;;2026-10-04 20:57:36;DESCOBERTO;2Q24+Earnings+Call+Transcript_FINAL.pdf;.pdf;;https://investidor10.com.br/stocks/xom/;MANUAL
2468;EXXONMOBIL;0000034088;https://d1io3yog0oux5.cloudfront.net/_a430827547f64a498d7fc8f80494f171/exxonmobil/db/2288/22296/presentation/2Q24+Earnings+Slides_Final.pdf;PDF;;;2026-10-04 20:57:36;DESCOBERTO;2Q24+Earnings+Slides_Final.pdf;.pdf;;https://investidor10.com.br/stocks/xom/;MANUAL
2469;EXXONMOBIL;0000034088;https://d1io3yog0oux5.cloudfront.net/_a430827547f64a498d7fc8f80494f171/exxonmobil/db/2288/22296/cautionary_statement/2Q24+cautionary+statement.pdf;PDF;;;2026-10-04 20:57:36;DESCOBERTO;2Q24+cautionary+statement.pdf;.pdf;;https://investidor10.com.br/stocks/xom/;MANUAL
2470;EXXONMOBIL;0000034088;https://d1io3yog0oux5.cloudfront.net/_a430827547f64a498d7fc8f80494f171/exxonmobil/db/2404/22303/pdf/2Q24+Earnings+Preliminary+Prepared+Remarks.pdf;PDF;;;2026-10-04 20:57:36;DESCOBERTO;2Q24+Earnings+Preliminary+Prepared+Remarks.pdf;.pdf;;https://investidor10.com.br/stocks/xom/;MANUAL
2471;EXXONMOBIL;0000034088;https://investor.exxonmobil.com/sec-filings/all-sec-filings/content/0000034088-24-000050/0000034088-24-000050.pdf;PDF;;;2026-10-04 20:57:36;DESCOBERTO;0000034088-24-000050.pdf;.pdf;;https://investidor10.com.br/stocks/xom/;MANUAL
2472;EXXONMOBIL;0000034088;https://d1io3yog0oux5.cloudfront.net/_a430827547f64a498d7fc8f80494f171/exxonmobil/db/2288/22296/supplement/2Q24+Supplement+Website.pdf;PDF;;;2026-10-04 20:57:37;DESCOBERTO;2Q24+Supplement+Website.pdf;.pdf;;https://investidor10.com.br/stocks/xom/;MANUAL
2473;EXXONMOBIL;0000034088;https://d1io3yog0oux5.cloudfront.net/_a430827547f64a498d7fc8f80494f171/exxonmobil/db/2288/22296/supplement_xlsx_/2Q24+Supplement+Website.xlsx;XLSX;;;2026-10-04 20:57:37;DESCOBERTO;2Q24+Supplement+Website.xlsx;.xlsx;;https://investidor10.com.br/stocks/xom/;MANUAL
2474;EXXONMOBIL;0000034088;https://d1io3yog0oux5.cloudfront.net/_a430827547f64a498d7fc8f80494f171/exxonmobil/db/2288/22249/earnings_release/1Q24+Earnings+Press+Release+Website.pdf;PDF;;;2026-10-04 20:57:37;DESCOBERTO;1Q24+Earnings+Press+Release+Website.pdf;.pdf;;https://investidor10.com.br/stocks/xom/;MANUAL
2475;EXXONMOBIL;0000034088;https://d1io3yog0oux5.cloudfront.net/_a430827547f64a498d7fc8f80494f171/exxonmobil/db/2288/22249/webcast_transcript/1Q24+Earnings+Call+Transcript_Final.pdf;PDF;;;2026-10-04 20:57:37;DESCOBERTO;1Q24+Earnings+Call+Transcript_Final.pdf;.pdf;;https://investidor10.com.br/stocks/xom/;MANUAL
2476;EXXONMOBIL;0000034088;https://d1io3yog0oux5.cloudfront.net/_a430827547f64a498d7fc8f80494f171/exxonmobil/db/2288/22249/presentation/1Q24+Earnings+Slides_FINAL.pdf;PDF;;;2026-10-04 20:57:37;DESCOBERTO;1Q24+Earnings+Slides_FINAL.pdf;.pdf;;https://investidor10.com.br/stocks/xom/;MANUAL
2477;EXXONMOBIL;0000034088;https://d1io3yog0oux5.cloudfront.net/_a430827547f64a498d7fc8f80494f171/exxonmobil/db/2288/22249/cautionary_statement/1Q24+cautionary+statement.pdf;PDF;;;2026-10-04 20:57:37;DESCOBERTO;1Q24+cautionary+statement.pdf;.pdf;;https://investidor10.com.br/stocks/xom/;MANUAL
2478;EXXONMOBIL;0000034088;https://d1io3yog0oux5.cloudfront.net/_a430827547f64a498d7fc8f80494f171/exxonmobil/db/2404/22267/pdf/1Q24+Earnings+Preliminary+Prepared+Remarks.pdf;PDF;;;2026-10-04 20:57:37;DESCOBERTO;1Q24+Earnings+Preliminary+Prepared+Remarks.pdf;.pdf;;https://investidor10.com.br/stocks/xom/;MANUAL
2479;EXXONMOBIL;0000034088;https://investor.exxonmobil.com/sec-filings/all-sec-filings/content/0000034088-24-000029/0000034088-24-000029.pdf;PDF;;;2026-10-04 20:57:37;DESCOBERTO;0000034088-24-000029.pdf;.pdf;;https://investidor10.com.br/stocks/xom/;MANUAL
2480;EXXONMOBIL;0000034088;https://d1io3yog0oux5.cloudfront.net/_a430827547f64a498d7fc8f80494f171/exxonmobil/db/2288/22249/supplement/1Q24+Supplement+Website.pdf;PDF;;;2026-10-04 20:57:37;DESCOBERTO;1Q24+Supplement+Website.pdf;.pdf;;https://investidor10.com.br/stocks/xom/;MANUAL
2481;EXXONMOBIL;0000034088;https://d1io3yog0oux5.cloudfront.net/_a430827547f64a498d7fc8f80494f171/exxonmobil/db/2288/22249/supplement_xlsx_/1Q24+Supplement+Website.xlsx;XLSX;;;2026-10-04 20:57:37;DESCOBERTO;1Q24+Supplement+Website.xlsx;.xlsx;;https://investidor10.com.br/stocks/xom/;MANUAL
2482;EXXONMOBIL;0000034088;https://d1io3yog0oux5.cloudfront.net/_a430827547f64a498d7fc8f80494f171/exxonmobil/db/2288/22190/earnings_release/4Q23+Earnings+Press+Release+Website+%28with+updated+legends%29.pdf;PDF;;;2026-10-04 20:57:37;DESCOBERTO;4Q23+Earnings+Press+Release+Website+%28with+updated+legends%29.pdf;.pdf;;https://investidor10.com.br/stocks/xom/;MANUAL
2483;EXXONMOBIL;0000034088;https://d1io3yog0oux5.cloudfront.net/_a430827547f64a498d7fc8f80494f171/exxonmobil/db/2288/22190/webcast_transcript/4Q23+Earnings+Call+Transcript_Final.pdf;PDF;;;2026-10-04 20:57:37;DESCOBERTO;4Q23+Earnings+Call+Transcript_Final.pdf;.pdf;;https://investidor10.com.br/stocks/xom/;MANUAL
2484;EXXONMOBIL;0000034088;https://d1io3yog0oux5.cloudfront.net/_a430827547f64a498d7fc8f80494f171/exxonmobil/db/2288/22190/presentation/4Q23+Earnings+Slides_FINAL.pdf;PDF;;;2026-10-04 20:57:37;DESCOBERTO;4Q23+Earnings+Slides_FINAL.pdf;.pdf;;https://investidor10.com.br/stocks/xom/;MANUAL
2485;EXXONMOBIL;0000034088;https://d1io3yog0oux5.cloudfront.net/_a430827547f64a498d7fc8f80494f171/exxonmobil/db/2288/22190/cautionary_statement/4Q23+cautionary+statement.pdf;PDF;;;2026-10-04 20:57:37;DESCOBERTO;4Q23+cautionary+statement.pdf;.pdf;;https://investidor10.com.br/stocks/xom/;MANUAL
2486;EXXONMOBIL;0000034088;https://d1io3yog0oux5.cloudfront.net/_a430827547f64a498d7fc8f80494f171/exxonmobil/db/2404/22193/pdf/4Q23+Earnings+Script+-+Preliminary+Prepared+Remarks+-+Amended.pdf;PDF;;;2026-10-04 20:57:37;DESCOBERTO;4Q23+Earnings+Script+-+Preliminary+Prepared+Remarks+-+Amended.pdf;.pdf;;https://investidor10.com.br/stocks/xom/;MANUAL
2487;EXXONMOBIL;0000034088;https://investor.exxonmobil.com/sec-filings/all-sec-filings/content/0000034088-24-000018/0000034088-24-000018.pdf;PDF;;;2026-10-04 20:57:37;DESCOBERTO;0000034088-24-000018.pdf;.pdf;;https://investidor10.com.br/stocks/xom/;MANUAL
2488;EXXONMOBIL;0000034088;https://d1io3yog0oux5.cloudfront.net/_a430827547f64a498d7fc8f80494f171/exxonmobil/db/2289/22353/file/2023+Financial+and+Operating+Data+-+Final.pdf;PDF;;;2026-10-04 20:57:37;DESCOBERTO;2023+Financial+and+Operating+Data+-+Final.pdf;.pdf;;https://investidor10.com.br/stocks/xom/;MANUAL
2489;EXXONMOBIL;0000034088;https://d1io3yog0oux5.cloudfront.net/_a430827547f64a498d7fc8f80494f171/exxonmobil/db/2288/22190/supplement/4Q23+Supplement+Website.pdf;PDF;;;2026-10-04 20:57:37;DESCOBERTO;4Q23+Supplement+Website.pdf;.pdf;;https://investidor10.com.br/stocks/xom/;MANUAL
2490;EXXONMOBIL;0000034088;https://d1io3yog0oux5.cloudfront.net/_a430827547f64a498d7fc8f80494f171/exxonmobil/db/2288/22190/supplement_xlsx_/4Q23+Supplement+Website.xlsx;XLSX;;;2026-10-04 20:57:37;DESCOBERTO;4Q23+Supplement+Website.xlsx;.xlsx;;https://investidor10.com.br/stocks/xom/;MANUAL
2491;EXXONMOBIL;0000034088;https://d1io3yog0oux5.cloudfront.net/_a430827547f64a498d7fc8f80494f171/exxonmobil/db/2288/22151/earnings_release/XOM+3Q23+Earnings+Press+Release+Website.pdf;PDF;;;2026-10-04 20:57:38;DESCOBERTO;XOM+3Q23+Earnings+Press+Release+Website.pdf;.pdf;;https://investidor10.com.br/stocks/xom/;MANUAL
2492;EXXONMOBIL;0000034088;https://d1io3yog0oux5.cloudfront.net/_a430827547f64a498d7fc8f80494f171/exxonmobil/db/2288/22151/webcast_transcript/3Q23+Earnings+Call+Transcript+-+Final+%281%29.pdf;PDF;;;2026-10-04 20:57:38;DESCOBERTO;3Q23+Earnings+Call+Transcript+-+Final+%281%29.pdf;.pdf;;https://investidor10.com.br/stocks/xom/;MANUAL
2493;EXXONMOBIL;0000034088;https://d1io3yog0oux5.cloudfront.net/_a430827547f64a498d7fc8f80494f171/exxonmobil/db/2288/22151/presentation/XOM+3Q23+Earnings+Deck_Final.pdf;PDF;;;2026-10-04 20:57:38;DESCOBERTO;XOM+3Q23+Earnings+Deck_Final.pdf;.pdf;;https://investidor10.com.br/stocks/xom/;MANUAL
2494;EXXONMOBIL;0000034088;https://d1io3yog0oux5.cloudfront.net/_a430827547f64a498d7fc8f80494f171/exxonmobil/db/2288/22151/cautionary_statement/3Q23+Cautionary+Statement.pdf;PDF;;;2026-10-04 20:57:38;DESCOBERTO;3Q23+Cautionary+Statement.pdf;.pdf;;https://investidor10.com.br/stocks/xom/;MANUAL
2495;EXXONMOBIL;0000034088;https://d1io3yog0oux5.cloudfront.net/_a430827547f64a498d7fc8f80494f171/exxonmobil/db/2404/22165/pdf/XOM+3Q23+Earnings+-+Preliminary+Prepared+Remarks.pdf;PDF;;;2026-10-04 20:57:38;DESCOBERTO;XOM+3Q23+Earnings+-+Preliminary+Prepared+Remarks.pdf;.pdf;;https://investidor10.com.br/stocks/xom/;MANUAL
2496;EXXONMOBIL;0000034088;https://investor.exxonmobil.com/sec-filings/all-sec-filings/content/0000034088-23-000056/0000034088-23-000056.pdf;PDF;;;2026-10-04 20:57:38;DESCOBERTO;0000034088-23-000056.pdf;.pdf;;https://investidor10.com.br/stocks/xom/;MANUAL
2497;EXXONMOBIL;0000034088;https://d1io3yog0oux5.cloudfront.net/_a430827547f64a498d7fc8f80494f171/exxonmobil/db/2288/22151/supplement/XOM+3Q23+Supplement+Website.pdf;PDF;;;2026-10-04 20:57:38;DESCOBERTO;XOM+3Q23+Supplement+Website.pdf;.pdf;;https://investidor10.com.br/stocks/xom/;MANUAL
2498;EXXONMOBIL;0000034088;https://d1io3yog0oux5.cloudfront.net/_a430827547f64a498d7fc8f80494f171/exxonmobil/db/2288/22151/supplement_xlsx_/3Q23+Supplement+Website.xlsx;XLSX;;;2026-10-04 20:57:38;DESCOBERTO;3Q23+Supplement+Website.xlsx;.xlsx;;https://investidor10.com.br/stocks/xom/;MANUAL
2499;EXXONMOBIL;0000034088;https://d1io3yog0oux5.cloudfront.net/_a430827547f64a498d7fc8f80494f171/exxonmobil/db/2288/22123/earnings_release/XOM+2Q23+Earnings+Press+Release+Website.pdf;PDF;;;2026-10-04 20:57:38;DESCOBERTO;XOM+2Q23+Earnings+Press+Release+Website.pdf;.pdf;;https://investidor10.com.br/stocks/xom/;MANUAL
2500;EXXONMOBIL;0000034088;https://d1io3yog0oux5.cloudfront.net/_a430827547f64a498d7fc8f80494f171/exxonmobil/db/2288/22123/webcast_transcript/2Q23+Earnings+Call+Transcript+-+Final.pdf;PDF;;;2026-10-04 20:57:38;DESCOBERTO;2Q23+Earnings+Call+Transcript+-+Final.pdf;.pdf;;https://investidor10.com.br/stocks/xom/;MANUAL
2501;EXXONMOBIL;0000034088;https://d1io3yog0oux5.cloudfront.net/_a430827547f64a498d7fc8f80494f171/exxonmobil/db/2288/22123/presentation/XOM+2Q23+Earnings+Deck_Final.pdf;PDF;;;2026-10-04 20:57:38;DESCOBERTO;XOM+2Q23+Earnings+Deck_Final.pdf;.pdf;;https://investidor10.com.br/stocks/xom/;MANUAL
2502;EXXONMOBIL;0000034088;https://d1io3yog0oux5.cloudfront.net/_a430827547f64a498d7fc8f80494f171/exxonmobil/db/2288/22123/cautionary_statement/2Q23+Cautionary+Statement.pdf;PDF;;;2026-10-04 20:57:38;DESCOBERTO;2Q23+Cautionary+Statement.pdf;.pdf;;https://investidor10.com.br/stocks/xom/;MANUAL
2503;EXXONMOBIL;0000034088;https://d1io3yog0oux5.cloudfront.net/_a430827547f64a498d7fc8f80494f171/exxonmobil/db/2404/22130/pdf/2Q23+Earnings+-+Preliminary+Prepared+Remarks.pdf;PDF;;;2026-10-04 20:57:38;DESCOBERTO;2Q23+Earnings+-+Preliminary+Prepared+Remarks.pdf;.pdf;;https://investidor10.com.br/stocks/xom/;MANUAL
2504;EXXONMOBIL;0000034088;https://investor.exxonmobil.com/sec-filings/all-sec-filings/content/0000034088-23-000048/0000034088-23-000048.pdf;PDF;;;2026-10-04 20:57:38;DESCOBERTO;0000034088-23-000048.pdf;.pdf;;https://investidor10.com.br/stocks/xom/;MANUAL
2505;EXXONMOBIL;0000034088;https://d1io3yog0oux5.cloudfront.net/_a430827547f64a498d7fc8f80494f171/exxonmobil/db/2288/22123/supplement/2Q23+Supplement+Website.pdf;PDF;;;2026-10-04 20:57:38;DESCOBERTO;2Q23+Supplement+Website.pdf;.pdf;;https://investidor10.com.br/stocks/xom/;MANUAL
2506;EXXONMOBIL;0000034088;https://d1io3yog0oux5.cloudfront.net/_a430827547f64a498d7fc8f80494f171/exxonmobil/db/2288/22123/supplement_xlsx_/2Q23+Supplement+Website.xlsx;XLSX;;;2026-10-04 20:57:38;DESCOBERTO;2Q23+Supplement+Website.xlsx;.xlsx;;https://investidor10.com.br/stocks/xom/;MANUAL
2507;EXXONMOBIL;0000034088;https://d1io3yog0oux5.cloudfront.net/_a430827547f64a498d7fc8f80494f171/exxonmobil/db/2288/22047/earnings_release/2023-04-28_ExxonMobil_Announces_First_Quarter_2023_1143.pdf;PDF;;;2026-10-04 20:57:38;DESCOBERTO;2023-04-28_ExxonMobil_Announces_First_Quarter_2023_1143.pdf;.pdf;;https://investidor10.com.br/stocks/xom/;MANUAL
2508;EXXONMOBIL;0000034088;https://d1io3yog0oux5.cloudfront.net/_a430827547f64a498d7fc8f80494f171/exxonmobil/db/2288/22047/webcast_transcript/1Q23+Earnings+Call+Transcript+4-28-23_formatted_FINAL.pdf;PDF;;;2026-10-04 20:57:38;DESCOBERTO;1Q23+Earnings+Call+Transcript+4-28-23_formatted_FINAL.pdf;.pdf;;https://investidor10.com.br/stocks/xom/;MANUAL
2509;EXXONMOBIL;0000034088;https://d1io3yog0oux5.cloudfront.net/_a430827547f64a498d7fc8f80494f171/exxonmobil/db/2288/22047/presentation/1Q23+Earnings+Deck_Final+Version.pdf;PDF;;;2026-10-04 20:57:38;DESCOBERTO;1Q23+Earnings+Deck_Final+Version.pdf;.pdf;;https://investidor10.com.br/stocks/xom/;MANUAL
2510;EXXONMOBIL;0000034088;https://d1io3yog0oux5.cloudfront.net/_a430827547f64a498d7fc8f80494f171/exxonmobil/db/2288/22047/cautionary_statement/1Q23+Cautionary+Statement.pdf;PDF;;;2026-10-04 20:57:38;DESCOBERTO;1Q23+Cautionary+Statement.pdf;.pdf;;https://investidor10.com.br/stocks/xom/;MANUAL
2511;EXXONMOBIL;0000034088;https://d1io3yog0oux5.cloudfront.net/_a430827547f64a498d7fc8f80494f171/exxonmobil/db/2404/22091/pdf/1Q23+Earnings+Script_Preliminary+Prepared+Remarks_4-27-23_FINAL.pdf;PDF;;;2026-10-04 20:57:39;DESCOBERTO;1Q23+Earnings+Script_Preliminary+Prepared+Remarks_4-27-23_FINAL.pdf;.pdf;;https://investidor10.com.br/stocks/xom/;MANUAL
2512;EXXONMOBIL;0000034088;https://investor.exxonmobil.com/sec-filings/all-sec-filings/content/0000034088-23-000030/0000034088-23-000030.pdf;PDF;;;2026-10-04 20:57:39;DESCOBERTO;0000034088-23-000030.pdf;.pdf;;https://investidor10.com.br/stocks/xom/;MANUAL
2513;EXXONMOBIL;0000034088;https://d1io3yog0oux5.cloudfront.net/_a430827547f64a498d7fc8f80494f171/exxonmobil/db/2288/22047/supplement/1Q23+Supplement+Website.pdf;PDF;;;2026-10-04 20:57:39;DESCOBERTO;1Q23+Supplement+Website.pdf;.pdf;;https://investidor10.com.br/stocks/xom/;MANUAL
2514;EXXONMOBIL;0000034088;https://d1io3yog0oux5.cloudfront.net/_a430827547f64a498d7fc8f80494f171/exxonmobil/db/2288/22047/supplement_xlsx_/1Q23+Supplement+Website.xlsx;XLSX;;;2026-10-04 20:57:39;DESCOBERTO;1Q23+Supplement+Website.xlsx;.xlsx;;https://investidor10.com.br/stocks/xom/;MANUAL
2515;EXXONMOBIL;0000034088;https://d1io3yog0oux5.cloudfront.net/_a430827547f64a498d7fc8f80494f171/exxonmobil/db/2288/21652/annual_report/2022-Annual-Report.pdf;PDF;;;2026-10-04 20:57:39;DESCOBERTO;2022-Annual-Report.pdf;.pdf;;https://investidor10.com.br/stocks/xom/;MANUAL
2516;EXXONMOBIL;0000034088;https://d1io3yog0oux5.cloudfront.net/_a430827547f64a498d7fc8f80494f171/exxonmobil/news/2023-01-31_ExxonMobil_Announces_Full_Year_2022_1138.pdf;PDF;;;2026-10-04 20:57:39;DESCOBERTO;2023-01-31_ExxonMobil_Announces_Full_Year_2022_1138.pdf;.pdf;;https://investidor10.com.br/stocks/xom/;MANUAL
2517;EXXONMOBIL;0000034088;https://d1io3yog0oux5.cloudfront.net/_a430827547f64a498d7fc8f80494f171/exxonmobil/db/2288/21652/webcast_transcript/4q22-earnings-transcript.pdf;PDF;;;2026-10-04 20:57:39;DESCOBERTO;4q22-earnings-transcript.pdf;.pdf;;https://investidor10.com.br/stocks/xom/;MANUAL
2518;EXXONMOBIL;0000034088;https://d1io3yog0oux5.cloudfront.net/_a430827547f64a498d7fc8f80494f171/exxonmobil/db/2288/21652/presentation/earnings-presentation-4q.pdf;PDF;;;2026-10-04 20:57:39;DESCOBERTO;earnings-presentation-4q.pdf;.pdf;;https://investidor10.com.br/stocks/xom/;MANUAL
2519;EXXONMOBIL;0000034088;https://d1io3yog0oux5.cloudfront.net/_a430827547f64a498d7fc8f80494f171/exxonmobil/db/2288/21652/cautionary_statement/4q22-cautionary-statement.pdf;PDF;;;2026-10-04 20:57:39;DESCOBERTO;4q22-cautionary-statement.pdf;.pdf;;https://investidor10.com.br/stocks/xom/;MANUAL
2520;EXXONMOBIL;0000034088;https://d1io3yog0oux5.cloudfront.net/_a430827547f64a498d7fc8f80494f171/exxonmobil/db/2404/21720/pdf/earnings-prepared-remarks-4q+%281%29.pdf;PDF;;;2026-10-04 20:57:39;DESCOBERTO;earnings-prepared-remarks-4q+%281%29.pdf;.pdf;;https://investidor10.com.br/stocks/xom/;MANUAL
2521;EXXONMOBIL;0000034088;https://investor.exxonmobil.com/sec-filings/all-sec-filings/content/0000034088-23-000020/0000034088-23-000020.pdf;PDF;;;2026-10-04 20:57:39;DESCOBERTO;0000034088-23-000020.pdf;.pdf;;https://investidor10.com.br/stocks/xom/;MANUAL
2522;EXXONMOBIL;0000034088;https://d1io3yog0oux5.cloudfront.net/_a430827547f64a498d7fc8f80494f171/exxonmobil/db/2289/22023/file/2022-financial-and-operating-data---final.pdf;PDF;;;2026-10-04 20:57:39;DESCOBERTO;2022-financial-and-operating-data---final.pdf;.pdf;;https://investidor10.com.br/stocks/xom/;MANUAL
2523;EXXONMOBIL;0000034088;https://d1io3yog0oux5.cloudfront.net/_a430827547f64a498d7fc8f80494f171/exxonmobil/db/2289/22056/file/product-solutions-disclosure_%281%29.pdf;PDF;;;2026-10-04 20:57:39;DESCOBERTO;product-solutions-disclosure_%281%29.pdf;.pdf;;https://investidor10.com.br/stocks/xom/;MANUAL
2524;EXXONMOBIL;0000034088;https://d1io3yog0oux5.cloudfront.net/_a430827547f64a498d7fc8f80494f171/exxonmobil/db/2288/21652/supplement/earnings-supplement-4q-2.pdf;PDF;;;2026-10-04 20:57:39;DESCOBERTO;earnings-supplement-4q-2.pdf;.pdf;;https://investidor10.com.br/stocks/xom/;MANUAL
2525;EXXONMOBIL;0000034088;https://d1io3yog0oux5.cloudfront.net/_a430827547f64a498d7fc8f80494f171/exxonmobil/db/2288/21652/supplement_xlsx_/earnings_supplement_4q_1.xlsx;XLSX;;;2026-10-04 20:57:39;DESCOBERTO;earnings_supplement_4q_1.xlsx;.xlsx;;https://investidor10.com.br/stocks/xom/;MANUAL
2526;EXXONMOBIL;0000034088;https://d1io3yog0oux5.cloudfront.net/_a430827547f64a498d7fc8f80494f171/exxonmobil/news/2022-10-28_ExxonMobil_Announces_Third_Quarter_2022_7.pdf;PDF;;;2026-10-04 20:57:39;DESCOBERTO;2022-10-28_ExxonMobil_Announces_Third_Quarter_2022_7.pdf;.pdf;;https://investidor10.com.br/stocks/xom/;MANUAL
2527;EXXONMOBIL;0000034088;https://d1io3yog0oux5.cloudfront.net/_a430827547f64a498d7fc8f80494f171/exxonmobil/db/2288/21376/webcast_transcript/3q22-earnings-transcript.pdf;PDF;;;2026-10-04 20:57:39;DESCOBERTO;3q22-earnings-transcript.pdf;.pdf;;https://investidor10.com.br/stocks/xom/;MANUAL
2528;EXXONMOBIL;0000034088;https://d1io3yog0oux5.cloudfront.net/_a430827547f64a498d7fc8f80494f171/exxonmobil/db/2288/21376/presentation/earnings-presentation-3q.pdf;PDF;;;2026-10-04 20:57:39;DESCOBERTO;earnings-presentation-3q.pdf;.pdf;;https://investidor10.com.br/stocks/xom/;MANUAL
2529;EXXONMOBIL;0000034088;https://d1io3yog0oux5.cloudfront.net/_a430827547f64a498d7fc8f80494f171/exxonmobil/db/2288/21376/cautionary_statement/2Q22-Cautionary-Statement.pdf;PDF;;;2026-10-04 20:57:39;DESCOBERTO;2Q22-Cautionary-Statement.pdf;.pdf;;https://investidor10.com.br/stocks/xom/;MANUAL
2530;EXXONMOBIL;0000034088;https://d1io3yog0oux5.cloudfront.net/_a430827547f64a498d7fc8f80494f171/exxonmobil/db/2404/22022/pdf/earnings-prepared-remarks-3q.pdf;PDF;;;2026-10-04 20:57:40;DESCOBERTO;earnings-prepared-remarks-3q.pdf;.pdf;;https://investidor10.com.br/stocks/xom/;MANUAL
2531;EXXONMOBIL;0000034088;https://investor.exxonmobil.com/sec-filings/all-sec-filings/content/0000034088-22-000064/0000034088-22-000064.pdf;PDF;;;2026-10-04 20:57:40;DESCOBERTO;0000034088-22-000064.pdf;.pdf;;https://investidor10.com.br/stocks/xom/;MANUAL
2532;EXXONMOBIL;0000034088;https://d1io3yog0oux5.cloudfront.net/_a430827547f64a498d7fc8f80494f171/exxonmobil/db/2288/21376/supplement/earnings-supplement-3q-2.pdf;PDF;;;2026-10-04 20:57:40;DESCOBERTO;earnings-supplement-3q-2.pdf;.pdf;;https://investidor10.com.br/stocks/xom/;MANUAL
2533;EXXONMOBIL;0000034088;https://d1io3yog0oux5.cloudfront.net/_a430827547f64a498d7fc8f80494f171/exxonmobil/db/2288/21376/supplement_xlsx_/earnings_supplement_3q_1.xlsx;XLSX;;;2026-10-04 20:57:40;DESCOBERTO;earnings_supplement_3q_1.xlsx;.xlsx;;https://investidor10.com.br/stocks/xom/;MANUAL
2534;EXXONMOBIL;0000034088;https://d1io3yog0oux5.cloudfront.net/_a430827547f64a498d7fc8f80494f171/exxonmobil/news/2022-07-29_ExxonMobil_Announces_Second_Quarter_2022_13.pdf;PDF;;;2026-10-04 20:57:40;DESCOBERTO;2022-07-29_ExxonMobil_Announces_Second_Quarter_2022_13.pdf;.pdf;;https://investidor10.com.br/stocks/xom/;MANUAL
2535;EXXONMOBIL;0000034088;https://d1io3yog0oux5.cloudfront.net/_a430827547f64a498d7fc8f80494f171/exxonmobil/db/2288/21375/webcast_transcript/2Q-2022-Earnings-Call-Transcript.pdf;PDF;;;2026-10-04 20:57:40;DESCOBERTO;2Q-2022-Earnings-Call-Transcript.pdf;.pdf;;https://investidor10.com.br/stocks/xom/;MANUAL
2536;EXXONMOBIL;0000034088;https://d1io3yog0oux5.cloudfront.net/_a430827547f64a498d7fc8f80494f171/exxonmobil/db/2288/21375/presentation/earnings-presentation-2q.pdf;PDF;;;2026-10-04 20:57:40;DESCOBERTO;earnings-presentation-2q.pdf;.pdf;;https://investidor10.com.br/stocks/xom/;MANUAL
2537;EXXONMOBIL;0000034088;https://d1io3yog0oux5.cloudfront.net/_a430827547f64a498d7fc8f80494f171/exxonmobil/db/2288/21375/cautionary_statement/2Q22-Cautionary-Statement.pdf;PDF;;;2026-10-04 20:57:40;DESCOBERTO;2Q22-Cautionary-Statement.pdf;.pdf;;https://investidor10.com.br/stocks/xom/;MANUAL
2538;EXXONMOBIL;0000034088;https://d1io3yog0oux5.cloudfront.net/_a430827547f64a498d7fc8f80494f171/exxonmobil/db/2404/22021/pdf/earnings-prepared-remarks-2q.pdf;PDF;;;2026-10-04 20:57:40;DESCOBERTO;earnings-prepared-remarks-2q.pdf;.pdf;;https://investidor10.com.br/stocks/xom/;MANUAL
2539;EXXONMOBIL;0000034088;https://investor.exxonmobil.com/sec-filings/all-sec-filings/content/0000034088-22-000051/0000034088-22-000051.pdf;PDF;;;2026-10-04 20:57:40;DESCOBERTO;0000034088-22-000051.pdf;.pdf;;https://investidor10.com.br/stocks/xom/;MANUAL
2540;EXXONMOBIL;0000034088;https://d1io3yog0oux5.cloudfront.net/_a430827547f64a498d7fc8f80494f171/exxonmobil/db/2288/21375/supplement/earnings-supplement-2q-2.pdf;PDF;;;2026-10-04 20:57:40;DESCOBERTO;earnings-supplement-2q-2.pdf;.pdf;;https://investidor10.com.br/stocks/xom/;MANUAL
2541;EXXONMOBIL;0000034088;https://d1io3yog0oux5.cloudfront.net/_a430827547f64a498d7fc8f80494f171/exxonmobil/db/2288/21375/supplement_xlsx_/earnings_supplement_2q_1.xlsx;XLSX;;;2026-10-04 20:57:40;DESCOBERTO;earnings_supplement_2q_1.xlsx;.xlsx;;https://investidor10.com.br/stocks/xom/;MANUAL
2542;EXXONMOBIL;0000034088;https://d1io3yog0oux5.cloudfront.net/_a430827547f64a498d7fc8f80494f171/exxonmobil/news/2022-04-29_CORRECTING_and_REPLACING_ExxonMobil_Announces_23.pdf;PDF;;;2026-10-04 20:57:40;DESCOBERTO;2022-04-29_CORRECTING_and_REPLACING_ExxonMobil_Announces_23.pdf;.pdf;;https://investidor10.com.br/stocks/xom/;MANUAL
2543;EXXONMOBIL;0000034088;https://d1io3yog0oux5.cloudfront.net/_a430827547f64a498d7fc8f80494f171/exxonmobil/db/2288/21374/webcast_transcript/1Q22-XOM-Earnings-Call-Transcript-4-29-22.pdf;PDF;;;2026-10-04 20:57:40;DESCOBERTO;1Q22-XOM-Earnings-Call-Transcript-4-29-22.pdf;.pdf;;https://investidor10.com.br/stocks/xom/;MANUAL
2544;EXXONMOBIL;0000034088;https://d1io3yog0oux5.cloudfront.net/_a430827547f64a498d7fc8f80494f171/exxonmobil/db/2288/21374/presentation/earnings-presentation-1q.pdf;PDF;;;2026-10-04 20:57:40;DESCOBERTO;earnings-presentation-1q.pdf;.pdf;;https://investidor10.com.br/stocks/xom/;MANUAL
2545;EXXONMOBIL;0000034088;https://d1io3yog0oux5.cloudfront.net/_a430827547f64a498d7fc8f80494f171/exxonmobil/db/2288/21374/cautionary_statement/1q-2022-cautionary-statement.pdf;PDF;;;2026-10-04 20:57:40;DESCOBERTO;1q-2022-cautionary-statement.pdf;.pdf;;https://investidor10.com.br/stocks/xom/;MANUAL
2546;EXXONMOBIL;0000034088;https://d1io3yog0oux5.cloudfront.net/_a430827547f64a498d7fc8f80494f171/exxonmobil/db/2404/21978/pdf/earnings-prepared-remarks-1q.pdf;PDF;;;2026-10-04 20:57:41;DESCOBERTO;earnings-prepared-remarks-1q.pdf;.pdf;;https://investidor10.com.br/stocks/xom/;MANUAL
2547;EXXONMOBIL;0000034088;https://investor.exxonmobil.com/sec-filings/all-sec-filings/content/0000034088-22-000026/0000034088-22-000026.pdf;PDF;;;2026-10-04 20:57:41;DESCOBERTO;0000034088-22-000026.pdf;.pdf;;https://investidor10.com.br/stocks/xom/;MANUAL
2548;EXXONMOBIL;0000034088;https://d1io3yog0oux5.cloudfront.net/_a430827547f64a498d7fc8f80494f171/exxonmobil/db/2288/21374/supplement/earnings-supplement-1q-2.pdf;PDF;;;2026-10-04 20:57:41;DESCOBERTO;earnings-supplement-1q-2.pdf;.pdf;;https://investidor10.com.br/stocks/xom/;MANUAL
2549;EXXONMOBIL;0000034088;https://d1io3yog0oux5.cloudfront.net/_a430827547f64a498d7fc8f80494f171/exxonmobil/db/2288/21374/supplement_xlsx_/earnings_supplement_1q_1.xlsx;XLSX;;;2026-10-04 20:57:41;DESCOBERTO;earnings_supplement_1q_1.xlsx;.xlsx;;https://investidor10.com.br/stocks/xom/;MANUAL
2550;EXXONMOBIL;0000034088;https://d1io3yog0oux5.cloudfront.net/_a430827547f64a498d7fc8f80494f171/exxonmobil/db/2288/21373/annual_report/2021-Annual-Report.pdf;PDF;;;2026-10-04 20:57:41;DESCOBERTO;2021-Annual-Report.pdf;.pdf;;https://investidor10.com.br/stocks/xom/;MANUAL
2551;EXXONMOBIL;0000034088;https://d1io3yog0oux5.cloudfront.net/_a430827547f64a498d7fc8f80494f171/exxonmobil/news/2022-02-01_ExxonMobil_Earns_23_Billion_in_2021_Initiates_10_44.pdf;PDF;;;2026-10-04 20:57:41;DESCOBERTO;2022-02-01_ExxonMobil_Earns_23_Billion_in_2021_Initiates_10_44.pdf;.pdf;;https://investidor10.com.br/stocks/xom/;MANUAL
2552;EXXONMOBIL;0000034088;https://d1io3yog0oux5.cloudfront.net/_a430827547f64a498d7fc8f80494f171/exxonmobil/db/2288/21373/webcast_transcript/ExxonMobil-4Q21-Earnings-Call-02012022-transcript.pdf;PDF;;;2026-10-04 20:57:41;DESCOBERTO;ExxonMobil-4Q21-Earnings-Call-02012022-transcript.pdf;.pdf;;https://investidor10.com.br/stocks/xom/;MANUAL
2553;EXXONMOBIL;0000034088;https://d1io3yog0oux5.cloudfront.net/_a430827547f64a498d7fc8f80494f171/exxonmobil/db/2288/21373/presentation/earnings-presentation-4q.pdf;PDF;;;2026-10-04 20:57:41;DESCOBERTO;earnings-presentation-4q.pdf;.pdf;;https://investidor10.com.br/stocks/xom/;MANUAL
2554;EXXONMOBIL;0000034088;https://d1io3yog0oux5.cloudfront.net/_a430827547f64a498d7fc8f80494f171/exxonmobil/db/2288/21373/cautionary_statement/Cautionary-Statement-4Q21.pdf;PDF;;;2026-10-04 20:57:41;DESCOBERTO;Cautionary-Statement-4Q21.pdf;.pdf;;https://investidor10.com.br/stocks/xom/;MANUAL
2555;EXXONMOBIL;0000034088;https://investor.exxonmobil.com/sec-filings/all-sec-filings/content/0000034088-22-000011/0000034088-22-000011.pdf;PDF;;;2026-10-04 20:57:41;DESCOBERTO;0000034088-22-000011.pdf;.pdf;;https://investidor10.com.br/stocks/xom/;MANUAL
2556;EXXONMOBIL;0000034088;https://d1io3yog0oux5.cloudfront.net/_a430827547f64a498d7fc8f80494f171/exxonmobil/db/2289/21961/file/2021-Financial-and-Operating-Data.PDF;PDF;;;2026-10-04 20:57:41;DESCOBERTO;2021-Financial-and-Operating-Data.PDF;.pdf;;https://investidor10.com.br/stocks/xom/;MANUAL
2557;EXXONMOBIL;0000034088;https://d1io3yog0oux5.cloudfront.net/_a430827547f64a498d7fc8f80494f171/exxonmobil/db/2288/21373/supplement/earnings-supplement-4q-2.pdf;PDF;;;2026-10-04 20:57:41;DESCOBERTO;earnings-supplement-4q-2.pdf;.pdf;;https://investidor10.com.br/stocks/xom/;MANUAL
2558;EXXONMOBIL;0000034088;https://d1io3yog0oux5.cloudfront.net/_a430827547f64a498d7fc8f80494f171/exxonmobil/db/2288/21373/supplement_xlsx_/earnings_supplement_4q_1.xlsx;XLSX;;;2026-10-04 20:57:41;DESCOBERTO;earnings_supplement_4q_1.xlsx;.xlsx;;https://investidor10.com.br/stocks/xom/;MANUAL
2559;EXXONMOBIL;0000034088;https://d1io3yog0oux5.cloudfront.net/_a430827547f64a498d7fc8f80494f171/exxonmobil/news/2021-10-29_ExxonMobil_Earns_6_8_Billion_in_Third_Quarter_57.pdf;PDF;;;2026-10-04 20:57:41;DESCOBERTO;2021-10-29_ExxonMobil_Earns_6_8_Billion_in_Third_Quarter_57.pdf;.pdf;;https://investidor10.com.br/stocks/xom/;MANUAL
2560;EXXONMOBIL;0000034088;https://d1io3yog0oux5.cloudfront.net/_a430827547f64a498d7fc8f80494f171/exxonmobil/db/2288/21372/webcast_transcript/ExxonMobil-3Q21-Earnings-Call-10292021-transcript.pdf;PDF;;;2026-10-04 20:57:41;DESCOBERTO;ExxonMobil-3Q21-Earnings-Call-10292021-transcript.pdf;.pdf;;https://investidor10.com.br/stocks/xom/;MANUAL
2561;EXXONMOBIL;0000034088;https://d1io3yog0oux5.cloudfront.net/_a430827547f64a498d7fc8f80494f171/exxonmobil/db/2288/21372/presentation/earnings-presentation-3q.pdf;PDF;;;2026-10-04 20:57:41;DESCOBERTO;earnings-presentation-3q.pdf;.pdf;;https://investidor10.com.br/stocks/xom/;MANUAL
2562;EXXONMOBIL;0000034088;https://d1io3yog0oux5.cloudfront.net/_a430827547f64a498d7fc8f80494f171/exxonmobil/db/2288/21372/cautionary_statement/3q-2021-cautionary-statement.pdf;PDF;;;2026-10-04 20:57:42;DESCOBERTO;3q-2021-cautionary-statement.pdf;.pdf;;https://investidor10.com.br/stocks/xom/;MANUAL
2563;EXXONMOBIL;0000034088;https://investor.exxonmobil.com/sec-filings/all-sec-filings/content/0000034088-21-000064/0000034088-21-000064.pdf;PDF;;;2026-10-04 20:57:42;DESCOBERTO;0000034088-21-000064.pdf;.pdf;;https://investidor10.com.br/stocks/xom/;MANUAL
2564;EXXONMOBIL;0000034088;https://d1io3yog0oux5.cloudfront.net/_a430827547f64a498d7fc8f80494f171/exxonmobil/db/2288/21372/supplement/earnings-supplement-3q-2.pdf;PDF;;;2026-10-04 20:57:42;DESCOBERTO;earnings-supplement-3q-2.pdf;.pdf;;https://investidor10.com.br/stocks/xom/;MANUAL
2565;EXXONMOBIL;0000034088;https://d1io3yog0oux5.cloudfront.net/_a430827547f64a498d7fc8f80494f171/exxonmobil/db/2288/21372/supplement_xlsx_/earnings_supplement_3q_1.xlsx;XLSX;;;2026-10-04 20:57:42;DESCOBERTO;earnings_supplement_3q_1.xlsx;.xlsx;;https://investidor10.com.br/stocks/xom/;MANUAL
2566;EXXONMOBIL;0000034088;https://d1io3yog0oux5.cloudfront.net/_a430827547f64a498d7fc8f80494f171/exxonmobil/news/2021-07-30_ExxonMobil_Earns_4_7_Billion_in_Second_Quarter_68.pdf;PDF;;;2026-10-04 20:57:42;DESCOBERTO;2021-07-30_ExxonMobil_Earns_4_7_Billion_in_Second_Quarter_68.pdf;.pdf;;https://investidor10.com.br/stocks/xom/;MANUAL
2567;EXXONMOBIL;0000034088;https://d1io3yog0oux5.cloudfront.net/_a430827547f64a498d7fc8f80494f171/exxonmobil/db/2288/21371/webcast_transcript/ExxonMobil-2Q21-Earnings-Call-07302021-transcript.pdf;PDF;;;2026-10-04 20:57:42;DESCOBERTO;ExxonMobil-2Q21-Earnings-Call-07302021-transcript.pdf;.pdf;;https://investidor10.com.br/stocks/xom/;MANUAL
2568;EXXONMOBIL;0000034088;https://d1io3yog0oux5.cloudfront.net/_a430827547f64a498d7fc8f80494f171/exxonmobil/db/2288/21371/presentation/earnings-presentation-q2.pdf;PDF;;;2026-10-04 20:57:42;DESCOBERTO;earnings-presentation-q2.pdf;.pdf;;https://investidor10.com.br/stocks/xom/;MANUAL
2569;EXXONMOBIL;0000034088;https://d1io3yog0oux5.cloudfront.net/_a430827547f64a498d7fc8f80494f171/exxonmobil/db/2288/21371/cautionary_statement/2q-2021-cautionary-statement.pdf;PDF;;;2026-10-04 20:57:42;DESCOBERTO;2q-2021-cautionary-statement.pdf;.pdf;;https://investidor10.com.br/stocks/xom/;MANUAL
2570;EXXONMOBIL;0000034088;https://investor.exxonmobil.com/sec-filings/all-sec-filings/content/0000034088-21-000051/0000034088-21-000051.pdf;PDF;;;2026-10-04 20:57:42;DESCOBERTO;0000034088-21-000051.pdf;.pdf;;https://investidor10.com.br/stocks/xom/;MANUAL
2571;EXXONMOBIL;0000034088;https://d1io3yog0oux5.cloudfront.net/_a430827547f64a498d7fc8f80494f171/exxonmobil/db/2288/21371/supplement/earnings-supplement-2q-2.pdf;PDF;;;2026-10-04 20:57:42;DESCOBERTO;earnings-supplement-2q-2.pdf;.pdf;;https://investidor10.com.br/stocks/xom/;MANUAL
2572;EXXONMOBIL;0000034088;https://d1io3yog0oux5.cloudfront.net/_a430827547f64a498d7fc8f80494f171/exxonmobil/db/2288/21371/supplement_xlsx_/earnings_supplement_2q_1.xlsx;XLSX;;;2026-10-04 20:57:42;DESCOBERTO;earnings_supplement_2q_1.xlsx;.xlsx;;https://investidor10.com.br/stocks/xom/;MANUAL
2573;EXXONMOBIL;0000034088;https://d1io3yog0oux5.cloudfront.net/_a430827547f64a498d7fc8f80494f171/exxonmobil/news/2021-04-30_ExxonMobil_Earns_2_7_Billion_in_First_Quarter_80.pdf;PDF;;;2026-10-04 20:57:42;DESCOBERTO;2021-04-30_ExxonMobil_Earns_2_7_Billion_in_First_Quarter_80.pdf;.pdf;;https://investidor10.com.br/stocks/xom/;MANUAL
2574;EXXONMOBIL;0000034088;https://d1io3yog0oux5.cloudfront.net/_a430827547f64a498d7fc8f80494f171/exxonmobil/db/2288/21370/webcast_transcript/ExxonMobil-1Q21-Earnings-Call-04302021-transcript.pdf;PDF;;;2026-10-04 20:57:42;DESCOBERTO;ExxonMobil-1Q21-Earnings-Call-04302021-transcript.pdf;.pdf;;https://investidor10.com.br/stocks/xom/;MANUAL
2575;EXXONMOBIL;0000034088;https://d1io3yog0oux5.cloudfront.net/_a430827547f64a498d7fc8f80494f171/exxonmobil/db/2288/21370/presentation/earnings-presentation-1q.pdf;PDF;;;2026-10-04 20:57:42;DESCOBERTO;earnings-presentation-1q.pdf;.pdf;;https://investidor10.com.br/stocks/xom/;MANUAL
2576;EXXONMOBIL;0000034088;https://d1io3yog0oux5.cloudfront.net/_a430827547f64a498d7fc8f80494f171/exxonmobil/db/2288/21370/cautionary_statement/1q-2021-cautionary-statement.pdf;PDF;;;2026-10-04 20:57:42;DESCOBERTO;1q-2021-cautionary-statement.pdf;.pdf;;https://investidor10.com.br/stocks/xom/;MANUAL
2577;EXXONMOBIL;0000034088;https://investor.exxonmobil.com/sec-filings/all-sec-filings/content/0000034088-21-000024/0000034088-21-000024.pdf;PDF;;;2026-10-04 20:57:42;DESCOBERTO;0000034088-21-000024.pdf;.pdf;;https://investidor10.com.br/stocks/xom/;MANUAL
2578;EXXONMOBIL;0000034088;https://d1io3yog0oux5.cloudfront.net/_a430827547f64a498d7fc8f80494f171/exxonmobil/db/2288/21370/supplement/earnings-supplement-1q-2.pdf;PDF;;;2026-10-04 20:57:42;DESCOBERTO;earnings-supplement-1q-2.pdf;.pdf;;https://investidor10.com.br/stocks/xom/;MANUAL
2579;EXXONMOBIL;0000034088;https://d1io3yog0oux5.cloudfront.net/_a430827547f64a498d7fc8f80494f171/exxonmobil/db/2288/21370/supplement_xlsx_/earnings_supplement_1q_1.xlsx;XLSX;;;2026-10-04 20:57:43;DESCOBERTO;earnings_supplement_1q_1.xlsx;.xlsx;;https://investidor10.com.br/stocks/xom/;MANUAL
2580;EXXONMOBIL;0000034088;https://d1io3yog0oux5.cloudfront.net/_a430827547f64a498d7fc8f80494f171/exxonmobil/db/2288/21369/annual_report/2020-Annual-Report.pdf;PDF;;;2026-10-04 20:57:43;DESCOBERTO;2020-Annual-Report.pdf;.pdf;;https://investidor10.com.br/stocks/xom/;MANUAL
2581;EXXONMOBIL;0000034088;https://d1io3yog0oux5.cloudfront.net/_a430827547f64a498d7fc8f80494f171/exxonmobil/news/2021-02-02_ExxonMobil_Reports_Results_for_Fourth_Quarter_92.pdf;PDF;;;2026-10-04 20:57:43;DESCOBERTO;2021-02-02_ExxonMobil_Reports_Results_for_Fourth_Quarter_92.pdf;.pdf;;https://investidor10.com.br/stocks/xom/;MANUAL
2582;EXXONMOBIL;0000034088;https://d1io3yog0oux5.cloudfront.net/_a430827547f64a498d7fc8f80494f171/exxonmobil/db/2288/21369/webcast_transcript/ExxonMobil-4Q20-Earnings-Call-02022021-transcript.pdf;PDF;;;2026-10-04 20:57:43;DESCOBERTO;ExxonMobil-4Q20-Earnings-Call-02022021-transcript.pdf;.pdf;;https://investidor10.com.br/stocks/xom/;MANUAL
2583;EXXONMOBIL;0000034088;https://d1io3yog0oux5.cloudfront.net/_a430827547f64a498d7fc8f80494f171/exxonmobil/db/2288/21369/presentation/earnings-presentation-4q.pdf;PDF;;;2026-10-04 20:57:43;DESCOBERTO;earnings-presentation-4q.pdf;.pdf;;https://investidor10.com.br/stocks/xom/;MANUAL
2584;EXXONMOBIL;0000034088;https://d1io3yog0oux5.cloudfront.net/_a430827547f64a498d7fc8f80494f171/exxonmobil/db/2288/21369/cautionary_statement/4q-2020-cautionary-statement.pdf;PDF;;;2026-10-04 20:57:43;DESCOBERTO;4q-2020-cautionary-statement.pdf;.pdf;;https://investidor10.com.br/stocks/xom/;MANUAL
2585;EXXONMOBIL;0000034088;https://investor.exxonmobil.com/sec-filings/all-sec-filings/content/0000034088-21-000012/0000034088-21-000012.pdf;PDF;;;2026-10-04 20:57:43;DESCOBERTO;0000034088-21-000012.pdf;.pdf;;https://investidor10.com.br/stocks/xom/;MANUAL
2586;EXXONMOBIL;0000034088;https://d1io3yog0oux5.cloudfront.net/_a430827547f64a498d7fc8f80494f171/exxonmobil/db/2289/21963/file/2020-Financial-and-Operating-Data.pdf;PDF;;;2026-10-04 20:57:43;DESCOBERTO;2020-Financial-and-Operating-Data.pdf;.pdf;;https://investidor10.com.br/stocks/xom/;MANUAL
2587;EXXONMOBIL;0000034088;https://d1io3yog0oux5.cloudfront.net/_a430827547f64a498d7fc8f80494f171/exxonmobil/db/2288/21369/supplement/earnings-supplement-4q-2.pdf;PDF;;;2026-10-04 20:57:43;DESCOBERTO;earnings-supplement-4q-2.pdf;.pdf;;https://investidor10.com.br/stocks/xom/;MANUAL
2588;EXXONMOBIL;0000034088;https://d1io3yog0oux5.cloudfront.net/_a430827547f64a498d7fc8f80494f171/exxonmobil/db/2288/21369/supplement_xlsx_/earnings_supplement_4q_1.xlsx;XLSX;;;2026-10-04 20:57:43;DESCOBERTO;earnings_supplement_4q_1.xlsx;.xlsx;;https://investidor10.com.br/stocks/xom/;MANUAL
2589;EXXONMOBIL;0000034088;https://d1io3yog0oux5.cloudfront.net/_a430827547f64a498d7fc8f80494f171/exxonmobil/news/2020-10-30_ExxonMobil_Reports_Results_for_Third_Quarter_101.pdf;PDF;;;2026-10-04 20:57:43;DESCOBERTO;2020-10-30_ExxonMobil_Reports_Results_for_Third_Quarter_101.pdf;.pdf;;https://investidor10.com.br/stocks/xom/;MANUAL
2590;EXXONMOBIL;0000034088;https://d1io3yog0oux5.cloudfront.net/_a430827547f64a498d7fc8f80494f171/exxonmobil/db/2288/21368/presentation/earnings-presentation-3q.pdf;PDF;;;2026-10-04 20:57:43;DESCOBERTO;earnings-presentation-3q.pdf;.pdf;;https://investidor10.com.br/stocks/xom/;MANUAL
2591;EXXONMOBIL;0000034088;https://d1io3yog0oux5.cloudfront.net/_a430827547f64a498d7fc8f80494f171/exxonmobil/db/2288/21368/cautionary_statement/3q-2020-cautionary-statement.pdf;PDF;;;2026-10-04 20:57:43;DESCOBERTO;3q-2020-cautionary-statement.pdf;.pdf;;https://investidor10.com.br/stocks/xom/;MANUAL
2592;EXXONMOBIL;0000034088;https://investor.exxonmobil.com/sec-filings/all-sec-filings/content/0000034088-20-000090/0000034088-20-000090.pdf;PDF;;;2026-10-04 20:57:43;DESCOBERTO;0000034088-20-000090.pdf;.pdf;;https://investidor10.com.br/stocks/xom/;MANUAL
2593;EXXONMOBIL;0000034088;https://d1io3yog0oux5.cloudfront.net/_a430827547f64a498d7fc8f80494f171/exxonmobil/db/2288/21368/supplement/earnings-supplement-3q-2.pdf;PDF;;;2026-10-04 20:57:44;DESCOBERTO;earnings-supplement-3q-2.pdf;.pdf;;https://investidor10.com.br/stocks/xom/;MANUAL
2594;EXXONMOBIL;0000034088;https://d1io3yog0oux5.cloudfront.net/_a430827547f64a498d7fc8f80494f171/exxonmobil/db/2288/21368/supplement_xlsx_/earnings_supplement_3q_1.xlsx;XLSX;;;2026-10-04 20:57:44;DESCOBERTO;earnings_supplement_3q_1.xlsx;.xlsx;;https://investidor10.com.br/stocks/xom/;MANUAL
2595;EXXONMOBIL;0000034088;https://d1io3yog0oux5.cloudfront.net/_a430827547f64a498d7fc8f80494f171/exxonmobil/news/2020-07-31_ExxonMobil_Reports_Results_for_Second_Quarter_111.pdf;PDF;;;2026-10-04 20:57:44;DESCOBERTO;2020-07-31_ExxonMobil_Reports_Results_for_Second_Quarter_111.pdf;.pdf;;https://investidor10.com.br/stocks/xom/;MANUAL
2596;EXXONMOBIL;0000034088;https://d1io3yog0oux5.cloudfront.net/_a430827547f64a498d7fc8f80494f171/exxonmobil/db/2288/21367/presentation/earnings-presentation-2q.pdf;PDF;;;2026-10-04 20:57:44;DESCOBERTO;earnings-presentation-2q.pdf;.pdf;;https://investidor10.com.br/stocks/xom/;MANUAL
2597;EXXONMOBIL;0000034088;https://d1io3yog0oux5.cloudfront.net/_a430827547f64a498d7fc8f80494f171/exxonmobil/db/2288/21367/cautionary_statement/2q-2020-cautionary-statement.pdf;PDF;;;2026-10-04 20:57:44;DESCOBERTO;2q-2020-cautionary-statement.pdf;.pdf;;https://investidor10.com.br/stocks/xom/;MANUAL
2598;EXXONMOBIL;0000034088;https://investor.exxonmobil.com/sec-filings/all-sec-filings/content/0000034088-20-000073/0000034088-20-000073.pdf;PDF;;;2026-10-04 20:57:44;DESCOBERTO;0000034088-20-000073.pdf;.pdf;;https://investidor10.com.br/stocks/xom/;MANUAL
2599;EXXONMOBIL;0000034088;https://d1io3yog0oux5.cloudfront.net/_a430827547f64a498d7fc8f80494f171/exxonmobil/db/2288/21367/supplement/earnings-supplement-2q-2.pdf;PDF;;;2026-10-04 20:57:44;DESCOBERTO;earnings-supplement-2q-2.pdf;.pdf;;https://investidor10.com.br/stocks/xom/;MANUAL
2600;EXXONMOBIL;0000034088;https://d1io3yog0oux5.cloudfront.net/_a430827547f64a498d7fc8f80494f171/exxonmobil/db/2288/21367/supplement_xlsx_/earnings_supplement_2q_1.xlsx;XLSX;;;2026-10-04 20:57:44;DESCOBERTO;earnings_supplement_2q_1.xlsx;.xlsx;;https://investidor10.com.br/stocks/xom/;MANUAL
2601;EXXONMOBIL;0000034088;https://d1io3yog0oux5.cloudfront.net/_a430827547f64a498d7fc8f80494f171/exxonmobil/news/2020-05-01_ExxonMobil_Reports_Results_for_First_Quarter_129.pdf;PDF;;;2026-10-04 20:57:44;DESCOBERTO;2020-05-01_ExxonMobil_Reports_Results_for_First_Quarter_129.pdf;.pdf;;https://investidor10.com.br/stocks/xom/;MANUAL
2602;EXXONMOBIL;0000034088;https://d1io3yog0oux5.cloudfront.net/_a430827547f64a498d7fc8f80494f171/exxonmobil/db/2288/21366/presentation/earnings-presentation-1q.pdf;PDF;;;2026-10-04 20:57:44;DESCOBERTO;earnings-presentation-1q.pdf;.pdf;;https://investidor10.com.br/stocks/xom/;MANUAL
2603;EXXONMOBIL;0000034088;https://d1io3yog0oux5.cloudfront.net/_a430827547f64a498d7fc8f80494f171/exxonmobil/db/2288/21366/cautionary_statement/1q-2020-cautionary-statement.pdf;PDF;;;2026-10-04 20:57:44;DESCOBERTO;1q-2020-cautionary-statement.pdf;.pdf;;https://investidor10.com.br/stocks/xom/;MANUAL
2604;EXXONMOBIL;0000034088;https://investor.exxonmobil.com/sec-filings/all-sec-filings/content/0000034088-20-000037/0000034088-20-000037.pdf;PDF;;;2026-10-04 20:57:44;DESCOBERTO;0000034088-20-000037.pdf;.pdf;;https://investidor10.com.br/stocks/xom/;MANUAL
2605;EXXONMOBIL;0000034088;https://d1io3yog0oux5.cloudfront.net/_a430827547f64a498d7fc8f80494f171/exxonmobil/db/2288/21366/supplement/earnings-supplement-1q-2.pdf;PDF;;;2026-10-04 20:57:44;DESCOBERTO;earnings-supplement-1q-2.pdf;.pdf;;https://investidor10.com.br/stocks/xom/;MANUAL
2606;EXXONMOBIL;0000034088;https://d1io3yog0oux5.cloudfront.net/_a430827547f64a498d7fc8f80494f171/exxonmobil/db/2288/21366/supplement_xlsx_/earnings_supplement_1q_1.xlsx;XLSX;;;2026-10-04 20:57:44;DESCOBERTO;earnings_supplement_1q_1.xlsx;.xlsx;;https://investidor10.com.br/stocks/xom/;MANUAL
2607;EXXONMOBIL;0000034088;https://d1io3yog0oux5.cloudfront.net/_a430827547f64a498d7fc8f80494f171/exxonmobil/db/2288/21365/annual_report/2019-Summary-Annual-Report.pdf;PDF;;;2026-10-04 20:57:44;DESCOBERTO;2019-Summary-Annual-Report.pdf;.pdf;;https://investidor10.com.br/stocks/xom/;MANUAL
2608;EXXONMOBIL;0000034088;https://d1io3yog0oux5.cloudfront.net/_a430827547f64a498d7fc8f80494f171/exxonmobil/news/2020-01-31_ExxonMobil_Earns_14_3_Billion_in_2019_5_7_Billion__147.pdf;PDF;;;2026-10-04 20:57:44;DESCOBERTO;2020-01-31_ExxonMobil_Earns_14_3_Billion_in_2019_5_7_Billion__147.pdf;.pdf;;https://investidor10.com.br/stocks/xom/;MANUAL
2609;EXXONMOBIL;0000034088;https://d1io3yog0oux5.cloudfront.net/_a430827547f64a498d7fc8f80494f171/exxonmobil/db/2288/21365/presentation/earnings-presentation-4q.pdf;PDF;;;2026-10-04 20:57:44;DESCOBERTO;earnings-presentation-4q.pdf;.pdf;;https://investidor10.com.br/stocks/xom/;MANUAL
2610;EXXONMOBIL;0000034088;https://d1io3yog0oux5.cloudfront.net/_a430827547f64a498d7fc8f80494f171/exxonmobil/db/2288/21365/cautionary_statement/4q19-cautionary-statement.pdf;PDF;;;2026-10-04 20:57:44;DESCOBERTO;4q19-cautionary-statement.pdf;.pdf;;https://investidor10.com.br/stocks/xom/;MANUAL
2611;EXXONMOBIL;0000034088;https://investor.exxonmobil.com/sec-filings/all-sec-filings/content/0000034088-20-000016/0000034088-20-000016.pdf;PDF;;;2026-10-04 20:57:45;DESCOBERTO;0000034088-20-000016.pdf;.pdf;;https://investidor10.com.br/stocks/xom/;MANUAL
2612;EXXONMOBIL;0000034088;https://d1io3yog0oux5.cloudfront.net/_a430827547f64a498d7fc8f80494f171/exxonmobil/db/2289/21972/file/2019-financial-statements+%281%29.pdf;PDF;;;2026-10-04 20:57:45;DESCOBERTO;2019-financial-statements+%281%29.pdf;.pdf;;https://investidor10.com.br/stocks/xom/;MANUAL
2613;EXXONMOBIL;0000034088;https://d1io3yog0oux5.cloudfront.net/_a430827547f64a498d7fc8f80494f171/exxonmobil/db/2289/21964/file/2019-Financial-and-Operating-Data.pdf;PDF;;;2026-10-04 20:57:45;DESCOBERTO;2019-Financial-and-Operating-Data.pdf;.pdf;;https://investidor10.com.br/stocks/xom/;MANUAL
2614;EXXONMOBIL;0000034088;https://d1io3yog0oux5.cloudfront.net/_a430827547f64a498d7fc8f80494f171/exxonmobil/db/2288/21365/supplement/earnings-supplement-4q-2.pdf;PDF;;;2026-10-04 20:57:45;DESCOBERTO;earnings-supplement-4q-2.pdf;.pdf;;https://investidor10.com.br/stocks/xom/;MANUAL
2615;EXXONMOBIL;0000034088;https://d1io3yog0oux5.cloudfront.net/_a430827547f64a498d7fc8f80494f171/exxonmobil/db/2288/21365/supplement_xlsx_/earnings_supplement_4q_1.xlsx;XLSX;;;2026-10-04 20:57:45;DESCOBERTO;earnings_supplement_4q_1.xlsx;.xlsx;;https://investidor10.com.br/stocks/xom/;MANUAL
2616;EXXONMOBIL;0000034088;https://d1io3yog0oux5.cloudfront.net/_a430827547f64a498d7fc8f80494f171/exxonmobil/news/2019-11-01_ExxonMobil_Earns_3_2_Billion_in_Third_Quarter_158.pdf;PDF;;;2026-10-04 20:57:45;DESCOBERTO;2019-11-01_ExxonMobil_Earns_3_2_Billion_in_Third_Quarter_158.pdf;.pdf;;https://investidor10.com.br/stocks/xom/;MANUAL
2617;EXXONMOBIL;0000034088;https://d1io3yog0oux5.cloudfront.net/_a430827547f64a498d7fc8f80494f171/exxonmobil/db/2288/21364/presentation/earnings-presentation-3q.pdf;PDF;;;2026-10-04 20:57:45;DESCOBERTO;earnings-presentation-3q.pdf;.pdf;;https://investidor10.com.br/stocks/xom/;MANUAL
2618;EXXONMOBIL;0000034088;https://d1io3yog0oux5.cloudfront.net/_a430827547f64a498d7fc8f80494f171/exxonmobil/db/2288/21364/cautionary_statement/3q19-cautionary-statement.pdf;PDF;;;2026-10-04 20:57:45;DESCOBERTO;3q19-cautionary-statement.pdf;.pdf;;https://investidor10.com.br/stocks/xom/;MANUAL
2619;EXXONMOBIL;0000034088;https://investor.exxonmobil.com/sec-filings/all-sec-filings/content/0000034088-19-000062/0000034088-19-000062.pdf;PDF;;;2026-10-04 20:57:45;DESCOBERTO;0000034088-19-000062.pdf;.pdf;;https://investidor10.com.br/stocks/xom/;MANUAL
2620;EXXONMOBIL;0000034088;https://d1io3yog0oux5.cloudfront.net/_a430827547f64a498d7fc8f80494f171/exxonmobil/db/2288/21364/supplement/earnings-supplement-3q-2.pdf;PDF;;;2026-10-04 20:57:45;DESCOBERTO;earnings-supplement-3q-2.pdf;.pdf;;https://investidor10.com.br/stocks/xom/;MANUAL
2621;EXXONMOBIL;0000034088;https://d1io3yog0oux5.cloudfront.net/_a430827547f64a498d7fc8f80494f171/exxonmobil/db/2288/21364/supplement_xlsx_/earnings_supplement_3q_1.xlsx;XLSX;;;2026-10-04 20:57:45;DESCOBERTO;earnings_supplement_3q_1.xlsx;.xlsx;;https://investidor10.com.br/stocks/xom/;MANUAL
2622;EXXONMOBIL;0000034088;https://d1io3yog0oux5.cloudfront.net/_a430827547f64a498d7fc8f80494f171/exxonmobil/news/2019-08-02_ExxonMobil_Earns_3_1_Billion_in_Second_Quarter_167.pdf;PDF;;;2026-10-04 20:57:45;DESCOBERTO;2019-08-02_ExxonMobil_Earns_3_1_Billion_in_Second_Quarter_167.pdf;.pdf;;https://investidor10.com.br/stocks/xom/;MANUAL
2623;EXXONMOBIL;0000034088;https://d1io3yog0oux5.cloudfront.net/_a430827547f64a498d7fc8f80494f171/exxonmobil/db/2288/21363/presentation/earnings-presentation-2q.pdf;PDF;;;2026-10-04 20:57:45;DESCOBERTO;earnings-presentation-2q.pdf;.pdf;;https://investidor10.com.br/stocks/xom/;MANUAL
2624;EXXONMOBIL;0000034088;https://d1io3yog0oux5.cloudfront.net/_a430827547f64a498d7fc8f80494f171/exxonmobil/db/2288/21363/cautionary_statement/2q2019-cautionary-statement.pdf;PDF;;;2026-10-04 20:57:45;DESCOBERTO;2q2019-cautionary-statement.pdf;.pdf;;https://investidor10.com.br/stocks/xom/;MANUAL
2625;EXXONMOBIL;0000034088;https://investor.exxonmobil.com/sec-filings/all-sec-filings/content/0000034088-19-000042/0000034088-19-000042.pdf;PDF;;;2026-10-04 20:57:45;DESCOBERTO;0000034088-19-000042.pdf;.pdf;;https://investidor10.com.br/stocks/xom/;MANUAL
2626;EXXONMOBIL;0000034088;https://d1io3yog0oux5.cloudfront.net/_a430827547f64a498d7fc8f80494f171/exxonmobil/db/2288/21363/supplement/earnings-supplement-2q-2.pdf;PDF;;;2026-10-04 20:57:46;DESCOBERTO;earnings-supplement-2q-2.pdf;.pdf;;https://investidor10.com.br/stocks/xom/;MANUAL
2627;EXXONMOBIL;0000034088;https://d1io3yog0oux5.cloudfront.net/_a430827547f64a498d7fc8f80494f171/exxonmobil/db/2288/21363/supplement_xlsx_/earnings_supplement_2q_1.xlsx;XLSX;;;2026-10-04 20:57:46;DESCOBERTO;earnings_supplement_2q_1.xlsx;.xlsx;;https://investidor10.com.br/stocks/xom/;MANUAL
2628;EXXONMOBIL;0000034088;https://d1io3yog0oux5.cloudfront.net/_a430827547f64a498d7fc8f80494f171/exxonmobil/news/2019-04-26_ExxonMobil_Earns_2_4_Billion_in_First_Quarter_194.pdf;PDF;;;2026-10-04 20:57:46;DESCOBERTO;2019-04-26_ExxonMobil_Earns_2_4_Billion_in_First_Quarter_194.pdf;.pdf;;https://investidor10.com.br/stocks/xom/;MANUAL
2629;EXXONMOBIL;0000034088;https://d1io3yog0oux5.cloudfront.net/_a430827547f64a498d7fc8f80494f171/exxonmobil/db/2288/21362/presentation/earnings-presentation-1q.pdf;PDF;;;2026-10-04 20:57:46;DESCOBERTO;earnings-presentation-1q.pdf;.pdf;;https://investidor10.com.br/stocks/xom/;MANUAL
2630;EXXONMOBIL;0000034088;https://d1io3yog0oux5.cloudfront.net/_a430827547f64a498d7fc8f80494f171/exxonmobil/db/2288/21362/cautionary_statement/1q-2019-cautionary-statement.pdf;PDF;;;2026-10-04 20:57:46;DESCOBERTO;1q-2019-cautionary-statement.pdf;.pdf;;https://investidor10.com.br/stocks/xom/;MANUAL
2631;EXXONMOBIL;0000034088;https://investor.exxonmobil.com/sec-filings/all-sec-filings/content/0000034088-19-000017/0000034088-19-000017.pdf;PDF;;;2026-10-04 20:57:46;DESCOBERTO;0000034088-19-000017.pdf;.pdf;;https://investidor10.com.br/stocks/xom/;MANUAL
2632;EXXONMOBIL;0000034088;https://d1io3yog0oux5.cloudfront.net/_a430827547f64a498d7fc8f80494f171/exxonmobil/db/2288/21362/supplement/earnings-supplement-1q-2.pdf;PDF;;;2026-10-04 20:57:46;DESCOBERTO;earnings-supplement-1q-2.pdf;.pdf;;https://investidor10.com.br/stocks/xom/;MANUAL
2633;EXXONMOBIL;0000034088;https://d1io3yog0oux5.cloudfront.net/_a430827547f64a498d7fc8f80494f171/exxonmobil/db/2288/21362/supplement_xlsx_/earnings_supplement_1q_1.xlsx;XLSX;;;2026-10-04 20:57:46;DESCOBERTO;earnings_supplement_1q_1.xlsx;.xlsx;;https://investidor10.com.br/stocks/xom/;MANUAL
2634;EXXONMOBIL;0000034088;https://d1io3yog0oux5.cloudfront.net/_a430827547f64a498d7fc8f80494f171/exxonmobil/db/2288/21361/annual_report/2018-Summary-Annual-Report.pdf;PDF;;;2026-10-04 20:57:46;DESCOBERTO;2018-Summary-Annual-Report.pdf;.pdf;;https://investidor10.com.br/stocks/xom/;MANUAL
2635;EXXONMOBIL;0000034088;https://d1io3yog0oux5.cloudfront.net/_a430827547f64a498d7fc8f80494f171/exxonmobil/news/2019-02-01_ExxonMobil_Earns_20_8_Billion_in_2018_6_Billion_217.pdf;PDF;;;2026-10-04 20:57:46;DESCOBERTO;2019-02-01_ExxonMobil_Earns_20_8_Billion_in_2018_6_Billion_217.pdf;.pdf;;https://investidor10.com.br/stocks/xom/;MANUAL
2636;EXXONMOBIL;0000034088;https://d1io3yog0oux5.cloudfront.net/_a430827547f64a498d7fc8f80494f171/exxonmobil/db/2288/21361/presentation/news_presentation_4q18.pdf;PDF;;;2026-10-04 20:57:46;DESCOBERTO;news_presentation_4q18.pdf;.pdf;;https://investidor10.com.br/stocks/xom/;MANUAL
2637;EXXONMOBIL;0000034088;https://d1io3yog0oux5.cloudfront.net/_a430827547f64a498d7fc8f80494f171/exxonmobil/db/2288/21361/cautionary_statement/4q18-cautionary-statement.pdf;PDF;;;2026-10-04 20:57:46;DESCOBERTO;4q18-cautionary-statement.pdf;.pdf;;https://investidor10.com.br/stocks/xom/;MANUAL
2638;EXXONMOBIL;0000034088;https://investor.exxonmobil.com/sec-filings/all-sec-filings/content/0000034088-19-000010/0000034088-19-000010.pdf;PDF;;;2026-10-04 20:57:46;DESCOBERTO;0000034088-19-000010.pdf;.pdf;;https://investidor10.com.br/stocks/xom/;MANUAL
2639;EXXONMOBIL;0000034088;https://d1io3yog0oux5.cloudfront.net/_a430827547f64a498d7fc8f80494f171/exxonmobil/db/2289/21973/file/2018-financial-statements+%281%29.pdf;PDF;;;2026-10-04 20:57:46;DESCOBERTO;2018-financial-statements+%281%29.pdf;.pdf;;https://investidor10.com.br/stocks/xom/;MANUAL
2640;EXXONMOBIL;0000034088;https://d1io3yog0oux5.cloudfront.net/_a430827547f64a498d7fc8f80494f171/exxonmobil/db/2289/21965/file/2018-Financial-and-Operating-Review.pdf;PDF;;;2026-10-04 20:57:46;DESCOBERTO;2018-Financial-and-Operating-Review.pdf;.pdf;;https://investidor10.com.br/stocks/xom/;MANUAL
2641;EXXONMOBIL;0000034088;https://d1io3yog0oux5.cloudfront.net/_a430827547f64a498d7fc8f80494f171/exxonmobil/db/2288/21361/supplement/news_supp_earnings_4q18_2.pdf;PDF;;;2026-10-04 20:57:46;DESCOBERTO;news_supp_earnings_4q18_2.pdf;.pdf;;https://investidor10.com.br/stocks/xom/;MANUAL
2642;EXXONMOBIL;0000034088;https://d1io3yog0oux5.cloudfront.net/_a430827547f64a498d7fc8f80494f171/exxonmobil/db/2288/21361/supplement_xlsx_/news_supp_earnings_4q18_1.xlsx;XLSX;;;2026-10-04 20:57:46;DESCOBERTO;news_supp_earnings_4q18_1.xlsx;.xlsx;;https://investidor10.com.br/stocks/xom/;MANUAL
2643;EXXONMOBIL;0000034088;https://d1io3yog0oux5.cloudfront.net/_a430827547f64a498d7fc8f80494f171/exxonmobil/news/2018-11-02_ExxonMobil_Earnings_Increase_57_Percent_to_6_2_231.pdf;PDF;;;2026-10-04 20:57:47;DESCOBERTO;2018-11-02_ExxonMobil_Earnings_Increase_57_Percent_to_6_2_231.pdf;.pdf;;https://investidor10.com.br/stocks/xom/;MANUAL
2644;EXXONMOBIL;0000034088;https://d1io3yog0oux5.cloudfront.net/_a430827547f64a498d7fc8f80494f171/exxonmobil/db/2288/21360/presentation/news_presentation_3q18.pdf;PDF;;;2026-10-04 20:57:47;DESCOBERTO;news_presentation_3q18.pdf;.pdf;;https://investidor10.com.br/stocks/xom/;MANUAL
2645;EXXONMOBIL;0000034088;https://d1io3yog0oux5.cloudfront.net/_a430827547f64a498d7fc8f80494f171/exxonmobil/db/2288/21360/cautionary_statement/3q-cautionary-statement.pdf;PDF;;;2026-10-04 20:57:47;DESCOBERTO;3q-cautionary-statement.pdf;.pdf;;https://investidor10.com.br/stocks/xom/;MANUAL
2646;EXXONMOBIL;0000034088;https://investor.exxonmobil.com/sec-filings/all-sec-filings/content/0000034088-18-000048/0000034088-18-000048.pdf;PDF;;;2026-10-04 20:57:47;DESCOBERTO;0000034088-18-000048.pdf;.pdf;;https://investidor10.com.br/stocks/xom/;MANUAL
2647;EXXONMOBIL;0000034088;https://d1io3yog0oux5.cloudfront.net/_a430827547f64a498d7fc8f80494f171/exxonmobil/db/2288/21360/supplement/news_supp_earnings_3q18_2.pdf;PDF;;;2026-10-04 20:57:47;DESCOBERTO;news_supp_earnings_3q18_2.pdf;.pdf;;https://investidor10.com.br/stocks/xom/;MANUAL
2648;EXXONMOBIL;0000034088;https://d1io3yog0oux5.cloudfront.net/_a430827547f64a498d7fc8f80494f171/exxonmobil/db/2288/21360/supplement_xlsx_/news_supp_earnings_3q18_1.xlsx;XLSX;;;2026-10-04 20:57:47;DESCOBERTO;news_supp_earnings_3q18_1.xlsx;.xlsx;;https://investidor10.com.br/stocks/xom/;MANUAL
2649;EXXONMOBIL;0000034088;https://d1io3yog0oux5.cloudfront.net/_a430827547f64a498d7fc8f80494f171/exxonmobil/news/2018-07-27_ExxonMobil_Earns_4_Billion_in_Second_Quarter_of_241.pdf;PDF;;;2026-10-04 20:57:47;DESCOBERTO;2018-07-27_ExxonMobil_Earns_4_Billion_in_Second_Quarter_of_241.pdf;.pdf;;https://investidor10.com.br/stocks/xom/;MANUAL
2650;EXXONMOBIL;0000034088;https://d1io3yog0oux5.cloudfront.net/_a430827547f64a498d7fc8f80494f171/exxonmobil/db/2288/21359/presentation/news_presentation_2q18.pdf;PDF;;;2026-10-04 20:57:47;DESCOBERTO;news_presentation_2q18.pdf;.pdf;;https://investidor10.com.br/stocks/xom/;MANUAL
2651;EXXONMOBIL;0000034088;https://d1io3yog0oux5.cloudfront.net/_a430827547f64a498d7fc8f80494f171/exxonmobil/db/2288/21359/cautionary_statement/2q18-cautionary-statement.pdf;PDF;;;2026-10-04 20:57:47;DESCOBERTO;2q18-cautionary-statement.pdf;.pdf;;https://investidor10.com.br/stocks/xom/;MANUAL
2652;EXXONMOBIL;0000034088;https://investor.exxonmobil.com/sec-filings/all-sec-filings/content/0000034088-18-000039/0000034088-18-000039.pdf;PDF;;;2026-10-04 20:57:47;DESCOBERTO;0000034088-18-000039.pdf;.pdf;;https://investidor10.com.br/stocks/xom/;MANUAL
2653;EXXONMOBIL;0000034088;https://d1io3yog0oux5.cloudfront.net/_a430827547f64a498d7fc8f80494f171/exxonmobil/db/2288/21359/supplement/news_supp_earnings_2q18_2.pdf;PDF;;;2026-10-04 20:57:47;DESCOBERTO;news_supp_earnings_2q18_2.pdf;.pdf;;https://investidor10.com.br/stocks/xom/;MANUAL
2654;EXXONMOBIL;0000034088;https://d1io3yog0oux5.cloudfront.net/_a430827547f64a498d7fc8f80494f171/exxonmobil/db/2288/21359/supplement_xlsx_/news_supp_earnings_2q18_1.xlsx;XLSX;;;2026-10-04 20:57:47;DESCOBERTO;news_supp_earnings_2q18_1.xlsx;.xlsx;;https://investidor10.com.br/stocks/xom/;MANUAL
2655;EXXONMOBIL;0000034088;https://d1io3yog0oux5.cloudfront.net/_a430827547f64a498d7fc8f80494f171/exxonmobil/news/2018-04-27_ExxonMobil_Earnings_Increase_16_Percent_to_4_7_283.pdf;PDF;;;2026-10-04 20:57:48;DESCOBERTO;2018-04-27_ExxonMobil_Earnings_Increase_16_Percent_to_4_7_283.pdf;.pdf;;https://investidor10.com.br/stocks/xom/;MANUAL
2656;EXXONMOBIL;0000034088;https://d1io3yog0oux5.cloudfront.net/_a430827547f64a498d7fc8f80494f171/exxonmobil/db/2288/21358/presentation/news_presentation_1q18.pdf;PDF;;;2026-10-04 20:57:48;DESCOBERTO;news_presentation_1q18.pdf;.pdf;;https://investidor10.com.br/stocks/xom/;MANUAL
2657;EXXONMOBIL;0000034088;https://d1io3yog0oux5.cloudfront.net/_a430827547f64a498d7fc8f80494f171/exxonmobil/db/2288/21358/cautionary_statement/1Q18-Cautionary-Statement.pdf;PDF;;;2026-10-04 20:57:48;DESCOBERTO;1Q18-Cautionary-Statement.pdf;.pdf;;https://investidor10.com.br/stocks/xom/;MANUAL
2658;EXXONMOBIL;0000034088;https://investor.exxonmobil.com/sec-filings/all-sec-filings/content/0000034088-18-000024/0000034088-18-000024.pdf;PDF;;;2026-10-04 20:57:48;DESCOBERTO;0000034088-18-000024.pdf;.pdf;;https://investidor10.com.br/stocks/xom/;MANUAL
2659;EXXONMOBIL;0000034088;https://d1io3yog0oux5.cloudfront.net/_a430827547f64a498d7fc8f80494f171/exxonmobil/db/2288/21358/supplement/news_supp_earnings_1q18_2.pdf;PDF;;;2026-10-04 20:57:48;DESCOBERTO;news_supp_earnings_1q18_2.pdf;.pdf;;https://investidor10.com.br/stocks/xom/;MANUAL
2660;EXXONMOBIL;0000034088;https://d1io3yog0oux5.cloudfront.net/_a430827547f64a498d7fc8f80494f171/exxonmobil/db/2288/21358/supplement_xlsx_/news_supp_earnings_1q18_1.xlsx;XLSX;;;2026-10-04 20:57:48;DESCOBERTO;news_supp_earnings_1q18_1.xlsx;.xlsx;;https://investidor10.com.br/stocks/xom/;MANUAL
2661;EXXONMOBIL;0000034088;https://d1io3yog0oux5.cloudfront.net/_a430827547f64a498d7fc8f80494f171/exxonmobil/db/2288/21357/annual_report/2017-Summary-Annual-Report.pdf;PDF;;;2026-10-04 20:57:48;DESCOBERTO;2017-Summary-Annual-Report.pdf;.pdf;;https://investidor10.com.br/stocks/xom/;MANUAL
2662;EXXONMOBIL;0000034088;https://d1io3yog0oux5.cloudfront.net/_a430827547f64a498d7fc8f80494f171/exxonmobil/news/2018-02-02_ExxonMobil_Earns_19_7_Billion_in_2017_8_4_Billion__303.pdf;PDF;;;2026-10-04 20:57:48;DESCOBERTO;2018-02-02_ExxonMobil_Earns_19_7_Billion_in_2017_8_4_Billion__303.pdf;.pdf;;https://investidor10.com.br/stocks/xom/;MANUAL
2663;EXXONMOBIL;0000034088;https://d1io3yog0oux5.cloudfront.net/_a430827547f64a498d7fc8f80494f171/exxonmobil/db/2288/21357/presentation/news_presentation_4q17.pdf;PDF;;;2026-10-04 20:57:48;DESCOBERTO;news_presentation_4q17.pdf;.pdf;;https://investidor10.com.br/stocks/xom/;MANUAL
2664;EXXONMOBIL;0000034088;https://d1io3yog0oux5.cloudfront.net/_a430827547f64a498d7fc8f80494f171/exxonmobil/db/2288/21357/cautionary_statement/4Q17-cautionary-statement.pdf;PDF;;;2026-10-04 20:57:48;DESCOBERTO;4Q17-cautionary-statement.pdf;.pdf;;https://investidor10.com.br/stocks/xom/;MANUAL
2665;EXXONMOBIL;0000034088;https://investor.exxonmobil.com/sec-filings/all-sec-filings/content/0000034088-18-000015/0000034088-18-000015.pdf;PDF;;;2026-10-04 20:57:48;DESCOBERTO;0000034088-18-000015.pdf;.pdf;;https://investidor10.com.br/stocks/xom/;MANUAL
2666;EXXONMOBIL;0000034088;https://d1io3yog0oux5.cloudfront.net/_a430827547f64a498d7fc8f80494f171/exxonmobil/db/2289/21974/file/2017-financial-statements.pdf;PDF;;;2026-10-04 20:57:48;DESCOBERTO;2017-financial-statements.pdf;.pdf;;https://investidor10.com.br/stocks/xom/;MANUAL
2667;EXXONMOBIL;0000034088;https://d1io3yog0oux5.cloudfront.net/_a430827547f64a498d7fc8f80494f171/exxonmobil/db/2289/21966/file/2017-Financial-and-Operating-Review.pdf;PDF;;;2026-10-04 20:57:48;DESCOBERTO;2017-Financial-and-Operating-Review.pdf;.pdf;;https://investidor10.com.br/stocks/xom/;MANUAL
2668;EXXONMOBIL;0000034088;https://d1io3yog0oux5.cloudfront.net/_a430827547f64a498d7fc8f80494f171/exxonmobil/db/2288/21357/supplement/news_supp_earnings_4q17_2.pdf;PDF;;;2026-10-04 20:57:48;DESCOBERTO;news_supp_earnings_4q17_2.pdf;.pdf;;https://investidor10.com.br/stocks/xom/;MANUAL
2669;EXXONMOBIL;0000034088;https://d1io3yog0oux5.cloudfront.net/_a430827547f64a498d7fc8f80494f171/exxonmobil/db/2288/21357/supplement_xlsx_/news_supp_earnings_4q17_1.xlsx;XLSX;;;2026-10-04 20:57:49;DESCOBERTO;news_supp_earnings_4q17_1.xlsx;.xlsx;;https://investidor10.com.br/stocks/xom/;MANUAL
2670;EXXONMOBIL;0000034088;https://d1io3yog0oux5.cloudfront.net/_a430827547f64a498d7fc8f80494f171/exxonmobil/news/2017-10-27_ExxonMobil_Earnings_Rise_50_Percent_to_4_Billion_325.pdf;PDF;;;2026-10-04 20:57:49;DESCOBERTO;2017-10-27_ExxonMobil_Earnings_Rise_50_Percent_to_4_Billion_325.pdf;.pdf;;https://investidor10.com.br/stocks/xom/;MANUAL
2671;EXXONMOBIL;0000034088;https://d1io3yog0oux5.cloudfront.net/_a430827547f64a498d7fc8f80494f171/exxonmobil/db/2288/21356/presentation/news_presentation_3q17.pdf;PDF;;;2026-10-04 20:57:49;DESCOBERTO;news_presentation_3q17.pdf;.pdf;;https://investidor10.com.br/stocks/xom/;MANUAL
2672;EXXONMOBIL;0000034088;https://d1io3yog0oux5.cloudfront.net/_a430827547f64a498d7fc8f80494f171/exxonmobil/db/2288/21356/cautionary_statement/3Q17-Cautionary-Statement.pdf;PDF;;;2026-10-04 20:57:49;DESCOBERTO;3Q17-Cautionary-Statement.pdf;.pdf;;https://investidor10.com.br/stocks/xom/;MANUAL
2673;EXXONMOBIL;0000034088;https://investor.exxonmobil.com/sec-filings/all-sec-filings/content/0000034088-17-000052/0000034088-17-000052.pdf;PDF;;;2026-10-04 20:57:49;DESCOBERTO;0000034088-17-000052.pdf;.pdf;;https://investidor10.com.br/stocks/xom/;MANUAL
2674;EXXONMOBIL;0000034088;https://d1io3yog0oux5.cloudfront.net/_a430827547f64a498d7fc8f80494f171/exxonmobil/db/2288/21356/supplement/news_supp_earnings_3q17_2.pdf;PDF;;;2026-10-04 20:57:49;DESCOBERTO;news_supp_earnings_3q17_2.pdf;.pdf;;https://investidor10.com.br/stocks/xom/;MANUAL
2675;EXXONMOBIL;0000034088;https://d1io3yog0oux5.cloudfront.net/_a430827547f64a498d7fc8f80494f171/exxonmobil/db/2288/21356/supplement_xlsx_/news_supp_earnings_3q17_1.xlsx;XLSX;;;2026-10-04 20:57:49;DESCOBERTO;news_supp_earnings_3q17_1.xlsx;.xlsx;;https://investidor10.com.br/stocks/xom/;MANUAL
2676;EXXONMOBIL;0000034088;https://d1io3yog0oux5.cloudfront.net/_a430827547f64a498d7fc8f80494f171/exxonmobil/news/2017-07-28_ExxonMobil_Earns_3_4_Billion_in_Second_Quarter_341.pdf;PDF;;;2026-10-04 20:57:49;DESCOBERTO;2017-07-28_ExxonMobil_Earns_3_4_Billion_in_Second_Quarter_341.pdf;.pdf;;https://investidor10.com.br/stocks/xom/;MANUAL
2677;EXXONMOBIL;0000034088;https://d1io3yog0oux5.cloudfront.net/_a430827547f64a498d7fc8f80494f171/exxonmobil/db/2288/21355/presentation/news_presentation_2q17.pdf;PDF;;;2026-10-04 20:57:49;DESCOBERTO;news_presentation_2q17.pdf;.pdf;;https://investidor10.com.br/stocks/xom/;MANUAL
2678;EXXONMOBIL;0000034088;https://d1io3yog0oux5.cloudfront.net/_a430827547f64a498d7fc8f80494f171/exxonmobil/db/2288/21355/cautionary_statement/2Q17%2520Cautionary%2520Statement.pdf;PDF;;;2026-10-04 20:57:49;DESCOBERTO;2Q17%2520Cautionary%2520Statement.pdf;.pdf;;https://investidor10.com.br/stocks/xom/;MANUAL
2679;EXXONMOBIL;0000034088;https://investor.exxonmobil.com/sec-filings/all-sec-filings/content/0000034088-17-000041/0000034088-17-000041.pdf;PDF;;;2026-10-04 20:57:49;DESCOBERTO;0000034088-17-000041.pdf;.pdf;;https://investidor10.com.br/stocks/xom/;MANUAL
2680;EXXONMOBIL;0000034088;https://d1io3yog0oux5.cloudfront.net/_a430827547f64a498d7fc8f80494f171/exxonmobil/db/2288/21355/supplement/news_supp_earnings_2q17_2.pdf;PDF;;;2026-10-04 20:57:49;DESCOBERTO;news_supp_earnings_2q17_2.pdf;.pdf;;https://investidor10.com.br/stocks/xom/;MANUAL
2681;EXXONMOBIL;0000034088;https://d1io3yog0oux5.cloudfront.net/_a430827547f64a498d7fc8f80494f171/exxonmobil/db/2288/21355/supplement_xlsx_/news_supp_earnings_2q17_1.xlsx;XLSX;;;2026-10-04 20:57:49;DESCOBERTO;news_supp_earnings_2q17_1.xlsx;.xlsx;;https://investidor10.com.br/stocks/xom/;MANUAL
2682;EXXONMOBIL;0000034088;https://d1io3yog0oux5.cloudfront.net/_a430827547f64a498d7fc8f80494f171/exxonmobil/news/2017-04-28_ExxonMobil_Earns_4_Billion_During_First_Quarter_377.pdf;PDF;;;2026-10-04 20:57:49;DESCOBERTO;2017-04-28_ExxonMobil_Earns_4_Billion_During_First_Quarter_377.pdf;.pdf;;https://investidor10.com.br/stocks/xom/;MANUAL
2683;EXXONMOBIL;0000034088;https://d1io3yog0oux5.cloudfront.net/_a430827547f64a498d7fc8f80494f171/exxonmobil/db/2288/21354/presentation/news_presentation_1q17.pdf;PDF;;;2026-10-04 20:57:50;DESCOBERTO;news_presentation_1q17.pdf;.pdf;;https://investidor10.com.br/stocks/xom/;MANUAL
2684;EXXONMOBIL;0000034088;https://d1io3yog0oux5.cloudfront.net/_a430827547f64a498d7fc8f80494f171/exxonmobil/db/2288/21354/cautionary_statement/1Q17%2520Cautionary%2520Statement.pdf;PDF;;;2026-10-04 20:57:50;DESCOBERTO;1Q17%2520Cautionary%2520Statement.pdf;.pdf;;https://investidor10.com.br/stocks/xom/;MANUAL
2685;EXXONMOBIL;0000034088;https://investor.exxonmobil.com/sec-filings/all-sec-filings/content/0000034088-17-000027/0000034088-17-000027.pdf;PDF;;;2026-10-04 20:57:50;DESCOBERTO;0000034088-17-000027.pdf;.pdf;;https://investidor10.com.br/stocks/xom/;MANUAL
2686;EXXONMOBIL;0000034088;https://d1io3yog0oux5.cloudfront.net/_a430827547f64a498d7fc8f80494f171/exxonmobil/db/2288/21354/supplement/news_supp_earnings_1q17_2.pdf;PDF;;;2026-10-04 20:57:50;DESCOBERTO;news_supp_earnings_1q17_2.pdf;.pdf;;https://investidor10.com.br/stocks/xom/;MANUAL
2687;EXXONMOBIL;0000034088;https://d1io3yog0oux5.cloudfront.net/_a430827547f64a498d7fc8f80494f171/exxonmobil/db/2288/21354/supplement_xlsx_/news_supp_earnings_1q17_1.xlsx;XLSX;;;2026-10-04 20:57:50;DESCOBERTO;news_supp_earnings_1q17_1.xlsx;.xlsx;;https://investidor10.com.br/stocks/xom/;MANUAL
2688;EXXONMOBIL;0000034088;https://d1io3yog0oux5.cloudfront.net/_a430827547f64a498d7fc8f80494f171/exxonmobil/db/2288/21353/annual_report/2016-Summary-Annual-Report.pdf;PDF;;;2026-10-04 20:57:50;DESCOBERTO;2016-Summary-Annual-Report.pdf;.pdf;;https://investidor10.com.br/stocks/xom/;MANUAL
2689;EXXONMOBIL;0000034088;https://d1io3yog0oux5.cloudfront.net/_a430827547f64a498d7fc8f80494f171/exxonmobil/news/2017-01-31_ExxonMobil_Earns_7_8_Billion_in_2016_1_7_Billion_394.pdf;PDF;;;2026-10-04 20:57:50;DESCOBERTO;2017-01-31_ExxonMobil_Earns_7_8_Billion_in_2016_1_7_Billion_394.pdf;.pdf;;https://investidor10.com.br/stocks/xom/;MANUAL
2690;EXXONMOBIL;0000034088;https://d1io3yog0oux5.cloudfront.net/_a430827547f64a498d7fc8f80494f171/exxonmobil/db/2288/21353/presentation/news_presentation_4q16.pdf;PDF;;;2026-10-04 20:57:50;DESCOBERTO;news_presentation_4q16.pdf;.pdf;;https://investidor10.com.br/stocks/xom/;MANUAL
2691;EXXONMOBIL;0000034088;https://d1io3yog0oux5.cloudfront.net/_a430827547f64a498d7fc8f80494f171/exxonmobil/db/2288/21353/cautionary_statement/4Q16%2520Cautionary%2520Statement.pdf;PDF;;;2026-10-04 20:57:50;DESCOBERTO;4Q16%2520Cautionary%2520Statement.pdf;.pdf;;https://investidor10.com.br/stocks/xom/;MANUAL
2692;EXXONMOBIL;0000034088;https://investor.exxonmobil.com/sec-filings/all-sec-filings/content/0000034088-17-000017/0000034088-17-000017.pdf;PDF;;;2026-10-04 20:57:50;DESCOBERTO;0000034088-17-000017.pdf;.pdf;;https://investidor10.com.br/stocks/xom/;MANUAL
2693;EXXONMOBIL;0000034088;https://d1io3yog0oux5.cloudfront.net/_a430827547f64a498d7fc8f80494f171/exxonmobil/db/2289/21975/file/2016-financial-statements.pdf;PDF;;;2026-10-04 20:57:50;DESCOBERTO;2016-financial-statements.pdf;.pdf;;https://investidor10.com.br/stocks/xom/;MANUAL
2694;EXXONMOBIL;0000034088;https://d1io3yog0oux5.cloudfront.net/_a430827547f64a498d7fc8f80494f171/exxonmobil/db/2289/21968/file/2016-financial-and-operating-review.pdf;PDF;;;2026-10-04 20:57:50;DESCOBERTO;2016-financial-and-operating-review.pdf;.pdf;;https://investidor10.com.br/stocks/xom/;MANUAL
2695;EXXONMOBIL;0000034088;https://d1io3yog0oux5.cloudfront.net/_a430827547f64a498d7fc8f80494f171/exxonmobil/db/2288/21353/supplement/news_supp_earnings_4q16_2.pdf;PDF;;;2026-10-04 20:57:50;DESCOBERTO;news_supp_earnings_4q16_2.pdf;.pdf;;https://investidor10.com.br/stocks/xom/;MANUAL
2696;EXXONMOBIL;0000034088;https://d1io3yog0oux5.cloudfront.net/_a430827547f64a498d7fc8f80494f171/exxonmobil/db/2288/21353/supplement_xlsx_/news_supp_earnings_4q16_1.xlsx;XLSX;;;2026-10-04 20:57:50;DESCOBERTO;news_supp_earnings_4q16_1.xlsx;.xlsx;;https://investidor10.com.br/stocks/xom/;MANUAL
2697;EXXONMOBIL;0000034088;https://d1io3yog0oux5.cloudfront.net/_a430827547f64a498d7fc8f80494f171/exxonmobil/news/2016-10-28_ExxonMobil_Earns_2_7_Billion_in_Third_Quarter_of_413.pdf;PDF;;;2026-10-04 20:57:50;DESCOBERTO;2016-10-28_ExxonMobil_Earns_2_7_Billion_in_Third_Quarter_of_413.pdf;.pdf;;https://investidor10.com.br/stocks/xom/;MANUAL
2698;EXXONMOBIL;0000034088;https://d1io3yog0oux5.cloudfront.net/_a430827547f64a498d7fc8f80494f171/exxonmobil/db/2288/21352/presentation/news_presentation_3q16.pdf;PDF;;;2026-10-04 20:57:51;DESCOBERTO;news_presentation_3q16.pdf;.pdf;;https://investidor10.com.br/stocks/xom/;MANUAL
2699;EXXONMOBIL;0000034088;https://d1io3yog0oux5.cloudfront.net/_a430827547f64a498d7fc8f80494f171/exxonmobil/db/2288/21352/cautionary_statement/3Q16%2520Cautionary%2520Statement%25203Q%252016.pdf;PDF;;;2026-10-04 20:57:51;DESCOBERTO;3Q16%2520Cautionary%2520Statement%25203Q%252016.pdf;.pdf;;https://investidor10.com.br/stocks/xom/;MANUAL
2700;EXXONMOBIL;0000034088;https://investor.exxonmobil.com/sec-filings/all-sec-filings/content/0000034088-16-000097/0000034088-16-000097.pdf;PDF;;;2026-10-04 20:57:51;DESCOBERTO;0000034088-16-000097.pdf;.pdf;;https://investidor10.com.br/stocks/xom/;MANUAL
2701;EXXONMOBIL;0000034088;https://d1io3yog0oux5.cloudfront.net/_a430827547f64a498d7fc8f80494f171/exxonmobil/db/2288/21352/supplement/news_supp_earnings_3q16_2.pdf;PDF;;;2026-10-04 20:57:51;DESCOBERTO;news_supp_earnings_3q16_2.pdf;.pdf;;https://investidor10.com.br/stocks/xom/;MANUAL
2702;EXXONMOBIL;0000034088;https://d1io3yog0oux5.cloudfront.net/_a430827547f64a498d7fc8f80494f171/exxonmobil/db/2288/21352/supplement_xlsx_/news_supp_earnings_3q16_1.xlsx;XLSX;;;2026-10-04 20:57:51;DESCOBERTO;news_supp_earnings_3q16_1.xlsx;.xlsx;;https://investidor10.com.br/stocks/xom/;MANUAL
2703;EXXONMOBIL;0000034088;https://d1io3yog0oux5.cloudfront.net/_a430827547f64a498d7fc8f80494f171/exxonmobil/news/2016-07-29_ExxonMobil_Earns_1_7_Billion_in_Second_Quarter_of__425.pdf;PDF;;;2026-10-04 20:57:51;DESCOBERTO;2016-07-29_ExxonMobil_Earns_1_7_Billion_in_Second_Quarter_of__425.pdf;.pdf;;https://investidor10.com.br/stocks/xom/;MANUAL
2704;EXXONMOBIL;0000034088;https://d1io3yog0oux5.cloudfront.net/_a430827547f64a498d7fc8f80494f171/exxonmobil/db/2288/21351/presentation/news_presentation_2q16.pdf;PDF;;;2026-10-04 20:57:51;DESCOBERTO;news_presentation_2q16.pdf;.pdf;;https://investidor10.com.br/stocks/xom/;MANUAL
2705;EXXONMOBIL;0000034088;https://d1io3yog0oux5.cloudfront.net/_a430827547f64a498d7fc8f80494f171/exxonmobil/db/2288/21351/cautionary_statement/2Q16%2520Cautionary%2520Statement.pdf;PDF;;;2026-10-04 20:57:51;DESCOBERTO;2Q16%2520Cautionary%2520Statement.pdf;.pdf;;https://investidor10.com.br/stocks/xom/;MANUAL
2706;EXXONMOBIL;0000034088;https://investor.exxonmobil.com/sec-filings/all-sec-filings/content/0000034088-16-000082/0000034088-16-000082.pdf;PDF;;;2026-10-04 20:57:51;DESCOBERTO;0000034088-16-000082.pdf;.pdf;;https://investidor10.com.br/stocks/xom/;MANUAL
2707;EXXONMOBIL;0000034088;https://d1io3yog0oux5.cloudfront.net/_a430827547f64a498d7fc8f80494f171/exxonmobil/db/2288/21351/supplement/news_supp_earnings_2q16_2.pdf;PDF;;;2026-10-04 20:57:51;DESCOBERTO;news_supp_earnings_2q16_2.pdf;.pdf;;https://investidor10.com.br/stocks/xom/;MANUAL
2708;EXXONMOBIL;0000034088;https://d1io3yog0oux5.cloudfront.net/_a430827547f64a498d7fc8f80494f171/exxonmobil/db/2288/21351/supplement_xlsx_/news_supp_earnings_2q16_1.xlsx;XLSX;;;2026-10-04 20:57:51;DESCOBERTO;news_supp_earnings_2q16_1.xlsx;.xlsx;;https://investidor10.com.br/stocks/xom/;MANUAL
2709;EXXONMOBIL;0000034088;https://d1io3yog0oux5.cloudfront.net/_a430827547f64a498d7fc8f80494f171/exxonmobil/news/2016-04-29_ExxonMobil_Earns_1_8_Billion_in_First_Quarter_of_437.pdf;PDF;;;2026-10-04 20:57:51;DESCOBERTO;2016-04-29_ExxonMobil_Earns_1_8_Billion_in_First_Quarter_of_437.pdf;.pdf;;https://investidor10.com.br/stocks/xom/;MANUAL
2710;EXXONMOBIL;0000034088;https://d1io3yog0oux5.cloudfront.net/_a430827547f64a498d7fc8f80494f171/exxonmobil/db/2288/21350/presentation/news_presentation_1q16.pdf;PDF;;;2026-10-04 20:57:51;DESCOBERTO;news_presentation_1q16.pdf;.pdf;;https://investidor10.com.br/stocks/xom/;MANUAL
2711;EXXONMOBIL;0000034088;https://d1io3yog0oux5.cloudfront.net/_a430827547f64a498d7fc8f80494f171/exxonmobil/db/2288/21350/cautionary_statement/1Q16%2520Cautionary%2520Statement.pdf;PDF;;;2026-10-04 20:57:51;DESCOBERTO;1Q16%2520Cautionary%2520Statement.pdf;.pdf;;https://investidor10.com.br/stocks/xom/;MANUAL
2712;EXXONMOBIL;0000034088;https://investor.exxonmobil.com/sec-filings/all-sec-filings/content/0000034088-16-000071/0000034088-16-000071.pdf;PDF;;;2026-10-04 20:57:51;DESCOBERTO;0000034088-16-000071.pdf;.pdf;;https://investidor10.com.br/stocks/xom/;MANUAL
2713;EXXONMOBIL;0000034088;https://d1io3yog0oux5.cloudfront.net/_a430827547f64a498d7fc8f80494f171/exxonmobil/db/2288/21350/supplement/news_supp_earnings_1q16_2.pdf;PDF;;;2026-10-04 20:57:52;DESCOBERTO;news_supp_earnings_1q16_2.pdf;.pdf;;https://investidor10.com.br/stocks/xom/;MANUAL
2714;EXXONMOBIL;0000034088;https://d1io3yog0oux5.cloudfront.net/_a430827547f64a498d7fc8f80494f171/exxonmobil/db/2288/21350/supplement_xlsx_/news_supp_earning_1q16_1.xlsx;XLSX;;;2026-10-04 20:57:52;DESCOBERTO;news_supp_earning_1q16_1.xlsx;.xlsx;;https://investidor10.com.br/stocks/xom/;MANUAL
2715;EXXONMOBIL;0000034088;https://d1io3yog0oux5.cloudfront.net/_a430827547f64a498d7fc8f80494f171/exxonmobil/db/2288/21349/annual_report/2015-Summary-Annual-Report.pdf;PDF;;;2026-10-04 20:57:52;DESCOBERTO;2015-Summary-Annual-Report.pdf;.pdf;;https://investidor10.com.br/stocks/xom/;MANUAL
2716;EXXONMOBIL;0000034088;https://d1io3yog0oux5.cloudfront.net/_a430827547f64a498d7fc8f80494f171/exxonmobil/news/2016-02-02_ExxonMobil_Earns_16_2_Billion_in_2015_2_8_Billion__464.pdf;PDF;;;2026-10-04 20:57:52;DESCOBERTO;2016-02-02_ExxonMobil_Earns_16_2_Billion_in_2015_2_8_Billion__464.pdf;.pdf;;https://investidor10.com.br/stocks/xom/;MANUAL
2717;EXXONMOBIL;0000034088;https://d1io3yog0oux5.cloudfront.net/_a430827547f64a498d7fc8f80494f171/exxonmobil/db/2288/21349/presentation/news_presentation_4q15.pdf;PDF;;;2026-10-04 20:57:52;DESCOBERTO;news_presentation_4q15.pdf;.pdf;;https://investidor10.com.br/stocks/xom/;MANUAL
2718;EXXONMOBIL;0000034088;https://d1io3yog0oux5.cloudfront.net/_a430827547f64a498d7fc8f80494f171/exxonmobil/db/2288/21349/cautionary_statement/4Q15%2520Cautionary%2520Statement.pdf;PDF;;;2026-10-04 20:57:52;DESCOBERTO;4Q15%2520Cautionary%2520Statement.pdf;.pdf;;https://investidor10.com.br/stocks/xom/;MANUAL
2719;EXXONMOBIL;0000034088;https://investor.exxonmobil.com/sec-filings/all-sec-filings/content/0000034088-16-000065/0000034088-16-000065.pdf;PDF;;;2026-10-04 20:57:52;DESCOBERTO;0000034088-16-000065.pdf;.pdf;;https://investidor10.com.br/stocks/xom/;MANUAL
2720;EXXONMOBIL;0000034088;https://d1io3yog0oux5.cloudfront.net/_a430827547f64a498d7fc8f80494f171/exxonmobil/db/2289/21976/file/2015-financial-statements.pdf;PDF;;;2026-10-04 20:57:52;DESCOBERTO;2015-financial-statements.pdf;.pdf;;https://investidor10.com.br/stocks/xom/;MANUAL
2721;EXXONMOBIL;0000034088;https://d1io3yog0oux5.cloudfront.net/_a430827547f64a498d7fc8f80494f171/exxonmobil/db/2289/21970/file/2015-FNO-new.pdf;PDF;;;2026-10-04 20:57:52;DESCOBERTO;2015-FNO-new.pdf;.pdf;;https://investidor10.com.br/stocks/xom/;MANUAL
2722;EXXONMOBIL;0000034088;https://d1io3yog0oux5.cloudfront.net/_a430827547f64a498d7fc8f80494f171/exxonmobil/db/2288/21349/supplement/news_supp_earnings_4q15_2.pdf;PDF;;;2026-10-04 20:57:52;DESCOBERTO;news_supp_earnings_4q15_2.pdf;.pdf;;https://investidor10.com.br/stocks/xom/;MANUAL
2723;EXXONMOBIL;0000034088;https://d1io3yog0oux5.cloudfront.net/_a430827547f64a498d7fc8f80494f171/exxonmobil/db/2288/21349/supplement_xlsx_/news_supp_earnings_4q15_1.xlsx;XLSX;;;2026-10-04 20:57:52;DESCOBERTO;news_supp_earnings_4q15_1.xlsx;.xlsx;;https://investidor10.com.br/stocks/xom/;MANUAL
2724;EXXONMOBIL;0000034088;https://d1io3yog0oux5.cloudfront.net/_a430827547f64a498d7fc8f80494f171/exxonmobil/news/2015-10-30_ExxonMobil_Earns_4_2_Billion_in_Third_Quarter_of_474.pdf;PDF;;;2026-10-04 20:57:52;DESCOBERTO;2015-10-30_ExxonMobil_Earns_4_2_Billion_in_Third_Quarter_of_474.pdf;.pdf;;https://investidor10.com.br/stocks/xom/;MANUAL
2725;EXXONMOBIL;0000034088;https://d1io3yog0oux5.cloudfront.net/_a430827547f64a498d7fc8f80494f171/exxonmobil/db/2288/21348/presentation/news_presentation_3q15v2.pdf;PDF;;;2026-10-04 20:57:52;DESCOBERTO;news_presentation_3q15v2.pdf;.pdf;;https://investidor10.com.br/stocks/xom/;MANUAL
2726;EXXONMOBIL;0000034088;https://d1io3yog0oux5.cloudfront.net/_a430827547f64a498d7fc8f80494f171/exxonmobil/db/2288/21348/cautionary_statement/3Q15%2520Cautionary%2520Statement.pdf;PDF;;;2026-10-04 20:57:52;DESCOBERTO;3Q15%2520Cautionary%2520Statement.pdf;.pdf;;https://investidor10.com.br/stocks/xom/;MANUAL
2727;EXXONMOBIL;0000034088;https://investor.exxonmobil.com/sec-filings/all-sec-filings/content/0000034088-15-000044/0000034088-15-000044.pdf;PDF;;;2026-10-04 20:57:52;DESCOBERTO;0000034088-15-000044.pdf;.pdf;;https://investidor10.com.br/stocks/xom/;MANUAL
2728;EXXONMOBIL;0000034088;https://d1io3yog0oux5.cloudfront.net/_a430827547f64a498d7fc8f80494f171/exxonmobil/db/2288/21348/supplement/news_supp_earnings_3q15_2.pdf;PDF;;;2026-10-04 20:57:53;DESCOBERTO;news_supp_earnings_3q15_2.pdf;.pdf;;https://investidor10.com.br/stocks/xom/;MANUAL
2729;EXXONMOBIL;0000034088;https://d1io3yog0oux5.cloudfront.net/_a430827547f64a498d7fc8f80494f171/exxonmobil/db/2288/21348/supplement_xlsx_/news_supp_earnings_3q15_1.xlsx;XLSX;;;2026-10-04 20:57:53;DESCOBERTO;news_supp_earnings_3q15_1.xlsx;.xlsx;;https://investidor10.com.br/stocks/xom/;MANUAL
2730;EXXONMOBIL;0000034088;https://d1io3yog0oux5.cloudfront.net/_a430827547f64a498d7fc8f80494f171/exxonmobil/news/2015-07-31_ExxonMobil_Earns_4_2_Billion_in_Second_Quarter_of__484.pdf;PDF;;;2026-10-04 20:57:53;DESCOBERTO;2015-07-31_ExxonMobil_Earns_4_2_Billion_in_Second_Quarter_of__484.pdf;.pdf;;https://investidor10.com.br/stocks/xom/;MANUAL
2731;EXXONMOBIL;0000034088;https://d1io3yog0oux5.cloudfront.net/_a430827547f64a498d7fc8f80494f171/exxonmobil/db/2288/21347/presentation/news_presentation_2q15.pdf;PDF;;;2026-10-04 20:57:53;DESCOBERTO;news_presentation_2q15.pdf;.pdf;;https://investidor10.com.br/stocks/xom/;MANUAL
2732;EXXONMOBIL;0000034088;https://d1io3yog0oux5.cloudfront.net/_a430827547f64a498d7fc8f80494f171/exxonmobil/db/2288/21347/cautionary_statement/2Q15%2520Cautionary%2520Statement.pdf;PDF;;;2026-10-04 20:57:53;DESCOBERTO;2Q15%2520Cautionary%2520Statement.pdf;.pdf;;https://investidor10.com.br/stocks/xom/;MANUAL
2733;EXXONMOBIL;0000034088;https://investor.exxonmobil.com/sec-filings/all-sec-filings/content/0000034088-15-000035/0000034088-15-000035.pdf;PDF;;;2026-10-04 20:57:53;DESCOBERTO;0000034088-15-000035.pdf;.pdf;;https://investidor10.com.br/stocks/xom/;MANUAL
2734;EXXONMOBIL;0000034088;https://d1io3yog0oux5.cloudfront.net/_a430827547f64a498d7fc8f80494f171/exxonmobil/db/2288/21347/supplement/news_supp_earnings_2q15_2.pdf;PDF;;;2026-10-04 20:57:53;DESCOBERTO;news_supp_earnings_2q15_2.pdf;.pdf;;https://investidor10.com.br/stocks/xom/;MANUAL
2735;EXXONMOBIL;0000034088;https://d1io3yog0oux5.cloudfront.net/_a430827547f64a498d7fc8f80494f171/exxonmobil/db/2288/21347/supplement_xlsx_/news_supp_earnings_2q15_1.xlsx;XLSX;;;2026-10-04 20:57:53;DESCOBERTO;news_supp_earnings_2q15_1.xlsx;.xlsx;;https://investidor10.com.br/stocks/xom/;MANUAL
2736;EXXONMOBIL;0000034088;https://d1io3yog0oux5.cloudfront.net/_a430827547f64a498d7fc8f80494f171/exxonmobil/db/2288/21346/earnings_release/news_release_earnings_1q15.pdf;PDF;;;2026-10-04 20:57:53;DESCOBERTO;news_release_earnings_1q15.pdf;.pdf;;https://investidor10.com.br/stocks/xom/;MANUAL
2737;EXXONMOBIL;0000034088;https://d1io3yog0oux5.cloudfront.net/_a430827547f64a498d7fc8f80494f171/exxonmobil/db/2288/21346/presentation/news_presentation_1q15.pdf;PDF;;;2026-10-04 20:57:53;DESCOBERTO;news_presentation_1q15.pdf;.pdf;;https://investidor10.com.br/stocks/xom/;MANUAL
2738;EXXONMOBIL;0000034088;https://d1io3yog0oux5.cloudfront.net/_a430827547f64a498d7fc8f80494f171/exxonmobil/db/2288/21346/cautionary_statement/1Q15%2520Cautionary%2520Statement.pdf;PDF;;;2026-10-04 20:57:53;DESCOBERTO;1Q15%2520Cautionary%2520Statement.pdf;.pdf;;https://investidor10.com.br/stocks/xom/;MANUAL
2739;EXXONMOBIL;0000034088;https://investor.exxonmobil.com/sec-filings/all-sec-filings/content/0000034088-15-000021/0000034088-15-000021.pdf;PDF;;;2026-10-04 20:57:53;DESCOBERTO;0000034088-15-000021.pdf;.pdf;;https://investidor10.com.br/stocks/xom/;MANUAL
2740;EXXONMOBIL;0000034088;https://d1io3yog0oux5.cloudfront.net/_a430827547f64a498d7fc8f80494f171/exxonmobil/db/2288/21346/supplement/news_supp_earnings_1q15_2.pdf;PDF;;;2026-10-04 20:57:53;DESCOBERTO;news_supp_earnings_1q15_2.pdf;.pdf;;https://investidor10.com.br/stocks/xom/;MANUAL
2741;EXXONMOBIL;0000034088;https://d1io3yog0oux5.cloudfront.net/_a430827547f64a498d7fc8f80494f171/exxonmobil/db/2288/21346/supplement_xlsx_/news_supp_earnings_1q15_1.xlsx;XLSX;;;2026-10-04 20:57:54;DESCOBERTO;news_supp_earnings_1q15_1.xlsx;.xlsx;;https://investidor10.com.br/stocks/xom/;MANUAL
2742;EXXONMOBIL;0000034088;https://d1io3yog0oux5.cloudfront.net/_a430827547f64a498d7fc8f80494f171/exxonmobil/db/2288/21345/annual_report/2014-Summary-Annual-Report.pdf;PDF;;;2026-10-04 20:57:54;DESCOBERTO;2014-Summary-Annual-Report.pdf;.pdf;;https://investidor10.com.br/stocks/xom/;MANUAL
2743;EXXONMOBIL;0000034088;https://d1io3yog0oux5.cloudfront.net/_a430827547f64a498d7fc8f80494f171/exxonmobil/news/2015-02-02_ExxonMobil_Earns_32_5_Billion_in_2014_6_6_Billion__524.pdf;PDF;;;2026-10-04 20:57:54;DESCOBERTO;2015-02-02_ExxonMobil_Earns_32_5_Billion_in_2014_6_6_Billion__524.pdf;.pdf;;https://investidor10.com.br/stocks/xom/;MANUAL
2744;EXXONMOBIL;0000034088;https://d1io3yog0oux5.cloudfront.net/_a430827547f64a498d7fc8f80494f171/exxonmobil/db/2288/21345/presentation/news_presentation_4q14.pdf;PDF;;;2026-10-04 20:57:54;DESCOBERTO;news_presentation_4q14.pdf;.pdf;;https://investidor10.com.br/stocks/xom/;MANUAL
2745;EXXONMOBIL;0000034088;https://d1io3yog0oux5.cloudfront.net/_a430827547f64a498d7fc8f80494f171/exxonmobil/db/2288/21345/cautionary_statement/4Q14%2520Cautionary%2520Statement.pdf;PDF;;;2026-10-04 20:57:54;DESCOBERTO;4Q14%2520Cautionary%2520Statement.pdf;.pdf;;https://investidor10.com.br/stocks/xom/;MANUAL
2746;EXXONMOBIL;0000034088;https://investor.exxonmobil.com/sec-filings/all-sec-filings/content/0000034088-15-000013/0000034088-15-000013.pdf;PDF;;;2026-10-04 20:57:54;DESCOBERTO;0000034088-15-000013.pdf;.pdf;;https://investidor10.com.br/stocks/xom/;MANUAL
2747;EXXONMOBIL;0000034088;https://d1io3yog0oux5.cloudfront.net/_a430827547f64a498d7fc8f80494f171/exxonmobil/db/2289/21971/file/2014_ExxonMobil_Financial_and_Operating_Review+%281%29.pdf;PDF;;;2026-10-04 20:57:54;DESCOBERTO;2014_ExxonMobil_Financial_and_Operating_Review+%281%29.pdf;.pdf;;https://investidor10.com.br/stocks/xom/;MANUAL
2748;EXXONMOBIL;0000034088;https://d1io3yog0oux5.cloudfront.net/_a430827547f64a498d7fc8f80494f171/exxonmobil/db/2289/21977/file/2014-financial-statements.pdf;PDF;;;2026-10-04 20:57:54;DESCOBERTO;2014-financial-statements.pdf;.pdf;;https://investidor10.com.br/stocks/xom/;MANUAL
2749;EXXONMOBIL;0000034088;https://d1io3yog0oux5.cloudfront.net/_a430827547f64a498d7fc8f80494f171/exxonmobil/db/2288/21345/supplement/news_supp_earnings_4q14-2.pdf;PDF;;;2026-10-04 20:57:54;DESCOBERTO;news_supp_earnings_4q14-2.pdf;.pdf;;https://investidor10.com.br/stocks/xom/;MANUAL
2750;EXXONMOBIL;0000034088;https://d1io3yog0oux5.cloudfront.net/_a430827547f64a498d7fc8f80494f171/exxonmobil/db/2288/21345/supplement_xlsx_/news_supp_earnings_4q14_1.xlsx;XLSX;;;2026-10-04 20:57:54;DESCOBERTO;news_supp_earnings_4q14_1.xlsx;.xlsx;;https://investidor10.com.br/stocks/xom/;MANUAL
2751;EXXONMOBIL;0000034088;https://d1io3yog0oux5.cloudfront.net/_a430827547f64a498d7fc8f80494f171/exxonmobil/news/2014-10-31_Exxon_Mobil_Corporation_Announces_Estimated_Third__536.pdf;PDF;;;2026-10-04 20:57:54;DESCOBERTO;2014-10-31_Exxon_Mobil_Corporation_Announces_Estimated_Third__536.pdf;.pdf;;https://investidor10.com.br/stocks/xom/;MANUAL
2752;EXXONMOBIL;0000034088;https://d1io3yog0oux5.cloudfront.net/_a430827547f64a498d7fc8f80494f171/exxonmobil/db/2288/21344/presentation/news_presentation_3q14.pdf;PDF;;;2026-10-04 20:57:54;DESCOBERTO;news_presentation_3q14.pdf;.pdf;;https://investidor10.com.br/stocks/xom/;MANUAL
2753;EXXONMOBIL;0000034088;https://d1io3yog0oux5.cloudfront.net/_a430827547f64a498d7fc8f80494f171/exxonmobil/db/2288/21344/cautionary_statement/3Q14%2520Cautionary%2520Statement.pdf;PDF;;;2026-10-04 20:57:54;DESCOBERTO;3Q14%2520Cautionary%2520Statement.pdf;.pdf;;https://investidor10.com.br/stocks/xom/;MANUAL
2754;EXXONMOBIL;0000034088;https://investor.exxonmobil.com/sec-filings/all-sec-filings/content/0000034088-14-000044/0000034088-14-000044.pdf;PDF;;;2026-10-04 20:57:54;DESCOBERTO;0000034088-14-000044.pdf;.pdf;;https://investidor10.com.br/stocks/xom/;MANUAL
2755;EXXONMOBIL;0000034088;https://d1io3yog0oux5.cloudfront.net/_a430827547f64a498d7fc8f80494f171/exxonmobil/db/2288/21344/supplement/news_supp_earnings_3q14-2.pdf;PDF;;;2026-10-04 20:57:54;DESCOBERTO;news_supp_earnings_3q14-2.pdf;.pdf;;https://investidor10.com.br/stocks/xom/;MANUAL
2756;EXXONMOBIL;0000034088;https://d1io3yog0oux5.cloudfront.net/_a430827547f64a498d7fc8f80494f171/exxonmobil/db/2288/21344/supplement_xlsx_/news_supp_earnings_3q14_1.xlsx;XLSX;;;2026-10-04 20:57:55;DESCOBERTO;news_supp_earnings_3q14_1.xlsx;.xlsx;;https://investidor10.com.br/stocks/xom/;MANUAL
2757;EXXONMOBIL;0000034088;https://d1io3yog0oux5.cloudfront.net/_a430827547f64a498d7fc8f80494f171/exxonmobil/news/2014-07-31_Exxon_Mobil_Corporation_Announces_Estimated_549.pdf;PDF;;;2026-10-04 20:57:55;DESCOBERTO;2014-07-31_Exxon_Mobil_Corporation_Announces_Estimated_549.pdf;.pdf;;https://investidor10.com.br/stocks/xom/;MANUAL
2758;EXXONMOBIL;0000034088;https://d1io3yog0oux5.cloudfront.net/_a430827547f64a498d7fc8f80494f171/exxonmobil/db/2288/21343/presentation/news_presentation_2q14.pdf;PDF;;;2026-10-04 20:57:55;DESCOBERTO;news_presentation_2q14.pdf;.pdf;;https://investidor10.com.br/stocks/xom/;MANUAL
2759;EXXONMOBIL;0000034088;https://d1io3yog0oux5.cloudfront.net/_a430827547f64a498d7fc8f80494f171/exxonmobil/db/2288/21343/cautionary_statement/2Q14%2520Cautionary%2520Statement.pdf;PDF;;;2026-10-04 20:57:55;DESCOBERTO;2Q14%2520Cautionary%2520Statement.pdf;.pdf;;https://investidor10.com.br/stocks/xom/;MANUAL
2760;EXXONMOBIL;0000034088;https://investor.exxonmobil.com/sec-filings/all-sec-filings/content/0000034088-14-000036/0000034088-14-000036.pdf;PDF;;;2026-10-04 20:57:55;DESCOBERTO;0000034088-14-000036.pdf;.pdf;;https://investidor10.com.br/stocks/xom/;MANUAL
2761;EXXONMOBIL;0000034088;https://d1io3yog0oux5.cloudfront.net/_a430827547f64a498d7fc8f80494f171/exxonmobil/db/2288/21343/supplement/news_supp_earnings_2q14-2.pdf;PDF;;;2026-10-04 20:57:55;DESCOBERTO;news_supp_earnings_2q14-2.pdf;.pdf;;https://investidor10.com.br/stocks/xom/;MANUAL
2762;EXXONMOBIL;0000034088;https://d1io3yog0oux5.cloudfront.net/_a430827547f64a498d7fc8f80494f171/exxonmobil/db/2288/21343/supplement_xlsx_/news_supp_earnings_2q14_1.xlsx;XLSX;;;2026-10-04 20:57:55;DESCOBERTO;news_supp_earnings_2q14_1.xlsx;.xlsx;;https://investidor10.com.br/stocks/xom/;MANUAL
2763;EXXONMOBIL;0000034088;https://d1io3yog0oux5.cloudfront.net/_a430827547f64a498d7fc8f80494f171/exxonmobil/news/2014-05-01_Exxon_Mobil_Corporation_Announces_Estimated_First__562.pdf;PDF;;;2026-10-04 20:57:55;DESCOBERTO;2014-05-01_Exxon_Mobil_Corporation_Announces_Estimated_First__562.pdf;.pdf;;https://investidor10.com.br/stocks/xom/;MANUAL
2764;EXXONMOBIL;0000034088;https://d1io3yog0oux5.cloudfront.net/_a430827547f64a498d7fc8f80494f171/exxonmobil/db/2288/21342/presentation/news_presentation_1q14.pdf;PDF;;;2026-10-04 20:57:55;DESCOBERTO;news_presentation_1q14.pdf;.pdf;;https://investidor10.com.br/stocks/xom/;MANUAL
2765;EXXONMOBIL;0000034088;https://d1io3yog0oux5.cloudfront.net/_a430827547f64a498d7fc8f80494f171/exxonmobil/db/2288/21342/cautionary_statement/1Q14%2520Cautionary%2520Statement.pdf;PDF;;;2026-10-04 20:57:55;DESCOBERTO;1Q14%2520Cautionary%2520Statement.pdf;.pdf;;https://investidor10.com.br/stocks/xom/;MANUAL
2766;EXXONMOBIL;0000034088;https://investor.exxonmobil.com/sec-filings/all-sec-filings/content/0000034088-14-000019/0000034088-14-000019.pdf;PDF;;;2026-10-04 20:57:55;DESCOBERTO;0000034088-14-000019.pdf;.pdf;;https://investidor10.com.br/stocks/xom/;MANUAL
2767;EXXONMOBIL;0000034088;https://d1io3yog0oux5.cloudfront.net/_a430827547f64a498d7fc8f80494f171/exxonmobil/db/2288/21342/supplement/news_supp_earnings_1q14-2.pdf;PDF;;;2026-10-04 20:57:55;DESCOBERTO;news_supp_earnings_1q14-2.pdf;.pdf;;https://investidor10.com.br/stocks/xom/;MANUAL
2768;EXXONMOBIL;0000034088;https://d1io3yog0oux5.cloudfront.net/_a430827547f64a498d7fc8f80494f171/exxonmobil/db/2288/21342/supplement_xlsx_/news_supp_earnings_1q14_1.xlsx;XLSX;;;2026-10-04 20:57:55;DESCOBERTO;news_supp_earnings_1q14_1.xlsx;.xlsx;;https://investidor10.com.br/stocks/xom/;MANUAL
2769;CHEVRON;0000093410;https://investidor10.com.br/stocks/cvx;HTML;;;2026-10-04 20:58:10;PROCESSADO;cvx;.html;;https://investidor10.com.br/stocks/cvx/;MANUAL
2770;EQUINOR;0001140625;https://investidor10.com.br/stocks/eqnr;HTML;;;2026-10-04 20:58:17;PROCESSADO;eqnr;.html;;https://investidor10.com.br/stocks/eqnr/;MANUAL
2771;EXXONMOBIL;0000034088;https://investidor10.com.br/stocks/xom;HTML;;;2026-10-04 20:58:24;PROCESSADO;xom;.html;;https://investidor10.com.br/stocks/xom/;MANUAL
2772;PETROBRAS;0001119639;https://investidor10.com.br/stocks/pbr;HTML;;;2026-10-04 20:58:30;PROCESSADO;pbr;.html;;SEM (SEM_JSON);MANUAL
2773;BP;0000313807;https://investidor10.com.br/stocks/bp;HTML;;;2026-10-04 20:58:37;PROCESSADO;bp;.html;;https://investidor10.com.br/stocks/bp/;MANUAL
2774;TOTALENERGIES;0000879764;https://investidor10.com.br/stocks/tte;HTML;;;2026-10-04 20:58:44;PROCESSADO;tte;.html;;https://investidor10.com.br/stocks/tte/;MANUAL
2775;SHELL;0001306965;https://investidor10.com.br/stocks/shel;HTML;;;2026-10-04 20:58:52;PROCESSADO;shel;.html;;https://investidor10.com.br/stocks/shel/;MANUAL
