i;n;c;t;e;n;p;o;u;h;s;n;d;d;d;e;c;f
2819;BP;0000313807;HTML;.html;6-K;;SEC:6-K;https://www.sec.gov/Archives/edgar/data/313807/000031380726000016/bp-20260630.htm;;NAO_BAIXADO;0;;2026-10-05 21:12:38;2026-10-06 03:20:57;;;0
2118;BP;0000313807;JSON;.json;CIK0000313807.json;;MANUAL;https://data.sec.gov/api/xbrl/companyfacts/CIK0000313807.json;;NAO_BAIXADO;0;;2026-10-04 20:56:54;2026-10-06 03:21:24;;;6
2773;BP;0000313807;HTML;.html;bp;;MANUAL;https://investidor10.com.br/stocks/bp;;NAO_BAIXADO;0;;2026-10-04 20:58:37;2026-10-06 03:20:57;;;0
2110;BP;0000313807;DOC;.doc;report.pdf;;MANUAL;https://cdn.prod.nntech.io/company-events/reports/5e65aa6b-62fd-3f00-bce9-4828e161bf24/report.pdf;;NAO_BAIXADO;0;;2026-10-04 20:56:48;2026-10-06 03:21:24;;;0
1987;BP;0000313807;PDF;.pdf;bp-first-quarter-2026-results-presentation-slides.pdf;C:\Users\diego\Downloads\CASE_DESEMPENHO\03_Conteiner\BP\2026_1T;MANUAL;https://www.bp.com/en/global/corporate/investors/results-and-reporting/quarterly-results.html;7b0ee183c336236d01542aabb41186cf03bddeb2c4fdeca9b3de70a12a2f8c43;NAO_PROCESSADO;0;;2026-10-04 20:54:29;2026-10-06 03:20:55;PDF pulado: narrativo ('presentation');C:\Users\diego\Downloads\CASE_DESEMPENHO\03_Conteiner\BP\2026_1T\bp-first-quarter-2026-results-presentation-slides.pdf;0
1988;BP;0000313807;PDF;.pdf;bp-first-quarter-2026-results-qa-transcript.pdf;C:\Users\diego\Downloads\CASE_DESEMPENHO\03_Conteiner\BP\2026_1T;MANUAL;https://www.bp.com/en/global/corporate/investors/results-and-reporting/quarterly-results.html;ec8bf768cccb22fca632aa94c985664e0f9c2240664bf46cf7ad7f5fb296bd08;NAO_PROCESSADO;0;;2026-10-04 20:54:29;2026-10-06 03:20:55;PDF pulado: narrativo ('qa');C:\Users\diego\Downloads\CASE_DESEMPENHO\03_Conteiner\BP\2026_1T\bp-first-quarter-2026-results-qa-transcript.pdf;0
1980;BP;0000313807;PDF;.pdf;bp-fourth-quarter-2025-results-presentation-slides.pdf;C:\Users\diego\Downloads\CASE_DESEMPENHO\03_Conteiner\BP\2025_4T;MANUAL;https://www.bp.com/en/global/corporate/investors/results-and-reporting/quarterly-results.html;62769ab4e955e72ad79c902503138d8c6755984a43d07bd35235d0ffcdd5623f;NAO_PROCESSADO;0;;2026-10-04 20:54:29;2026-10-06 03:20:55;PDF pulado: narrativo ('presentation');C:\Users\diego\Downloads\CASE_DESEMPENHO\03_Conteiner\BP\2025_4T\bp-fourth-quarter-2025-results-presentation-slides.pdf;0
1981;BP;0000313807;PDF;.pdf;bp-fourth-quarter-2025-results-qa-transcript.pdf;C:\Users\diego\Downloads\CASE_DESEMPENHO\03_Conteiner\BP\2025_4T;MANUAL;https://www.bp.com/en/global/corporate/investors/results-and-reporting/quarterly-results.html;e8b6d17f6e0205aad5e03b5f39393d8db5f9eed6db81dd1e729b27011767abb5;NAO_PROCESSADO;0;;2026-10-04 20:54:29;2026-10-06 03:20:55;PDF pulado: narrativo ('qa');C:\Users\diego\Downloads\CASE_DESEMPENHO\03_Conteiner\BP\2025_4T\bp-fourth-quarter-2025-results-qa-transcript.pdf;0
1984;BP;0000313807;PDF;.pdf;bp-fy25-results-and-strategy-progress-slides.pdf;C:\Users\diego\Downloads\CASE_DESEMPENHO\03_Conteiner\BP\2025_4T;MANUAL;https://www.bp.com/en/global/corporate/investors/results-and-reporting/quarterly-results.html;2c74cb1648740970a63aa1379c7a56204b7fcacd5b67dbeaeea83cb6d1a4636c;NAO_PROCESSADO;0;;2026-10-04 20:54:29;2026-10-06 03:20:55;PDF pulado: narrativo ('slides');C:\Users\diego\Downloads\CASE_DESEMPENHO\03_Conteiner\BP\2025_4T\bp-fy25-results-and-strategy-progress-slides.pdf;0
1993;BP;0000313807;PDF;.pdf;bp-second-quarter-2026-results-presentation-slides-and-script.pdf;C:\Users\diego\Downloads\CASE_DESEMPENHO\03_Conteiner\BP\2026_2T;MANUAL;https://www.bp.com/en/global/corporate/investors/results-and-reporting/quarterly-results.html;1330fbc8cfa259aa24c54df2b124ff94fd0742e71451f66aefd8ce8032521094;NAO_PROCESSADO;0;;2026-10-04 20:54:30;2026-10-06 03:20:55;PDF pulado: narrativo ('presentation');C:\Users\diego\Downloads\CASE_DESEMPENHO\03_Conteiner\BP\2026_2T\bp-second-quarter-2026-results-presentation-slides-and-script.pdf;0
1994;BP;0000313807;PDF;.pdf;bp-second-quarter-2026-results-presentation-slides.pdf;C:\Users\diego\Downloads\CASE_DESEMPENHO\03_Conteiner\BP\2026_2T;MANUAL;https://www.bp.com/en/global/corporate/investors/results-and-reporting/quarterly-results.html;ce5afeb05c085c471012aed774d06c74ff93a1e873f987fa54d34078fc8f3d27;NAO_PROCESSADO;0;;2026-10-04 20:54:30;2026-10-06 03:20:55;PDF pulado: narrativo ('presentation');C:\Users\diego\Downloads\CASE_DESEMPENHO\03_Conteiner\BP\2026_2T\bp-second-quarter-2026-results-presentation-slides.pdf;0
1995;BP;0000313807;PDF;.pdf;bp-second-quarter-2026-results-qa-transcript.pdf;C:\Users\diego\Downloads\CASE_DESEMPENHO\03_Conteiner\BP\2026_2T;MANUAL;https://www.bp.com/en/global/corporate/investors/results-and-reporting/quarterly-results.html;ecb1348b1f3dd1cfac919686df0666f744eff4fc1aedac9e7698aa35fc885c9d;NAO_PROCESSADO;0;;2026-10-04 20:54:30;2026-10-06 03:20:55;PDF pulado: narrativo ('qa');C:\Users\diego\Downloads\CASE_DESEMPENHO\03_Conteiner\BP\2026_2T\bp-second-quarter-2026-results-qa-transcript.pdf;0
1986;BP;0000313807;XLSX;.xlsx;bp-first-quarter-2026-results-group-databook.xlsx;C:\Users\diego\Downloads\CASE_DESEMPENHO\03_Conteiner\BP\2026_1T;MANUAL;https://www.bp.com/en/global/corporate/investors/results-and-reporting/quarterly-results.html;ee7123536636d7b965aa50ac55f874924fd651a759679c107045cb5e8dea5013;PROCESSADO;102;1652;2026-10-04 20:54:29;2026-10-06 03:22:39;;C:\Users\diego\Downloads\CASE_DESEMPENHO\03_Conteiner\BP\2026_1T\bp-first-quarter-2026-results-group-databook.xlsx;0
1979;BP;0000313807;XLSX;.xlsx;bp-fourth-quarter-2025-results-group-databook.xlsx;C:\Users\diego\Downloads\CASE_DESEMPENHO\03_Conteiner\BP\2025_4T;MANUAL;https://www.bp.com/en/global/corporate/investors/results-and-reporting/quarterly-results.html;5bbb4d92059e63d9f6f399dbc5ef42b4dea105926fd4aed9b0d71586defdc28a;PROCESSADO;120;1773;2026-10-04 20:54:28;2026-10-06 03:22:39;;C:\Users\diego\Downloads\CASE_DESEMPENHO\03_Conteiner\BP\2025_4T\bp-fourth-quarter-2025-results-group-databook.xlsx;0
1992;BP;0000313807;XLSX;.xlsx;bp-second-quarter-2026-results-group-databook.xlsx;C:\Users\diego\Downloads\CASE_DESEMPENHO\03_Conteiner\BP\2026_2T;MANUAL;https://www.bp.com/en/global/corporate/investors/results-and-reporting/quarterly-results.html;94656ed693e21c0218b177b9b3c36e2bf75aaadc0292b42ebe813e6414c1d595;PROCESSADO;108;1199;2026-10-04 20:54:30;2026-10-06 03:22:41;;C:\Users\diego\Downloads\CASE_DESEMPENHO\03_Conteiner\BP\2026_2T\bp-second-quarter-2026-results-group-databook.xlsx;20
1985;BP;0000313807;PDF;.pdf;bp-first-quarter-2026-results-bpx-energy.pdf;C:\Users\diego\Downloads\CASE_DESEMPENHO\03_Conteiner\BP\2026_1T;MANUAL;https://www.bp.com/en/global/corporate/investors/results-and-reporting/quarterly-results.html;341a127c71bde3db44fe49a80dd9f72c53f6369b4428e219e4cd2b361a68bfc9;SEM_DADOS;0;356;2026-10-04 20:54:29;2026-10-06 03:22:39;parser nao extraiu nenhuma linha numerica deste documento;C:\Users\diego\Downloads\CASE_DESEMPENHO\03_Conteiner\BP\2026_1T\bp-first-quarter-2026-results-bpx-energy.pdf;0
1989;BP;0000313807;PDF;.pdf;bp-first-quarter-2026-results-supplementary-info.pdf;C:\Users\diego\Downloads\CASE_DESEMPENHO\03_Conteiner\BP\2026_1T;MANUAL;https://www.bp.com/en/global/corporate/investors/results-and-reporting/quarterly-results.html;aa13410e01a15a6bb9122983b6008895b34b589731ed665afb113995b85c7e5d;SEM_DADOS;0;1566;2026-10-04 20:54:29;2026-10-06 03:22:40;parser nao extraiu nenhuma linha numerica deste documento;C:\Users\diego\Downloads\CASE_DESEMPENHO\03_Conteiner\BP\2026_1T\bp-first-quarter-2026-results-supplementary-info.pdf;0
1990;BP;0000313807;PDF;.pdf;bp-first-quarter-2026-results.pdf;C:\Users\diego\Downloads\CASE_DESEMPENHO\03_Conteiner\BP\2026_1T;MANUAL;https://www.bp.com/en/global/corporate/investors/results-and-reporting/quarterly-results.html;5387e3b2c280b1d86046d0562b1d7fd548320badf62261e1fa0acdd838df07aa;SEM_DADOS;11;2967;2026-10-04 20:54:29;2026-10-06 03:22:40;extraiu 11, mas nada foi gravado: 11 em revisao (confianca/plausibilidade);C:\Users\diego\Downloads\CASE_DESEMPENHO\03_Conteiner\BP\2026_1T\bp-first-quarter-2026-results.pdf;0
1978;BP;0000313807;PDF;.pdf;bp-fourth-quarter-2025-results-bpx-energy.pdf;C:\Users\diego\Downloads\CASE_DESEMPENHO\03_Conteiner\BP\2025_4T;MANUAL;https://www.bp.com/en/global/corporate/investors/results-and-reporting/quarterly-results.html;1b81b9d545cf1e930526e1ce5b4f962e3a4a81e7ac6931f25b3e73f32b8649ec;SEM_DADOS;0;821;2026-10-04 20:54:28;2026-10-06 03:22:38;parser nao extraiu nenhuma linha numerica deste documento;C:\Users\diego\Downloads\CASE_DESEMPENHO\03_Conteiner\BP\2025_4T\bp-fourth-quarter-2025-results-bpx-energy.pdf;0
1982;BP;0000313807;PDF;.pdf;bp-fourth-quarter-2025-results-supplementary-info.pdf;C:\Users\diego\Downloads\CASE_DESEMPENHO\03_Conteiner\BP\2025_4T;MANUAL;https://www.bp.com/en/global/corporate/investors/results-and-reporting/quarterly-results.html;1fc02777d5484c7361b4b7b7dbc2f33f414d0e4b4314af73cdf4452c20cf2c9f;SEM_DADOS;1;2856;2026-10-04 20:54:29;2026-10-06 03:22:39;extraiu 1, mas nada foi gravado: 1 em revisao (confianca/plausibilidade);C:\Users\diego\Downloads\CASE_DESEMPENHO\03_Conteiner\BP\2025_4T\bp-fourth-quarter-2025-results-supplementary-info.pdf;0
1983;BP;0000313807;PDF;.pdf;bp-fourth-quarter-2025-results.pdf;C:\Users\diego\Downloads\CASE_DESEMPENHO\03_Conteiner\BP\2025_4T;MANUAL;https://www.bp.com/en/global/corporate/investors/results-and-reporting/quarterly-results.html;d3dceb3182f0b8ec0b12f388a52a8e926c6a9a4ff236688a8065b8a6ca93ad63;SEM_DADOS;1;176;2026-10-04 20:54:29;2026-10-06 03:22:39;extraiu 1, mas nada foi gravado: 1 ignoradas: fato existente com confianca maior;C:\Users\diego\Downloads\CASE_DESEMPENHO\03_Conteiner\BP\2025_4T\bp-fourth-quarter-2025-results.pdf;0
1991;BP;0000313807;PDF;.pdf;bp-second-quarter-2026-results-bpx-energy.pdf;C:\Users\diego\Downloads\CASE_DESEMPENHO\03_Conteiner\BP\2026_2T;MANUAL;https://www.bp.com/en/global/corporate/investors/results-and-reporting/quarterly-results.html;8ad19e8665bf313ec2c967ef8a95b9021b705f61fc4c0c8b6e8cd9f2d960d402;SEM_DADOS;0;432;2026-10-04 20:54:29;2026-10-06 03:22:40;parser nao extraiu nenhuma linha numerica deste documento;C:\Users\diego\Downloads\CASE_DESEMPENHO\03_Conteiner\BP\2026_2T\bp-second-quarter-2026-results-bpx-energy.pdf;0
1996;BP;0000313807;PDF;.pdf;bp-second-quarter-2026-results-supplementary-info-rim.pdf;C:\Users\diego\Downloads\CASE_DESEMPENHO\03_Conteiner\BP\2026_2T;MANUAL;https://www.bp.com/en/global/corporate/investors/results-and-reporting/quarterly-results.html;035a56020917c856982da37784b395410e70fe180e1ae4f18d211be9a45e7fe2;SEM_DADOS;0;1081;2026-10-04 20:54:30;2026-10-06 03:22:41;parser nao extraiu nenhuma linha numerica deste documento;C:\Users\diego\Downloads\CASE_DESEMPENHO\03_Conteiner\BP\2026_2T\bp-second-quarter-2026-results-supplementary-info-rim.pdf;0
1997;BP;0000313807;PDF;.pdf;bp-second-quarter-2026-results-supplementary-info.pdf;C:\Users\diego\Downloads\CASE_DESEMPENHO\03_Conteiner\BP\2026_2T;MANUAL;https://www.bp.com/en/global/corporate/investors/results-and-reporting/quarterly-results.html;b48cce5cd573d360a41667cae1a97440b19c6bd3dc50aee83d2cebbd99cf1b14;SEM_DADOS;1;2292;2026-10-04 20:54:30;2026-10-06 03:22:41;extraiu 1, mas nada foi gravado: 1 em revisao (confianca/plausibilidade);C:\Users\diego\Downloads\CASE_DESEMPENHO\03_Conteiner\BP\2026_2T\bp-second-quarter-2026-results-supplementary-info.pdf;0
1998;BP;0000313807;PDF;.pdf;bp-second-quarter-2026-results.pdf;C:\Users\diego\Downloads\CASE_DESEMPENHO\03_Conteiner\BP\2026_2T;MANUAL;https://www.bp.com/en/global/corporate/investors/results-and-reporting/quarterly-results.html;5398813dd2cc9af8edc4e5b65ff2179411ffc638ef0b2bc0244c50d5617488be;SEM_DADOS;1;216;2026-10-04 20:54:30;2026-10-06 03:22:41;extraiu 1, mas nada foi gravado: 1 ignoradas: fato existente com confianca maior;C:\Users\diego\Downloads\CASE_DESEMPENHO\03_Conteiner\BP\2026_2T\bp-second-quarter-2026-results.pdf;0
2837;CHEVRON;0000093410;HTML;.html;10-Q;;SEC:10-Q;https://www.sec.gov/Archives/edgar/data/93410/000009341026000167/cvx-20260630.htm;;NAO_BAIXADO;0;;2026-10-05 21:43:43;2026-10-06 03:20:57;;;0
2111;CHEVRON;0000093410;DOC;.doc;2024-chevron-annual-report-supplement.pdf;;MANUAL;https://www.chevron.com/-/media/shared-media/documents/2024-chevron-annual-report-supplement.pdf;;NAO_BAIXADO;0;;2026-10-04 20:56:48;2026-10-06 03:21:24;;;0
2112;CHEVRON;0000093410;DOC;.doc;2025-chevron-annual-report-supplement.pdf;;MANUAL;https://www.chevron.com/-/media/shared-media/documents/2025-chevron-annual-report-supplement.pdf;;NAO_BAIXADO;0;;2026-10-04 20:56:48;2026-10-06 03:21:24;;;0
2119;CHEVRON;0000093410;JSON;.json;CIK0000093410.json;;MANUAL;https://data.sec.gov/api/xbrl/companyfacts/CIK0000093410.json;;NAO_BAIXADO;0;;2026-10-04 20:56:55;2026-10-06 03:21:23;;;24
2846;CHEVRON;0000093410;HTML;.html;R15.htm;;SEC:10-Q/anexo;https://www.sec.gov/Archives/edgar/data/93410/000009341026000167/R15.htm;;NAO_BAIXADO;0;;2026-10-05 22:49:51;2026-10-06 03:20:56;;;0
2851;CHEVRON;0000093410;HTML;.html;R2.htm;;SEC:10-Q/anexo;https://www.sec.gov/Archives/edgar/data/93410/000009341026000167/R2.htm;;NAO_BAIXADO;0;;2026-10-05 22:49:52;2026-10-06 03:20:56;;;0
2847;CHEVRON;0000093410;HTML;.html;R33.htm;;SEC:10-Q/anexo;https://www.sec.gov/Archives/edgar/data/93410/000009341026000167/R33.htm;;NAO_BAIXADO;0;;2026-10-05 22:49:52;2026-10-06 03:20:56;;;0
2848;CHEVRON;0000093410;HTML;.html;R4.htm;;SEC:10-Q/anexo;https://www.sec.gov/Archives/edgar/data/93410/000009341026000167/R4.htm;;NAO_BAIXADO;0;;2026-10-05 22:49:52;2026-10-06 03:20:56;;;0
2849;CHEVRON;0000093410;HTML;.html;R47.htm;;SEC:10-Q/anexo;https://www.sec.gov/Archives/edgar/data/93410/000009341026000167/R47.htm;;NAO_BAIXADO;0;;2026-10-05 22:49:52;2026-10-06 03:20:56;;;0
2850;CHEVRON;0000093410;HTML;.html;R7.htm;;SEC:10-Q/anexo;https://www.sec.gov/Archives/edgar/data/93410/000009341026000167/R7.htm;;NAO_BAIXADO;0;;2026-10-05 22:49:52;2026-10-06 03:20:56;;;0
2769;CHEVRON;0000093410;HTML;.html;cvx;;MANUAL;https://investidor10.com.br/stocks/cvx;;NAO_BAIXADO;0;;2026-10-04 20:58:10;2026-10-06 03:20:57;;;0
1999;CHEVRON;0000093410;PDF;.pdf;2025 4Q Earnings Conference Call Presentation Only.pdf;C:\Users\diego\Downloads\CASE_DESEMPENHO\03_Conteiner\CHEVRON\2025_4T;MANUAL;https://www.chevron.com/investors/financial-information/quarterly-results;554e6e71ef494e63be4b4f90c4a22e60f8ed741d25ec72e76cd7b09756d6c4cd;NAO_PROCESSADO;0;;2026-10-04 20:54:30;2026-10-06 03:20:55;PDF pulado: narrativo ('conference call');C:\Users\diego\Downloads\CASE_DESEMPENHO\03_Conteiner\CHEVRON\2025_4T\2025 4Q Earnings Conference Call Presentation Only.pdf;0
2000;CHEVRON;0000093410;PDF;.pdf;2025 4Q Earnings Conference Call Presentation with Prepared Remarks.pdf;C:\Users\diego\Downloads\CASE_DESEMPENHO\03_Conteiner\CHEVRON\2025_4T;MANUAL;https://www.chevron.com/investors/financial-information/quarterly-results;72c27b0da795d40fc2d98a7f5efcfb82a1bdaede05bb5406c4c32538fe59c9a2;NAO_PROCESSADO;0;;2026-10-04 20:54:30;2026-10-06 03:20:56;PDF pulado: narrativo ('conference call');C:\Users\diego\Downloads\CASE_DESEMPENHO\03_Conteiner\CHEVRON\2025_4T\2025 4Q Earnings Conference Call Presentation with Prepared Remarks.pdf;0
2001;CHEVRON;0000093410;PDF;.pdf;2025 4Q Earnings Conference Call Transcript.pdf;C:\Users\diego\Downloads\CASE_DESEMPENHO\03_Conteiner\CHEVRON\2025_4T;MANUAL;https://www.chevron.com/investors/financial-information/quarterly-results;3e4150853516192e438a8f6cb7808f3b0d554b1913592407f409a29717e9bb94;NAO_PROCESSADO;0;;2026-10-04 20:54:30;2026-10-06 03:20:56;PDF pulado: narrativo ('conference call');C:\Users\diego\Downloads\CASE_DESEMPENHO\03_Conteiner\CHEVRON\2025_4T\2025 4Q Earnings Conference Call Transcript.pdf;0
2005;CHEVRON;0000093410;PDF;.pdf;2026 1Q Earnings Conference Call Presentation Only.pdf;C:\Users\diego\Downloads\CASE_DESEMPENHO\03_Conteiner\CHEVRON\2026_1T;MANUAL;https://www.chevron.com/investors/financial-information/quarterly-results;01408fd1b46ef15aeaf793d7224cf283ddf9e4c528339b0f5ea16740f5b54bb2;NAO_PROCESSADO;0;;2026-10-04 20:54:31;2026-10-06 03:20:56;PDF pulado: narrativo ('conference call');C:\Users\diego\Downloads\CASE_DESEMPENHO\03_Conteiner\CHEVRON\2026_1T\2026 1Q Earnings Conference Call Presentation Only.pdf;0
2006;CHEVRON;0000093410;PDF;.pdf;2026 1Q Earnings Conference Call Presentation with Prepared Remarks.pdf;C:\Users\diego\Downloads\CASE_DESEMPENHO\03_Conteiner\CHEVRON\2026_1T;MANUAL;https://www.chevron.com/investors/financial-information/quarterly-results;b7a60c1584bdd23415353b9d85cc7f544c5dde0ad6cc805c3e34148c480fba43;NAO_PROCESSADO;0;;2026-10-04 20:54:31;2026-10-06 03:20:56;PDF pulado: narrativo ('conference call');C:\Users\diego\Downloads\CASE_DESEMPENHO\03_Conteiner\CHEVRON\2026_1T\2026 1Q Earnings Conference Call Presentation with Prepared Remarks.pdf;0
2007;CHEVRON;0000093410;PDF;.pdf;2026 1Q Earnings Conference Call Transcript.pdf;C:\Users\diego\Downloads\CASE_DESEMPENHO\03_Conteiner\CHEVRON\2026_1T;MANUAL;https://www.chevron.com/investors/financial-information/quarterly-results;677019c1342a571742709e52a5bb4cb609da5283ea6ae4296a6340f8f4f12f99;NAO_PROCESSADO;0;;2026-10-04 20:54:31;2026-10-06 03:20:56;PDF pulado: narrativo ('conference call');C:\Users\diego\Downloads\CASE_DESEMPENHO\03_Conteiner\CHEVRON\2026_1T\2026 1Q Earnings Conference Call Transcript.pdf;0
2009;CHEVRON;0000093410;PDF;.pdf;2026 2Q Earnings Conference Call Transcript.pdf;C:\Users\diego\Downloads\CASE_DESEMPENHO\03_Conteiner\CHEVRON\2026_2T;MANUAL;https://www.chevron.com/investors/financial-information/quarterly-results;9e29502963da9b39bef89431b5569e9f3fbf05db705d635e5f303b117bf20f44;NAO_PROCESSADO;0;;2026-10-04 20:54:31;2026-10-06 03:20:56;PDF pulado: narrativo ('conference call');C:\Users\diego\Downloads\CASE_DESEMPENHO\03_Conteiner\CHEVRON\2026_2T\2026 2Q Earnings Conference Call Transcript.pdf;0
2011;CHEVRON;0000093410;PDF;.pdf;2026_2q_earnings_call_presentation_only.pdf;C:\Users\diego\Downloads\CASE_DESEMPENHO\03_Conteiner\CHEVRON\2026_2T;MANUAL;https://www.chevron.com/investors/financial-information/quarterly-results;5ff9711120f87bd09d7fd0c9256c1d8f7e459779109e359a842234e9d82f3642;NAO_PROCESSADO;0;;2026-10-04 20:54:31;2026-10-06 03:20:56;PDF pulado: narrativo ('earnings call');C:\Users\diego\Downloads\CASE_DESEMPENHO\03_Conteiner\CHEVRON\2026_2T\2026_2q_earnings_call_presentation_only.pdf;0
2012;CHEVRON;0000093410;PDF;.pdf;2026_2q_earnings_call_presentation_with_prepared_remarks.pdf;C:\Users\diego\Downloads\CASE_DESEMPENHO\03_Conteiner\CHEVRON\2026_2T;MANUAL;https://www.chevron.com/investors/financial-information/quarterly-results;0d4f06686ad31929ecce2c7b9ca6cf12ce6529c0b3ef199bbae41d318f666d2a;NAO_PROCESSADO;0;;2026-10-04 20:54:31;2026-10-06 03:20:56;PDF pulado: narrativo ('earnings call');C:\Users\diego\Downloads\CASE_DESEMPENHO\03_Conteiner\CHEVRON\2026_2T\2026_2q_earnings_call_presentation_with_prepared_remarks.pdf;0
2003;CHEVRON;0000093410;XLSX;.xlsx;2025_4q_data_supplement.xlsx;C:\Users\diego\Downloads\CASE_DESEMPENHO\03_Conteiner\CHEVRON\2025_4T;MANUAL;https://www.chevron.com/investors/financial-information/quarterly-results;3ef342ba9e587aa97b2a630c05d92c8c0207203aa98c976fa844568e32a19830;PROCESSADO;79;852;2026-10-04 20:54:30;2026-10-06 03:22:41;;C:\Users\diego\Downloads\CASE_DESEMPENHO\03_Conteiner\CHEVRON\2025_4T\2025_4q_data_supplement.xlsx;0
2004;CHEVRON;0000093410;XLSX;.xlsx;2026 1Q Data Supplement.xlsx;C:\Users\diego\Downloads\CASE_DESEMPENHO\03_Conteiner\CHEVRON\2026_1T;MANUAL;https://www.chevron.com/investors/financial-information/quarterly-results;76f7896ed48e339ef9974d934ce30f6437fa5cdea15b5ea2a8be25ee5a4bcd64;PROCESSADO;58;142;2026-10-04 20:54:30;2026-10-06 03:22:42;;C:\Users\diego\Downloads\CASE_DESEMPENHO\03_Conteiner\CHEVRON\2026_1T\2026 1Q Data Supplement.xlsx;0
2010;CHEVRON;0000093410;XLSX;.xlsx;2026_2q_data_supplement.xlsx;C:\Users\diego\Downloads\CASE_DESEMPENHO\03_Conteiner\CHEVRON\2026_2T;MANUAL;https://www.chevron.com/investors/financial-information/quarterly-results;76bc4c4495d6334aed0841bc9bef030521469bc8983964adf310e1d845f812c2;PROCESSADO;65;141;2026-10-04 20:54:31;2026-10-06 03:22:43;;C:\Users\diego\Downloads\CASE_DESEMPENHO\03_Conteiner\CHEVRON\2026_2T\2026_2q_data_supplement.xlsx;28
2002;CHEVRON;0000093410;PDF;.pdf;2025 4Q Earnings Release.pdf;C:\Users\diego\Downloads\CASE_DESEMPENHO\03_Conteiner\CHEVRON\2025_4T;MANUAL;https://www.chevron.com/investors/financial-information/quarterly-results;0cc7d57259520c097362df618da6ee84bea881c5e24c091ba61d181e07f16d46;SEM_DADOS;4;2900;2026-10-04 20:54:30;2026-10-06 03:22:41;extraiu 4, mas nada foi gravado: 4 em revisao (confianca/plausibilidade);C:\Users\diego\Downloads\CASE_DESEMPENHO\03_Conteiner\CHEVRON\2025_4T\2025 4Q Earnings Release.pdf;0
2008;CHEVRON;0000093410;PDF;.pdf;2026 1Q Earnings Release.pdf;C:\Users\diego\Downloads\CASE_DESEMPENHO\03_Conteiner\CHEVRON\2026_1T;MANUAL;https://www.chevron.com/investors/financial-information/quarterly-results;a5fbbbdf1bfd0a169814a77b9cc590313c70ca7b4e76056e80cf455c5addbcbf;SEM_DADOS;3;2669;2026-10-04 20:54:31;2026-10-06 03:22:42;extraiu 3, mas nada foi gravado: 3 em revisao (confianca/plausibilidade);C:\Users\diego\Downloads\CASE_DESEMPENHO\03_Conteiner\CHEVRON\2026_1T\2026 1Q Earnings Release.pdf;0
2013;CHEVRON;0000093410;PDF;.pdf;2026_2q_earnings_release.pdf;C:\Users\diego\Downloads\CASE_DESEMPENHO\03_Conteiner\CHEVRON\2026_2T;MANUAL;https://www.chevron.com/investors/financial-information/quarterly-results;dc384aba9614224a02ac19869372ce8b4c5303d93a77c8562811ed8116732fb9;SEM_DADOS;3;3290;2026-10-04 20:54:31;2026-10-06 03:22:43;extraiu 3, mas nada foi gravado: 3 em revisao (confianca/plausibilidade);C:\Users\diego\Downloads\CASE_DESEMPENHO\03_Conteiner\CHEVRON\2026_2T\2026_2q_earnings_release.pdf;0
2820;DESCONHECIDA;;JSON;.json;SEC_0000034088.json;C:\Users\diego\Downloads\CASE_DESEMPENHO\01_app_notellm\data\downloads;CONTAINER;;9b95535419e5662e3deed01de803e83deead477a4c81316e1c45186368fdd8b8;SEM_PARSER;0;;2026-10-05 21:19:09;2026-10-06 03:21:24;;C:\Users\diego\Downloads\CASE_DESEMPENHO\01_app_notellm\data\downloads\SEC_0000034088.json;0
2821;DESCONHECIDA;;JSON;.json;SEC_0000093410.json;C:\Users\diego\Downloads\CASE_DESEMPENHO\01_app_notellm\data\downloads;CONTAINER;;c09b160603412cb45acf1bb9bf3732e531dedfb548afa0e275fd8aefd7ab397e;SEM_PARSER;0;;2026-10-05 21:19:09;2026-10-06 03:21:24;;C:\Users\diego\Downloads\CASE_DESEMPENHO\01_app_notellm\data\downloads\SEC_0000093410.json;0
2822;DESCONHECIDA;;JSON;.json;SEC_0000313807.json;C:\Users\diego\Downloads\CASE_DESEMPENHO\01_app_notellm\data\downloads;CONTAINER;;e1c8c5ef577166a92b10cf9300ffdd428a02bf60e11f1028088235089591ad8e;SEM_PARSER;0;;2026-10-05 21:19:09;2026-10-06 03:21:24;;C:\Users\diego\Downloads\CASE_DESEMPENHO\01_app_notellm\data\downloads\SEC_0000313807.json;0
2823;DESCONHECIDA;;JSON;.json;SEC_0000879764.json;C:\Users\diego\Downloads\CASE_DESEMPENHO\01_app_notellm\data\downloads;CONTAINER;;3ca45e4a26d4b49f0bbcbe7bbfa8927e311b6057eb72e7a16660d309c54c5eed;SEM_PARSER;0;;2026-10-05 21:19:09;2026-10-06 03:21:24;;C:\Users\diego\Downloads\CASE_DESEMPENHO\01_app_notellm\data\downloads\SEC_0000879764.json;0
2824;DESCONHECIDA;;JSON;.json;SEC_0001119639.json;C:\Users\diego\Downloads\CASE_DESEMPENHO\01_app_notellm\data\downloads;CONTAINER;;fe571d85f4c023652492a85ffde1823e73905dd9ee906046652b73e41ce55c3d;SEM_PARSER;0;;2026-10-05 21:19:10;2026-10-06 03:21:24;;C:\Users\diego\Downloads\CASE_DESEMPENHO\01_app_notellm\data\downloads\SEC_0001119639.json;0
2825;DESCONHECIDA;;JSON;.json;SEC_0001140625.json;C:\Users\diego\Downloads\CASE_DESEMPENHO\01_app_notellm\data\downloads;CONTAINER;;9cbd4386f061e369ebbd7d88bb77eb100d4436a242e911262a4be74589569b7c;SEM_PARSER;0;;2026-10-05 21:19:10;2026-10-06 03:21:24;;C:\Users\diego\Downloads\CASE_DESEMPENHO\01_app_notellm\data\downloads\SEC_0001140625.json;0
2826;DESCONHECIDA;;JSON;.json;SEC_0001306965.json;C:\Users\diego\Downloads\CASE_DESEMPENHO\01_app_notellm\data\downloads;CONTAINER;;983ef410d735b30a1887f61084d4e2c5e67dfc1ec6817c824cabb5b40910de60;SEM_PARSER;0;;2026-10-05 21:19:10;2026-10-06 03:21:24;;C:\Users\diego\Downloads\CASE_DESEMPENHO\01_app_notellm\data\downloads\SEC_0001306965.json;0
2122;EQUINOR;0001140625;JSON;.json;CIK0001140625.json;;MANUAL;https://data.sec.gov/api/xbrl/companyfacts/CIK0001140625.json;;NAO_BAIXADO;0;;2026-10-04 20:56:57;2026-10-06 03:21:23;;;16
2839;EQUINOR;0001140625;HTML;.html;EQUINOR SECOND QUARTER 2026 REPORT;;SEC:6-K;https://www.sec.gov/Archives/edgar/data/1140625/000114062526000025/equinorfinancialstatements.htm;;NAO_BAIXADO;0;;2026-10-05 21:43:45;2026-10-06 03:20:56;;;0
2115;EQUINOR;0001140625;DOC;.doc;annual-report-2024;;MANUAL;https://www.equinor.com/investors/annual-report-2024;;NAO_BAIXADO;0;;2026-10-04 20:56:49;2026-10-06 03:21:24;;;0
2770;EQUINOR;0001140625;HTML;.html;eqnr;;MANUAL;https://investidor10.com.br/stocks/eqnr;;NAO_BAIXADO;0;;2026-10-04 20:58:17;2026-10-06 03:20:57;;;0
2020;EQUINOR;0001140625;PDF;.pdf;EQNR-OSL_Transcript_2026-07-22.pdf;C:\Users\diego\Downloads\CASE_DESEMPENHO\03_Conteiner\EQUINOR\2026_2T;MANUAL;https://www.equinor.com/investors/quarterly-results;0841dd649efb1e43f8095fb0827639c7885a38d8b0187237b3dc47ab17ad4821;NAO_PROCESSADO;0;;2026-10-04 20:54:32;2026-10-06 03:21:25;PDF pulado: narrativo ('transcript');C:\Users\diego\Downloads\CASE_DESEMPENHO\03_Conteiner\EQUINOR\2026_2T\EQNR-OSL_Transcript_2026-07-22.pdf;0
2014;EQUINOR;0001140625;PDF;.pdf;eqnr-osl-transcript-2026-02-04.pdf;C:\Users\diego\Downloads\CASE_DESEMPENHO\03_Conteiner\EQUINOR\2025_4T;MANUAL;https://www.equinor.com/investors/quarterly-results;d192602fd2eb4acc229844c847da192fd990faee69b1f6c28bf16e0cfbe788fe;NAO_PROCESSADO;0;;2026-10-04 20:54:31;2026-10-06 03:21:24;PDF pulado: narrativo ('transcript');C:\Users\diego\Downloads\CASE_DESEMPENHO\03_Conteiner\EQUINOR\2025_4T\eqnr-osl-transcript-2026-02-04.pdf;0
2017;EQUINOR;0001140625;PDF;.pdf;eqnr-osl-transcript-2026-05-06.pdf;C:\Users\diego\Downloads\CASE_DESEMPENHO\03_Conteiner\EQUINOR\2026_1T;MANUAL;https://www.equinor.com/investors/quarterly-results;c29d9c73504c96fb14d5c54528686899ebe354ffba651d68fe8881766d2ca214;NAO_PROCESSADO;0;;2026-10-04 20:54:31;2026-10-06 03:21:24;PDF pulado: narrativo ('transcript');C:\Users\diego\Downloads\CASE_DESEMPENHO\03_Conteiner\EQUINOR\2026_1T\eqnr-osl-transcript-2026-05-06.pdf;0
2015;EQUINOR;0001140625;PDF;.pdf;equinor-ceo-and-cfo-q4-and-full-year-2025-presentation.pdf;C:\Users\diego\Downloads\CASE_DESEMPENHO\03_Conteiner\EQUINOR\2025_4T;MANUAL;https://www.equinor.com/investors/quarterly-results;b142c2a0a221dd330fc9f782d338a2b23cfea5fa1305ecae9294a88cfb4a7f9d;NAO_PROCESSADO;0;;2026-10-04 20:54:31;2026-10-06 03:21:24;PDF pulado: narrativo ('presentation');C:\Users\diego\Downloads\CASE_DESEMPENHO\03_Conteiner\EQUINOR\2025_4T\equinor-ceo-and-cfo-q4-and-full-year-2025-presentation.pdf;0
2018;EQUINOR;0001140625;PDF;.pdf;q1-2026-cfo-presentation-equinor.pdf;C:\Users\diego\Downloads\CASE_DESEMPENHO\03_Conteiner\EQUINOR\2026_1T;MANUAL;https://www.equinor.com/investors/quarterly-results;5664fe3a33a0a4b1fbaf232f4fba717efc5b044284d7c328209a9bbe2d20e781;NAO_PROCESSADO;0;;2026-10-04 20:54:31;2026-10-06 03:21:24;PDF pulado: narrativo ('presentation');C:\Users\diego\Downloads\CASE_DESEMPENHO\03_Conteiner\EQUINOR\2026_1T\q1-2026-cfo-presentation-equinor.pdf;0
2021;EQUINOR;0001140625;PDF;.pdf;q2-2026-cfo-presentation-financial results.pdf;C:\Users\diego\Downloads\CASE_DESEMPENHO\03_Conteiner\EQUINOR\2026_2T;MANUAL;https://www.equinor.com/investors/quarterly-results;a2fa6b60a0d9ea8db6c697bb338c2a61315e1ca1fa83a619f719e2761e630159;NAO_PROCESSADO;0;;2026-10-04 20:54:32;2026-10-06 03:20:56;PDF pulado: narrativo ('presentation');C:\Users\diego\Downloads\CASE_DESEMPENHO\03_Conteiner\EQUINOR\2026_2T\q2-2026-cfo-presentation-financial results.pdf;0
2016;EQUINOR;0001140625;PDF;.pdf;financial-statements-and-review-q4-2025-equinor.pdf;C:\Users\diego\Downloads\CASE_DESEMPENHO\03_Conteiner\EQUINOR\2025_4T;MANUAL;https://www.equinor.com/investors/quarterly-results;88856bdc6ee09cac86b341e801985070f6ad47dafb45609bb210064e17dcfa03;PROCESSADO;6;876;2026-10-04 20:54:31;2026-10-06 03:22:53;;C:\Users\diego\Downloads\CASE_DESEMPENHO\03_Conteiner\EQUINOR\2025_4T\financial-statements-and-review-q4-2025-equinor.pdf;0
2019;EQUINOR;0001140625;PDF;.pdf;q1-2026-financial-statements-and-review-equinor.pdf;C:\Users\diego\Downloads\CASE_DESEMPENHO\03_Conteiner\EQUINOR\2026_1T;MANUAL;https://www.equinor.com/investors/quarterly-results;06694e7a21d408a4badab11ac18e9f5277d7f8602edc2b513840b475517cf0de;PROCESSADO;12;775;2026-10-04 20:54:32;2026-10-06 03:22:53;;C:\Users\diego\Downloads\CASE_DESEMPENHO\03_Conteiner\EQUINOR\2026_1T\q1-2026-financial-statements-and-review-equinor.pdf;5
2022;EQUINOR;0001140625;PDF;.pdf;q2-2026-financial-statements-and-review-equinor.pdf;C:\Users\diego\Downloads\CASE_DESEMPENHO\03_Conteiner\EQUINOR\2026_2T;MANUAL;https://www.equinor.com/investors/quarterly-results;0089fd824e5c93a65922ef343ee96a962a7d30c60f79d7d2336e40ea7d0fa293;PROCESSADO;9;719;2026-10-04 20:54:32;2026-10-06 03:22:53;;C:\Users\diego\Downloads\CASE_DESEMPENHO\03_Conteiner\EQUINOR\2026_2T\q2-2026-financial-statements-and-review-equinor.pdf;6
2766;EXXONMOBIL;0000034088;PDF;.pdf;0000034088-14-000019.pdf;;MANUAL;https://investor.exxonmobil.com/sec-filings/all-sec-filings/content/0000034088-14-000019/0000034088-14-000019.pdf;;NAO_BAIXADO;0;;2026-10-04 20:57:55;2026-10-06 03:20:57;;;0
2760;EXXONMOBIL;0000034088;PDF;.pdf;0000034088-14-000036.pdf;;MANUAL;https://investor.exxonmobil.com/sec-filings/all-sec-filings/content/0000034088-14-000036/0000034088-14-000036.pdf;;NAO_BAIXADO;0;;2026-10-04 20:57:55;2026-10-06 03:20:57;;;0
2754;EXXONMOBIL;0000034088;PDF;.pdf;0000034088-14-000044.pdf;;MANUAL;https://investor.exxonmobil.com/sec-filings/all-sec-filings/content/0000034088-14-000044/0000034088-14-000044.pdf;;NAO_BAIXADO;0;;2026-10-04 20:57:54;2026-10-06 03:20:58;;;0
2746;EXXONMOBIL;0000034088;PDF;.pdf;0000034088-15-000013.pdf;;MANUAL;https://investor.exxonmobil.com/sec-filings/all-sec-filings/content/0000034088-15-000013/0000034088-15-000013.pdf;;NAO_BAIXADO;0;;2026-10-04 20:57:54;2026-10-06 03:20:58;;;0
2739;EXXONMOBIL;0000034088;PDF;.pdf;0000034088-15-000021.pdf;;MANUAL;https://investor.exxonmobil.com/sec-filings/all-sec-filings/content/0000034088-15-000021/0000034088-15-000021.pdf;;NAO_BAIXADO;0;;2026-10-04 20:57:53;2026-10-06 03:20:59;;;0
2733;EXXONMOBIL;0000034088;PDF;.pdf;0000034088-15-000035.pdf;;MANUAL;https://investor.exxonmobil.com/sec-filings/all-sec-filings/content/0000034088-15-000035/0000034088-15-000035.pdf;;NAO_BAIXADO;0;;2026-10-04 20:57:53;2026-10-06 03:20:59;;;0
2727;EXXONMOBIL;0000034088;PDF;.pdf;0000034088-15-000044.pdf;;MANUAL;https://investor.exxonmobil.com/sec-filings/all-sec-filings/content/0000034088-15-000044/0000034088-15-000044.pdf;;NAO_BAIXADO;0;;2026-10-04 20:57:52;2026-10-06 03:20:59;;;0
2719;EXXONMOBIL;0000034088;PDF;.pdf;0000034088-16-000065.pdf;;MANUAL;https://investor.exxonmobil.com/sec-filings/all-sec-filings/content/0000034088-16-000065/0000034088-16-000065.pdf;;NAO_BAIXADO;0;;2026-10-04 20:57:52;2026-10-06 03:20:59;;;0
2712;EXXONMOBIL;0000034088;PDF;.pdf;0000034088-16-000071.pdf;;MANUAL;https://investor.exxonmobil.com/sec-filings/all-sec-filings/content/0000034088-16-000071/0000034088-16-000071.pdf;;NAO_BAIXADO;0;;2026-10-04 20:57:51;2026-10-06 03:21:00;;;0
2706;EXXONMOBIL;0000034088;PDF;.pdf;0000034088-16-000082.pdf;;MANUAL;https://investor.exxonmobil.com/sec-filings/all-sec-filings/content/0000034088-16-000082/0000034088-16-000082.pdf;;NAO_BAIXADO;0;;2026-10-04 20:57:51;2026-10-06 03:21:00;;;0
2700;EXXONMOBIL;0000034088;PDF;.pdf;0000034088-16-000097.pdf;;MANUAL;https://investor.exxonmobil.com/sec-filings/all-sec-filings/content/0000034088-16-000097/0000034088-16-000097.pdf;;NAO_BAIXADO;0;;2026-10-04 20:57:51;2026-10-06 03:20:59;;;0
2692;EXXONMOBIL;0000034088;PDF;.pdf;0000034088-17-000017.pdf;;MANUAL;https://investor.exxonmobil.com/sec-filings/all-sec-filings/content/0000034088-17-000017/0000034088-17-000017.pdf;;NAO_BAIXADO;0;;2026-10-04 20:57:50;2026-10-06 03:21:00;;;0
2685;EXXONMOBIL;0000034088;PDF;.pdf;0000034088-17-000027.pdf;;MANUAL;https://investor.exxonmobil.com/sec-filings/all-sec-filings/content/0000034088-17-000027/0000034088-17-000027.pdf;;NAO_BAIXADO;0;;2026-10-04 20:57:50;2026-10-06 03:21:00;;;0
2679;EXXONMOBIL;0000034088;PDF;.pdf;0000034088-17-000041.pdf;;MANUAL;https://investor.exxonmobil.com/sec-filings/all-sec-filings/content/0000034088-17-000041/0000034088-17-000041.pdf;;NAO_BAIXADO;0;;2026-10-04 20:57:49;2026-10-06 03:21:01;;;0
2673;EXXONMOBIL;0000034088;PDF;.pdf;0000034088-17-000052.pdf;;MANUAL;https://investor.exxonmobil.com/sec-filings/all-sec-filings/content/0000034088-17-000052/0000034088-17-000052.pdf;;NAO_BAIXADO;0;;2026-10-04 20:57:49;2026-10-06 03:21:01;;;0
2665;EXXONMOBIL;0000034088;PDF;.pdf;0000034088-18-000015.pdf;;MANUAL;https://investor.exxonmobil.com/sec-filings/all-sec-filings/content/0000034088-18-000015/0000034088-18-000015.pdf;;NAO_BAIXADO;0;;2026-10-04 20:57:48;2026-10-06 03:21:02;;;0
2658;EXXONMOBIL;0000034088;PDF;.pdf;0000034088-18-000024.pdf;;MANUAL;https://investor.exxonmobil.com/sec-filings/all-sec-filings/content/0000034088-18-000024/0000034088-18-000024.pdf;;NAO_BAIXADO;0;;2026-10-04 20:57:48;2026-10-06 03:21:01;;;0
2652;EXXONMOBIL;0000034088;PDF;.pdf;0000034088-18-000039.pdf;;MANUAL;https://investor.exxonmobil.com/sec-filings/all-sec-filings/content/0000034088-18-000039/0000034088-18-000039.pdf;;NAO_BAIXADO;0;;2026-10-04 20:57:47;2026-10-06 03:21:02;;;0
2646;EXXONMOBIL;0000034088;PDF;.pdf;0000034088-18-000048.pdf;;MANUAL;https://investor.exxonmobil.com/sec-filings/all-sec-filings/content/0000034088-18-000048/0000034088-18-000048.pdf;;NAO_BAIXADO;0;;2026-10-04 20:57:47;2026-10-06 03:21:02;;;0
2638;EXXONMOBIL;0000034088;PDF;.pdf;0000034088-19-000010.pdf;;MANUAL;https://investor.exxonmobil.com/sec-filings/all-sec-filings/content/0000034088-19-000010/0000034088-19-000010.pdf;;NAO_BAIXADO;0;;2026-10-04 20:57:46;2026-10-06 03:21:03;;;0
2631;EXXONMOBIL;0000034088;PDF;.pdf;0000034088-19-000017.pdf;;MANUAL;https://investor.exxonmobil.com/sec-filings/all-sec-filings/content/0000034088-19-000017/0000034088-19-000017.pdf;;NAO_BAIXADO;0;;2026-10-04 20:57:46;2026-10-06 03:21:03;;;0
2625;EXXONMOBIL;0000034088;PDF;.pdf;0000034088-19-000042.pdf;;MANUAL;https://investor.exxonmobil.com/sec-filings/all-sec-filings/content/0000034088-19-000042/0000034088-19-000042.pdf;;NAO_BAIXADO;0;;2026-10-04 20:57:45;2026-10-06 03:21:04;;;0
2619;EXXONMOBIL;0000034088;PDF;.pdf;0000034088-19-000062.pdf;;MANUAL;https://investor.exxonmobil.com/sec-filings/all-sec-filings/content/0000034088-19-000062/0000034088-19-000062.pdf;;NAO_BAIXADO;0;;2026-10-04 20:57:45;2026-10-06 03:21:04;;;0
2611;EXXONMOBIL;0000034088;PDF;.pdf;0000034088-20-000016.pdf;;MANUAL;https://investor.exxonmobil.com/sec-filings/all-sec-filings/content/0000034088-20-000016/0000034088-20-000016.pdf;;NAO_BAIXADO;0;;2026-10-04 20:57:45;2026-10-06 03:21:03;;;0
2604;EXXONMOBIL;0000034088;PDF;.pdf;0000034088-20-000037.pdf;;MANUAL;https://investor.exxonmobil.com/sec-filings/all-sec-filings/content/0000034088-20-000037/0000034088-20-000037.pdf;;NAO_BAIXADO;0;;2026-10-04 20:57:44;2026-10-06 03:21:04;;;0
2598;EXXONMOBIL;0000034088;PDF;.pdf;0000034088-20-000073.pdf;;MANUAL;https://investor.exxonmobil.com/sec-filings/all-sec-filings/content/0000034088-20-000073/0000034088-20-000073.pdf;;NAO_BAIXADO;0;;2026-10-04 20:57:44;2026-10-06 03:21:04;;;0
2592;EXXONMOBIL;0000034088;PDF;.pdf;0000034088-20-000090.pdf;;MANUAL;https://investor.exxonmobil.com/sec-filings/all-sec-filings/content/0000034088-20-000090/0000034088-20-000090.pdf;;NAO_BAIXADO;0;;2026-10-04 20:57:43;2026-10-06 03:21:05;;;0
2585;EXXONMOBIL;0000034088;PDF;.pdf;0000034088-21-000012.pdf;;MANUAL;https://investor.exxonmobil.com/sec-filings/all-sec-filings/content/0000034088-21-000012/0000034088-21-000012.pdf;;NAO_BAIXADO;0;;2026-10-04 20:57:43;2026-10-06 03:21:05;;;0
2577;EXXONMOBIL;0000034088;PDF;.pdf;0000034088-21-000024.pdf;;MANUAL;https://investor.exxonmobil.com/sec-filings/all-sec-filings/content/0000034088-21-000024/0000034088-21-000024.pdf;;NAO_BAIXADO;0;;2026-10-04 20:57:42;2026-10-06 03:21:06;;;0
2570;EXXONMOBIL;0000034088;PDF;.pdf;0000034088-21-000051.pdf;;MANUAL;https://investor.exxonmobil.com/sec-filings/all-sec-filings/content/0000034088-21-000051/0000034088-21-000051.pdf;;NAO_BAIXADO;0;;2026-10-04 20:57:42;2026-10-06 03:21:05;;;0
2563;EXXONMOBIL;0000034088;PDF;.pdf;0000034088-21-000064.pdf;;MANUAL;https://investor.exxonmobil.com/sec-filings/all-sec-filings/content/0000034088-21-000064/0000034088-21-000064.pdf;;NAO_BAIXADO;0;;2026-10-04 20:57:42;2026-10-06 03:21:05;;;0
2555;EXXONMOBIL;0000034088;PDF;.pdf;0000034088-22-000011.pdf;;MANUAL;https://investor.exxonmobil.com/sec-filings/all-sec-filings/content/0000034088-22-000011/0000034088-22-000011.pdf;;NAO_BAIXADO;0;;2026-10-04 20:57:41;2026-10-06 03:21:06;;;0
2547;EXXONMOBIL;0000034088;PDF;.pdf;0000034088-22-000026.pdf;;MANUAL;https://investor.exxonmobil.com/sec-filings/all-sec-filings/content/0000034088-22-000026/0000034088-22-000026.pdf;;NAO_BAIXADO;0;;2026-10-04 20:57:41;2026-10-06 03:21:06;;;0
2539;EXXONMOBIL;0000034088;PDF;.pdf;0000034088-22-000051.pdf;;MANUAL;https://investor.exxonmobil.com/sec-filings/all-sec-filings/content/0000034088-22-000051/0000034088-22-000051.pdf;;NAO_BAIXADO;0;;2026-10-04 20:57:40;2026-10-06 03:21:07;;;0
2531;EXXONMOBIL;0000034088;PDF;.pdf;0000034088-22-000064.pdf;;MANUAL;https://investor.exxonmobil.com/sec-filings/all-sec-filings/content/0000034088-22-000064/0000034088-22-000064.pdf;;NAO_BAIXADO;0;;2026-10-04 20:57:40;2026-10-06 03:21:06;;;0
2521;EXXONMOBIL;0000034088;PDF;.pdf;0000034088-23-000020.pdf;;MANUAL;https://investor.exxonmobil.com/sec-filings/all-sec-filings/content/0000034088-23-000020/0000034088-23-000020.pdf;;NAO_BAIXADO;0;;2026-10-04 20:57:39;2026-10-06 03:21:07;;;0
2512;EXXONMOBIL;0000034088;PDF;.pdf;0000034088-23-000030.pdf;;MANUAL;https://investor.exxonmobil.com/sec-filings/all-sec-filings/content/0000034088-23-000030/0000034088-23-000030.pdf;;NAO_BAIXADO;0;;2026-10-04 20:57:39;2026-10-06 03:21:07;;;0
2504;EXXONMOBIL;0000034088;PDF;.pdf;0000034088-23-000048.pdf;;MANUAL;https://investor.exxonmobil.com/sec-filings/all-sec-filings/content/0000034088-23-000048/0000034088-23-000048.pdf;;NAO_BAIXADO;0;;2026-10-04 20:57:38;2026-10-06 03:21:08;;;0
2496;EXXONMOBIL;0000034088;PDF;.pdf;0000034088-23-000056.pdf;;MANUAL;https://investor.exxonmobil.com/sec-filings/all-sec-filings/content/0000034088-23-000056/0000034088-23-000056.pdf;;NAO_BAIXADO;0;;2026-10-04 20:57:38;2026-10-06 03:21:08;;;0
2487;EXXONMOBIL;0000034088;PDF;.pdf;0000034088-24-000018.pdf;;MANUAL;https://investor.exxonmobil.com/sec-filings/all-sec-filings/content/0000034088-24-000018/0000034088-24-000018.pdf;;NAO_BAIXADO;0;;2026-10-04 20:57:37;2026-10-06 03:21:09;;;0
2479;EXXONMOBIL;0000034088;PDF;.pdf;0000034088-24-000029.pdf;;MANUAL;https://investor.exxonmobil.com/sec-filings/all-sec-filings/content/0000034088-24-000029/0000034088-24-000029.pdf;;NAO_BAIXADO;0;;2026-10-04 20:57:37;2026-10-06 03:21:09;;;0
2471;EXXONMOBIL;0000034088;PDF;.pdf;0000034088-24-000050.pdf;;MANUAL;https://investor.exxonmobil.com/sec-filings/all-sec-filings/content/0000034088-24-000050/0000034088-24-000050.pdf;;NAO_BAIXADO;0;;2026-10-04 20:57:36;2026-10-06 03:21:10;;;0
2463;EXXONMOBIL;0000034088;PDF;.pdf;0000034088-24-000068.pdf;;MANUAL;https://investor.exxonmobil.com/sec-filings/all-sec-filings/content/0000034088-24-000068/0000034088-24-000068.pdf;;NAO_BAIXADO;0;;2026-10-04 20:57:36;2026-10-06 03:21:10;;;0
2455;EXXONMOBIL;0000034088;PDF;.pdf;0000034088-25-000010.pdf;;MANUAL;https://investor.exxonmobil.com/sec-filings/all-sec-filings/content/0000034088-25-000010/0000034088-25-000010.pdf;;NAO_BAIXADO;0;;2026-10-04 20:57:36;2026-10-06 03:21:09;;;0
2447;EXXONMOBIL;0000034088;PDF;.pdf;0000034088-25-000024.pdf;;MANUAL;https://investor.exxonmobil.com/sec-filings/all-sec-filings/content/0000034088-25-000024/0000034088-25-000024.pdf;;NAO_BAIXADO;0;;2026-10-04 20:57:35;2026-10-06 03:21:10;;;0
2439;EXXONMOBIL;0000034088;PDF;.pdf;0000034088-25-000042.pdf;;MANUAL;https://investor.exxonmobil.com/sec-filings/all-sec-filings/content/0000034088-25-000042/0000034088-25-000042.pdf;;NAO_BAIXADO;0;;2026-10-04 20:57:35;2026-10-06 03:21:10;;;0
2431;EXXONMOBIL;0000034088;PDF;.pdf;0000034088-25-000061.pdf;;MANUAL;https://investor.exxonmobil.com/sec-filings/all-sec-filings/content/0000034088-25-000061/0000034088-25-000061.pdf;;NAO_BAIXADO;0;;2026-10-04 20:57:34;2026-10-06 03:21:11;;;0
2423;EXXONMOBIL;0000034088;PDF;.pdf;0000034088-26-000045.pdf;;MANUAL;https://investor.exxonmobil.com/sec-filings/all-sec-filings/content/0000034088-26-000045/0000034088-26-000045.pdf;;NAO_BAIXADO;0;;2026-10-04 20:57:34;2026-10-06 03:21:11;;;0
2415;EXXONMOBIL;0000034088;PDF;.pdf;0000034088-26-000067.pdf;;MANUAL;https://investor.exxonmobil.com/sec-filings/all-sec-filings/content/0000034088-26-000067/0000034088-26-000067.pdf;;NAO_BAIXADO;0;;2026-10-04 20:57:33;2026-10-06 03:21:12;;;0
2407;EXXONMOBIL;0000034088;PDF;.pdf;0000034088-26-000093.pdf;;MANUAL;https://investor.exxonmobil.com/sec-filings/all-sec-filings/content/0000034088-26-000093/0000034088-26-000093.pdf;;NAO_BAIXADO;0;;2026-10-04 20:57:33;2026-10-06 03:21:12;;;0
2113;EXXONMOBIL;0000034088;DOC;.doc;0001193125-25-073990.pdf;;MANUAL;https://investor.exxonmobil.com/sec-filings/annual-reports/content/0001193125-25-073990/0001193125-25-073990.pdf;;NAO_BAIXADO;0;;2026-10-04 20:56:48;2026-10-06 03:21:24;;;0
2765;EXXONMOBIL;0000034088;PDF;.pdf;1Q14%2520Cautionary%2520Statement.pdf;;MANUAL;https://d1io3yog0oux5.cloudfront.net/_a430827547f64a498d7fc8f80494f171/exxonmobil/db/2288/21342/cautionary_statement/1Q14%2520Cautionary%2520Statement.pdf;;NAO_BAIXADO;0;;2026-10-04 20:57:55;2026-10-06 03:20:57;;;0
2738;EXXONMOBIL;0000034088;PDF;.pdf;1Q15%2520Cautionary%2520Statement.pdf;;MANUAL;https://d1io3yog0oux5.cloudfront.net/_a430827547f64a498d7fc8f80494f171/exxonmobil/db/2288/21346/cautionary_statement/1Q15%2520Cautionary%2520Statement.pdf;;NAO_BAIXADO;0;;2026-10-04 20:57:53;2026-10-06 03:20:59;;;0
2711;EXXONMOBIL;0000034088;PDF;.pdf;1Q16%2520Cautionary%2520Statement.pdf;;MANUAL;https://d1io3yog0oux5.cloudfront.net/_a430827547f64a498d7fc8f80494f171/exxonmobil/db/2288/21350/cautionary_statement/1Q16%2520Cautionary%2520Statement.pdf;;NAO_BAIXADO;0;;2026-10-04 20:57:51;2026-10-06 03:21:00;;;0
2684;EXXONMOBIL;0000034088;PDF;.pdf;1Q17%2520Cautionary%2520Statement.pdf;;MANUAL;https://d1io3yog0oux5.cloudfront.net/_a430827547f64a498d7fc8f80494f171/exxonmobil/db/2288/21354/cautionary_statement/1Q17%2520Cautionary%2520Statement.pdf;;NAO_BAIXADO;0;;2026-10-04 20:57:50;2026-10-06 03:21:00;;;0
2657;EXXONMOBIL;0000034088;PDF;.pdf;1Q18-Cautionary-Statement.pdf;;MANUAL;https://d1io3yog0oux5.cloudfront.net/_a430827547f64a498d7fc8f80494f171/exxonmobil/db/2288/21358/cautionary_statement/1Q18-Cautionary-Statement.pdf;;NAO_BAIXADO;0;;2026-10-04 20:57:48;2026-10-06 03:21:01;;;0
2543;EXXONMOBIL;0000034088;PDF;.pdf;1Q22-XOM-Earnings-Call-Transcript-4-29-22.pdf;;MANUAL;https://d1io3yog0oux5.cloudfront.net/_a430827547f64a498d7fc8f80494f171/exxonmobil/db/2288/21374/webcast_transcript/1Q22-XOM-Earnings-Call-Transcript-4-29-22.pdf;;NAO_BAIXADO;0;;2026-10-04 20:57:40;2026-10-06 03:21:07;;;0
2510;EXXONMOBIL;0000034088;PDF;.pdf;1Q23+Cautionary+Statement.pdf;;MANUAL;https://d1io3yog0oux5.cloudfront.net/_a430827547f64a498d7fc8f80494f171/exxonmobil/db/2288/22047/cautionary_statement/1Q23+Cautionary+Statement.pdf;;NAO_BAIXADO;0;;2026-10-04 20:57:38;2026-10-06 03:21:08;;;0
2508;EXXONMOBIL;0000034088;PDF;.pdf;1Q23+Earnings+Call+Transcript+4-28-23_formatted_FINAL.pdf;;MANUAL;https://d1io3yog0oux5.cloudfront.net/_a430827547f64a498d7fc8f80494f171/exxonmobil/db/2288/22047/webcast_transcript/1Q23+Earnings+Call+Transcript+4-28-23_formatted_FINAL.pdf;;NAO_BAIXADO;0;;2026-10-04 20:57:38;2026-10-06 03:21:08;;;0
2509;EXXONMOBIL;0000034088;PDF;.pdf;1Q23+Earnings+Deck_Final+Version.pdf;;MANUAL;https://d1io3yog0oux5.cloudfront.net/_a430827547f64a498d7fc8f80494f171/exxonmobil/db/2288/22047/presentation/1Q23+Earnings+Deck_Final+Version.pdf;;NAO_BAIXADO;0;;2026-10-04 20:57:38;2026-10-06 03:21:08;;;0
2511;EXXONMOBIL;0000034088;PDF;.pdf;1Q23+Earnings+Script_Preliminary+Prepared+Remarks_4-27-23_FINAL.pdf;;MANUAL;https://d1io3yog0oux5.cloudfront.net/_a430827547f64a498d7fc8f80494f171/exxonmobil/db/2404/22091/pdf/1Q23+Earnings+Script_Preliminary+Prepared+Remarks_4-27-23_FINAL.pdf;;NAO_BAIXADO;0;;2026-10-04 20:57:39;2026-10-06 03:21:07;;;0
2513;EXXONMOBIL;0000034088;PDF;.pdf;1Q23+Supplement+Website.pdf;;MANUAL;https://d1io3yog0oux5.cloudfront.net/_a430827547f64a498d7fc8f80494f171/exxonmobil/db/2288/22047/supplement/1Q23+Supplement+Website.pdf;;NAO_BAIXADO;0;;2026-10-04 20:57:39;2026-10-06 03:21:07;;;0
2514;EXXONMOBIL;0000034088;XLSX;.xlsx;1Q23+Supplement+Website.xlsx;;MANUAL;https://d1io3yog0oux5.cloudfront.net/_a430827547f64a498d7fc8f80494f171/exxonmobil/db/2288/22047/supplement_xlsx_/1Q23+Supplement+Website.xlsx;;NAO_BAIXADO;0;;2026-10-04 20:57:39;2026-10-06 03:21:07;;;0
2475;EXXONMOBIL;0000034088;PDF;.pdf;1Q24+Earnings+Call+Transcript_Final.pdf;;MANUAL;https://d1io3yog0oux5.cloudfront.net/_a430827547f64a498d7fc8f80494f171/exxonmobil/db/2288/22249/webcast_transcript/1Q24+Earnings+Call+Transcript_Final.pdf;;NAO_BAIXADO;0;;2026-10-04 20:57:37;2026-10-06 03:21:09;;;0
2478;EXXONMOBIL;0000034088;PDF;.pdf;1Q24+Earnings+Preliminary+Prepared+Remarks.pdf;;MANUAL;https://d1io3yog0oux5.cloudfront.net/_a430827547f64a498d7fc8f80494f171/exxonmobil/db/2404/22267/pdf/1Q24+Earnings+Preliminary+Prepared+Remarks.pdf;;NAO_BAIXADO;0;;2026-10-04 20:57:37;2026-10-06 03:21:09;;;0
2474;EXXONMOBIL;0000034088;PDF;.pdf;1Q24+Earnings+Press+Release+Website.pdf;;MANUAL;https://d1io3yog0oux5.cloudfront.net/_a430827547f64a498d7fc8f80494f171/exxonmobil/db/2288/22249/earnings_release/1Q24+Earnings+Press+Release+Website.pdf;;NAO_BAIXADO;0;;2026-10-04 20:57:37;2026-10-06 03:21:08;;;0
2476;EXXONMOBIL;0000034088;PDF;.pdf;1Q24+Earnings+Slides_FINAL.pdf;;MANUAL;https://d1io3yog0oux5.cloudfront.net/_a430827547f64a498d7fc8f80494f171/exxonmobil/db/2288/22249/presentation/1Q24+Earnings+Slides_FINAL.pdf;;NAO_BAIXADO;0;;2026-10-04 20:57:37;2026-10-06 03:21:09;;;0
2480;EXXONMOBIL;0000034088;PDF;.pdf;1Q24+Supplement+Website.pdf;;MANUAL;https://d1io3yog0oux5.cloudfront.net/_a430827547f64a498d7fc8f80494f171/exxonmobil/db/2288/22249/supplement/1Q24+Supplement+Website.pdf;;NAO_BAIXADO;0;;2026-10-04 20:57:37;2026-10-06 03:21:09;;;0
2481;EXXONMOBIL;0000034088;XLSX;.xlsx;1Q24+Supplement+Website.xlsx;;MANUAL;https://d1io3yog0oux5.cloudfront.net/_a430827547f64a498d7fc8f80494f171/exxonmobil/db/2288/22249/supplement_xlsx_/1Q24+Supplement+Website.xlsx;;NAO_BAIXADO;0;;2026-10-04 20:57:37;2026-10-06 03:21:09;;;0
2477;EXXONMOBIL;0000034088;PDF;.pdf;1Q24+cautionary+statement.pdf;;MANUAL;https://d1io3yog0oux5.cloudfront.net/_a430827547f64a498d7fc8f80494f171/exxonmobil/db/2288/22249/cautionary_statement/1Q24+cautionary+statement.pdf;;NAO_BAIXADO;0;;2026-10-04 20:57:37;2026-10-06 03:21:09;;;0
2443;EXXONMOBIL;0000034088;PDF;.pdf;1Q25+Earnings+Call+Transcript.pdf;;MANUAL;https://d1io3yog0oux5.cloudfront.net/_a430827547f64a498d7fc8f80494f171/exxonmobil/db/2288/22414/webcast_transcript/1Q25+Earnings+Call+Transcript.pdf;;NAO_BAIXADO;0;;2026-10-04 20:57:35;2026-10-06 03:21:10;;;0
2446;EXXONMOBIL;0000034088;PDF;.pdf;1Q25+Earnings+Prepared+Remarks+-+Final.pdf;;MANUAL;https://d1io3yog0oux5.cloudfront.net/_a430827547f64a498d7fc8f80494f171/exxonmobil/db/2404/22441/pdf/1Q25+Earnings+Prepared+Remarks+-+Final.pdf;;NAO_BAIXADO;0;;2026-10-04 20:57:35;2026-10-06 03:21:10;;;0
2442;EXXONMOBIL;0000034088;PDF;.pdf;1Q25+Earnings+Press+Release+Website.pdf;;MANUAL;https://d1io3yog0oux5.cloudfront.net/_a430827547f64a498d7fc8f80494f171/exxonmobil/db/2288/22414/earnings_release/1Q25+Earnings+Press+Release+Website.pdf;;NAO_BAIXADO;0;;2026-10-04 20:57:35;2026-10-06 03:21:10;;;0
2444;EXXONMOBIL;0000034088;PDF;.pdf;1Q25+Earnings+Slides.pdf;;MANUAL;https://d1io3yog0oux5.cloudfront.net/_a430827547f64a498d7fc8f80494f171/exxonmobil/db/2288/22414/presentation/1Q25+Earnings+Slides.pdf;;NAO_BAIXADO;0;;2026-10-04 20:57:35;2026-10-06 03:21:10;;;0
2448;EXXONMOBIL;0000034088;PDF;.pdf;1Q25+Supplement+Website.pdf;;MANUAL;https://d1io3yog0oux5.cloudfront.net/_a430827547f64a498d7fc8f80494f171/exxonmobil/db/2288/22414/supplement/1Q25+Supplement+Website.pdf;;NAO_BAIXADO;0;;2026-10-04 20:57:35;2026-10-06 03:21:10;;;0
2449;EXXONMOBIL;0000034088;XLSX;.xlsx;1Q25+Supplement+Website.xlsx;;MANUAL;https://d1io3yog0oux5.cloudfront.net/_a430827547f64a498d7fc8f80494f171/exxonmobil/db/2288/22414/supplement_xlsx_/1Q25+Supplement+Website.xlsx;;NAO_BAIXADO;0;;2026-10-04 20:57:35;2026-10-06 03:21:10;;;0
2414;EXXONMOBIL;0000034088;PDF;.pdf;1Q26+Earnings+Prepared+Remarks.pdf;;MANUAL;https://d1io3yog0oux5.cloudfront.net/_a430827547f64a498d7fc8f80494f171/exxonmobil/db/2404/22642/pdf/1Q26+Earnings+Prepared+Remarks.pdf;;NAO_BAIXADO;0;;2026-10-04 20:57:33;2026-10-06 03:21:12;;;0
2410;EXXONMOBIL;0000034088;PDF;.pdf;1Q26+Earnings+Press+Release+Website.pdf;;MANUAL;https://d1io3yog0oux5.cloudfront.net/_a430827547f64a498d7fc8f80494f171/exxonmobil/db/2288/22639/earnings_release/1Q26+Earnings+Press+Release+Website.pdf;;NAO_BAIXADO;0;;2026-10-04 20:57:33;2026-10-06 03:21:12;;;0
2412;EXXONMOBIL;0000034088;PDF;.pdf;1Q26+Earnings+presentation.pdf;;MANUAL;https://d1io3yog0oux5.cloudfront.net/_a430827547f64a498d7fc8f80494f171/exxonmobil/db/2288/22639/presentation/1Q26+Earnings+presentation.pdf;;NAO_BAIXADO;0;;2026-10-04 20:57:33;2026-10-06 03:21:12;;;0
2416;EXXONMOBIL;0000034088;PDF;.pdf;1Q26+Supplement+Website.pdf;;MANUAL;https://d1io3yog0oux5.cloudfront.net/_a430827547f64a498d7fc8f80494f171/exxonmobil/db/2288/22639/supplement/1Q26+Supplement+Website.pdf;;NAO_BAIXADO;0;;2026-10-04 20:57:33;2026-10-06 03:21:12;;;0
2417;EXXONMOBIL;0000034088;XLSX;.xlsx;1Q26+Supplement+Website.xlsx;;MANUAL;https://d1io3yog0oux5.cloudfront.net/_a430827547f64a498d7fc8f80494f171/exxonmobil/db/2288/22639/supplement_xlsx_/1Q26+Supplement+Website.xlsx;;NAO_BAIXADO;0;;2026-10-04 20:57:33;2026-10-06 03:21:12;;;0
2630;EXXONMOBIL;0000034088;PDF;.pdf;1q-2019-cautionary-statement.pdf;;MANUAL;https://d1io3yog0oux5.cloudfront.net/_a430827547f64a498d7fc8f80494f171/exxonmobil/db/2288/21362/cautionary_statement/1q-2019-cautionary-statement.pdf;;NAO_BAIXADO;0;;2026-10-04 20:57:46;2026-10-06 03:21:02;;;0
2603;EXXONMOBIL;0000034088;PDF;.pdf;1q-2020-cautionary-statement.pdf;;MANUAL;https://d1io3yog0oux5.cloudfront.net/_a430827547f64a498d7fc8f80494f171/exxonmobil/db/2288/21366/cautionary_statement/1q-2020-cautionary-statement.pdf;;NAO_BAIXADO;0;;2026-10-04 20:57:44;2026-10-06 03:21:04;;;0
2576;EXXONMOBIL;0000034088;PDF;.pdf;1q-2021-cautionary-statement.pdf;;MANUAL;https://d1io3yog0oux5.cloudfront.net/_a430827547f64a498d7fc8f80494f171/exxonmobil/db/2288/21370/cautionary_statement/1q-2021-cautionary-statement.pdf;;NAO_BAIXADO;0;;2026-10-04 20:57:42;2026-10-06 03:21:06;;;0
2545;EXXONMOBIL;0000034088;PDF;.pdf;1q-2022-cautionary-statement.pdf;;MANUAL;https://d1io3yog0oux5.cloudfront.net/_a430827547f64a498d7fc8f80494f171/exxonmobil/db/2288/21374/cautionary_statement/1q-2022-cautionary-statement.pdf;;NAO_BAIXADO;0;;2026-10-04 20:57:40;2026-10-06 03:21:07;;;0
2763;EXXONMOBIL;0000034088;PDF;.pdf;2014-05-01_Exxon_Mobil_Corporation_Announces_Estimated_First__562.pdf;;MANUAL;https://d1io3yog0oux5.cloudfront.net/_a430827547f64a498d7fc8f80494f171/exxonmobil/news/2014-05-01_Exxon_Mobil_Corporation_Announces_Estimated_First__562.pdf;;NAO_BAIXADO;0;;2026-10-04 20:57:55;2026-10-06 03:20:57;;;0
2757;EXXONMOBIL;0000034088;PDF;.pdf;2014-07-31_Exxon_Mobil_Corporation_Announces_Estimated_549.pdf;;MANUAL;https://d1io3yog0oux5.cloudfront.net/_a430827547f64a498d7fc8f80494f171/exxonmobil/news/2014-07-31_Exxon_Mobil_Corporation_Announces_Estimated_549.pdf;;NAO_BAIXADO;0;;2026-10-04 20:57:55;2026-10-06 03:20:57;;;0
2751;EXXONMOBIL;0000034088;PDF;.pdf;2014-10-31_Exxon_Mobil_Corporation_Announces_Estimated_Third__536.pdf;;MANUAL;https://d1io3yog0oux5.cloudfront.net/_a430827547f64a498d7fc8f80494f171/exxonmobil/news/2014-10-31_Exxon_Mobil_Corporation_Announces_Estimated_Third__536.pdf;;NAO_BAIXADO;0;;2026-10-04 20:57:54;2026-10-06 03:20:58;;;0
2742;EXXONMOBIL;0000034088;PDF;.pdf;2014-Summary-Annual-Report.pdf;;MANUAL;https://d1io3yog0oux5.cloudfront.net/_a430827547f64a498d7fc8f80494f171/exxonmobil/db/2288/21345/annual_report/2014-Summary-Annual-Report.pdf;;NAO_BAIXADO;0;;2026-10-04 20:57:54;2026-10-06 03:20:58;;;0
2748;EXXONMOBIL;0000034088;PDF;.pdf;2014-financial-statements.pdf;;MANUAL;https://d1io3yog0oux5.cloudfront.net/_a430827547f64a498d7fc8f80494f171/exxonmobil/db/2289/21977/file/2014-financial-statements.pdf;;NAO_BAIXADO;0;;2026-10-04 20:57:54;2026-10-06 03:20:58;;;0
2747;EXXONMOBIL;0000034088;PDF;.pdf;2014_ExxonMobil_Financial_and_Operating_Review+%281%29.pdf;;MANUAL;https://d1io3yog0oux5.cloudfront.net/_a430827547f64a498d7fc8f80494f171/exxonmobil/db/2289/21971/file/2014_ExxonMobil_Financial_and_Operating_Review+%281%29.pdf;;NAO_BAIXADO;0;;2026-10-04 20:57:54;2026-10-06 03:20:58;;;0
2743;EXXONMOBIL;0000034088;PDF;.pdf;2015-02-02_ExxonMobil_Earns_32_5_Billion_in_2014_6_6_Billion__524.pdf;;MANUAL;https://d1io3yog0oux5.cloudfront.net/_a430827547f64a498d7fc8f80494f171/exxonmobil/news/2015-02-02_ExxonMobil_Earns_32_5_Billion_in_2014_6_6_Billion__524.pdf;;NAO_BAIXADO;0;;2026-10-04 20:57:54;2026-10-06 03:20:58;;;0
2730;EXXONMOBIL;0000034088;PDF;.pdf;2015-07-31_ExxonMobil_Earns_4_2_Billion_in_Second_Quarter_of__484.pdf;;MANUAL;https://d1io3yog0oux5.cloudfront.net/_a430827547f64a498d7fc8f80494f171/exxonmobil/news/2015-07-31_ExxonMobil_Earns_4_2_Billion_in_Second_Quarter_of__484.pdf;;NAO_BAIXADO;0;;2026-10-04 20:57:53;2026-10-06 03:20:58;;;0
2724;EXXONMOBIL;0000034088;PDF;.pdf;2015-10-30_ExxonMobil_Earns_4_2_Billion_in_Third_Quarter_of_474.pdf;;MANUAL;https://d1io3yog0oux5.cloudfront.net/_a430827547f64a498d7fc8f80494f171/exxonmobil/news/2015-10-30_ExxonMobil_Earns_4_2_Billion_in_Third_Quarter_of_474.pdf;;NAO_BAIXADO;0;;2026-10-04 20:57:52;2026-10-06 03:20:59;;;0
2721;EXXONMOBIL;0000034088;PDF;.pdf;2015-FNO-new.pdf;;MANUAL;https://d1io3yog0oux5.cloudfront.net/_a430827547f64a498d7fc8f80494f171/exxonmobil/db/2289/21970/file/2015-FNO-new.pdf;;NAO_BAIXADO;0;;2026-10-04 20:57:52;2026-10-06 03:20:59;;;0
2715;EXXONMOBIL;0000034088;PDF;.pdf;2015-Summary-Annual-Report.pdf;;MANUAL;https://d1io3yog0oux5.cloudfront.net/_a430827547f64a498d7fc8f80494f171/exxonmobil/db/2288/21349/annual_report/2015-Summary-Annual-Report.pdf;;NAO_BAIXADO;0;;2026-10-04 20:57:52;2026-10-06 03:20:59;;;0
2720;EXXONMOBIL;0000034088;PDF;.pdf;2015-financial-statements.pdf;;MANUAL;https://d1io3yog0oux5.cloudfront.net/_a430827547f64a498d7fc8f80494f171/exxonmobil/db/2289/21976/file/2015-financial-statements.pdf;;NAO_BAIXADO;0;;2026-10-04 20:57:52;2026-10-06 03:20:59;;;0
2716;EXXONMOBIL;0000034088;PDF;.pdf;2016-02-02_ExxonMobil_Earns_16_2_Billion_in_2015_2_8_Billion__464.pdf;;MANUAL;https://d1io3yog0oux5.cloudfront.net/_a430827547f64a498d7fc8f80494f171/exxonmobil/news/2016-02-02_ExxonMobil_Earns_16_2_Billion_in_2015_2_8_Billion__464.pdf;;NAO_BAIXADO;0;;2026-10-04 20:57:52;2026-10-06 03:20:59;;;0
2709;EXXONMOBIL;0000034088;PDF;.pdf;2016-04-29_ExxonMobil_Earns_1_8_Billion_in_First_Quarter_of_437.pdf;;MANUAL;https://d1io3yog0oux5.cloudfront.net/_a430827547f64a498d7fc8f80494f171/exxonmobil/news/2016-04-29_ExxonMobil_Earns_1_8_Billion_in_First_Quarter_of_437.pdf;;NAO_BAIXADO;0;;2026-10-04 20:57:51;2026-10-06 03:21:00;;;0
2703;EXXONMOBIL;0000034088;PDF;.pdf;2016-07-29_ExxonMobil_Earns_1_7_Billion_in_Second_Quarter_of__425.pdf;;MANUAL;https://d1io3yog0oux5.cloudfront.net/_a430827547f64a498d7fc8f80494f171/exxonmobil/news/2016-07-29_ExxonMobil_Earns_1_7_Billion_in_Second_Quarter_of__425.pdf;;NAO_BAIXADO;0;;2026-10-04 20:57:51;2026-10-06 03:21:00;;;0
2697;EXXONMOBIL;0000034088;PDF;.pdf;2016-10-28_ExxonMobil_Earns_2_7_Billion_in_Third_Quarter_of_413.pdf;;MANUAL;https://d1io3yog0oux5.cloudfront.net/_a430827547f64a498d7fc8f80494f171/exxonmobil/news/2016-10-28_ExxonMobil_Earns_2_7_Billion_in_Third_Quarter_of_413.pdf;;NAO_BAIXADO;0;;2026-10-04 20:57:50;2026-10-06 03:21:00;;;0
2688;EXXONMOBIL;0000034088;PDF;.pdf;2016-Summary-Annual-Report.pdf;;MANUAL;https://d1io3yog0oux5.cloudfront.net/_a430827547f64a498d7fc8f80494f171/exxonmobil/db/2288/21353/annual_report/2016-Summary-Annual-Report.pdf;;NAO_BAIXADO;0;;2026-10-04 20:57:50;2026-10-06 03:21:00;;;0
2694;EXXONMOBIL;0000034088;PDF;.pdf;2016-financial-and-operating-review.pdf;;MANUAL;https://d1io3yog0oux5.cloudfront.net/_a430827547f64a498d7fc8f80494f171/exxonmobil/db/2289/21968/file/2016-financial-and-operating-review.pdf;;NAO_BAIXADO;0;;2026-10-04 20:57:50;2026-10-06 03:21:00;;;0
2693;EXXONMOBIL;0000034088;PDF;.pdf;2016-financial-statements.pdf;;MANUAL;https://d1io3yog0oux5.cloudfront.net/_a430827547f64a498d7fc8f80494f171/exxonmobil/db/2289/21975/file/2016-financial-statements.pdf;;NAO_BAIXADO;0;;2026-10-04 20:57:50;2026-10-06 03:21:00;;;0
2689;EXXONMOBIL;0000034088;PDF;.pdf;2017-01-31_ExxonMobil_Earns_7_8_Billion_in_2016_1_7_Billion_394.pdf;;MANUAL;https://d1io3yog0oux5.cloudfront.net/_a430827547f64a498d7fc8f80494f171/exxonmobil/news/2017-01-31_ExxonMobil_Earns_7_8_Billion_in_2016_1_7_Billion_394.pdf;;NAO_BAIXADO;0;;2026-10-04 20:57:50;2026-10-06 03:21:00;;;0
2682;EXXONMOBIL;0000034088;PDF;.pdf;2017-04-28_ExxonMobil_Earns_4_Billion_During_First_Quarter_377.pdf;;MANUAL;https://d1io3yog0oux5.cloudfront.net/_a430827547f64a498d7fc8f80494f171/exxonmobil/news/2017-04-28_ExxonMobil_Earns_4_Billion_During_First_Quarter_377.pdf;;NAO_BAIXADO;0;;2026-10-04 20:57:49;2026-10-06 03:21:01;;;0
2676;EXXONMOBIL;0000034088;PDF;.pdf;2017-07-28_ExxonMobil_Earns_3_4_Billion_in_Second_Quarter_341.pdf;;MANUAL;https://d1io3yog0oux5.cloudfront.net/_a430827547f64a498d7fc8f80494f171/exxonmobil/news/2017-07-28_ExxonMobil_Earns_3_4_Billion_in_Second_Quarter_341.pdf;;NAO_BAIXADO;0;;2026-10-04 20:57:49;2026-10-06 03:21:01;;;0
2670;EXXONMOBIL;0000034088;PDF;.pdf;2017-10-27_ExxonMobil_Earnings_Rise_50_Percent_to_4_Billion_325.pdf;;MANUAL;https://d1io3yog0oux5.cloudfront.net/_a430827547f64a498d7fc8f80494f171/exxonmobil/news/2017-10-27_ExxonMobil_Earnings_Rise_50_Percent_to_4_Billion_325.pdf;;NAO_BAIXADO;0;;2026-10-04 20:57:49;2026-10-06 03:21:01;;;0
2667;EXXONMOBIL;0000034088;PDF;.pdf;2017-Financial-and-Operating-Review.pdf;;MANUAL;https://d1io3yog0oux5.cloudfront.net/_a430827547f64a498d7fc8f80494f171/exxonmobil/db/2289/21966/file/2017-Financial-and-Operating-Review.pdf;;NAO_BAIXADO;0;;2026-10-04 20:57:48;2026-10-06 03:21:02;;;0
2661;EXXONMOBIL;0000034088;PDF;.pdf;2017-Summary-Annual-Report.pdf;;MANUAL;https://d1io3yog0oux5.cloudfront.net/_a430827547f64a498d7fc8f80494f171/exxonmobil/db/2288/21357/annual_report/2017-Summary-Annual-Report.pdf;;NAO_BAIXADO;0;;2026-10-04 20:57:48;2026-10-06 03:21:01;;;0
2666;EXXONMOBIL;0000034088;PDF;.pdf;2017-financial-statements.pdf;;MANUAL;https://d1io3yog0oux5.cloudfront.net/_a430827547f64a498d7fc8f80494f171/exxonmobil/db/2289/21974/file/2017-financial-statements.pdf;;NAO_BAIXADO;0;;2026-10-04 20:57:48;2026-10-06 03:21:02;;;0
2662;EXXONMOBIL;0000034088;PDF;.pdf;2018-02-02_ExxonMobil_Earns_19_7_Billion_in_2017_8_4_Billion__303.pdf;;MANUAL;https://d1io3yog0oux5.cloudfront.net/_a430827547f64a498d7fc8f80494f171/exxonmobil/news/2018-02-02_ExxonMobil_Earns_19_7_Billion_in_2017_8_4_Billion__303.pdf;;NAO_BAIXADO;0;;2026-10-04 20:57:48;2026-10-06 03:21:02;;;0
2655;EXXONMOBIL;0000034088;PDF;.pdf;2018-04-27_ExxonMobil_Earnings_Increase_16_Percent_to_4_7_283.pdf;;MANUAL;https://d1io3yog0oux5.cloudfront.net/_a430827547f64a498d7fc8f80494f171/exxonmobil/news/2018-04-27_ExxonMobil_Earnings_Increase_16_Percent_to_4_7_283.pdf;;NAO_BAIXADO;0;;2026-10-04 20:57:48;2026-10-06 03:21:01;;;0
2649;EXXONMOBIL;0000034088;PDF;.pdf;2018-07-27_ExxonMobil_Earns_4_Billion_in_Second_Quarter_of_241.pdf;;MANUAL;https://d1io3yog0oux5.cloudfront.net/_a430827547f64a498d7fc8f80494f171/exxonmobil/news/2018-07-27_ExxonMobil_Earns_4_Billion_in_Second_Quarter_of_241.pdf;;NAO_BAIXADO;0;;2026-10-04 20:57:47;2026-10-06 03:21:02;;;0
2643;EXXONMOBIL;0000034088;PDF;.pdf;2018-11-02_ExxonMobil_Earnings_Increase_57_Percent_to_6_2_231.pdf;;MANUAL;https://d1io3yog0oux5.cloudfront.net/_a430827547f64a498d7fc8f80494f171/exxonmobil/news/2018-11-02_ExxonMobil_Earnings_Increase_57_Percent_to_6_2_231.pdf;;NAO_BAIXADO;0;;2026-10-04 20:57:47;2026-10-06 03:21:02;;;0
2640;EXXONMOBIL;0000034088;PDF;.pdf;2018-Financial-and-Operating-Review.pdf;;MANUAL;https://d1io3yog0oux5.cloudfront.net/_a430827547f64a498d7fc8f80494f171/exxonmobil/db/2289/21965/file/2018-Financial-and-Operating-Review.pdf;;NAO_BAIXADO;0;;2026-10-04 20:57:46;2026-10-06 03:21:03;;;0
2634;EXXONMOBIL;0000034088;PDF;.pdf;2018-Summary-Annual-Report.pdf;;MANUAL;https://d1io3yog0oux5.cloudfront.net/_a430827547f64a498d7fc8f80494f171/exxonmobil/db/2288/21361/annual_report/2018-Summary-Annual-Report.pdf;;NAO_BAIXADO;0;;2026-10-04 20:57:46;2026-10-06 03:21:03;;;0
2639;EXXONMOBIL;0000034088;PDF;.pdf;2018-financial-statements+%281%29.pdf;;MANUAL;https://d1io3yog0oux5.cloudfront.net/_a430827547f64a498d7fc8f80494f171/exxonmobil/db/2289/21973/file/2018-financial-statements+%281%29.pdf;;NAO_BAIXADO;0;;2026-10-04 20:57:46;2026-10-06 03:21:03;;;0
2635;EXXONMOBIL;0000034088;PDF;.pdf;2019-02-01_ExxonMobil_Earns_20_8_Billion_in_2018_6_Billion_217.pdf;;MANUAL;https://d1io3yog0oux5.cloudfront.net/_a430827547f64a498d7fc8f80494f171/exxonmobil/news/2019-02-01_ExxonMobil_Earns_20_8_Billion_in_2018_6_Billion_217.pdf;;NAO_BAIXADO;0;;2026-10-04 20:57:46;2026-10-06 03:21:03;;;0
2628;EXXONMOBIL;0000034088;PDF;.pdf;2019-04-26_ExxonMobil_Earns_2_4_Billion_in_First_Quarter_194.pdf;;MANUAL;https://d1io3yog0oux5.cloudfront.net/_a430827547f64a498d7fc8f80494f171/exxonmobil/news/2019-04-26_ExxonMobil_Earns_2_4_Billion_in_First_Quarter_194.pdf;;NAO_BAIXADO;0;;2026-10-04 20:57:46;2026-10-06 03:21:02;;;0
2622;EXXONMOBIL;0000034088;PDF;.pdf;2019-08-02_ExxonMobil_Earns_3_1_Billion_in_Second_Quarter_167.pdf;;MANUAL;https://d1io3yog0oux5.cloudfront.net/_a430827547f64a498d7fc8f80494f171/exxonmobil/news/2019-08-02_ExxonMobil_Earns_3_1_Billion_in_Second_Quarter_167.pdf;;NAO_BAIXADO;0;;2026-10-04 20:57:45;2026-10-06 03:21:04;;;0
2616;EXXONMOBIL;0000034088;PDF;.pdf;2019-11-01_ExxonMobil_Earns_3_2_Billion_in_Third_Quarter_158.pdf;;MANUAL;https://d1io3yog0oux5.cloudfront.net/_a430827547f64a498d7fc8f80494f171/exxonmobil/news/2019-11-01_ExxonMobil_Earns_3_2_Billion_in_Third_Quarter_158.pdf;;NAO_BAIXADO;0;;2026-10-04 20:57:45;2026-10-06 03:21:03;;;0
2613;EXXONMOBIL;0000034088;PDF;.pdf;2019-Financial-and-Operating-Data.pdf;;MANUAL;https://d1io3yog0oux5.cloudfront.net/_a430827547f64a498d7fc8f80494f171/exxonmobil/db/2289/21964/file/2019-Financial-and-Operating-Data.pdf;;NAO_BAIXADO;0;;2026-10-04 20:57:45;2026-10-06 03:21:03;;;0
2607;EXXONMOBIL;0000034088;PDF;.pdf;2019-Summary-Annual-Report.pdf;;MANUAL;https://d1io3yog0oux5.cloudfront.net/_a430827547f64a498d7fc8f80494f171/exxonmobil/db/2288/21365/annual_report/2019-Summary-Annual-Report.pdf;;NAO_BAIXADO;0;;2026-10-04 20:57:44;2026-10-06 03:21:04;;;0
2612;EXXONMOBIL;0000034088;PDF;.pdf;2019-financial-statements+%281%29.pdf;;MANUAL;https://d1io3yog0oux5.cloudfront.net/_a430827547f64a498d7fc8f80494f171/exxonmobil/db/2289/21972/file/2019-financial-statements+%281%29.pdf;;NAO_BAIXADO;0;;2026-10-04 20:57:45;2026-10-06 03:21:03;;;0
2608;EXXONMOBIL;0000034088;PDF;.pdf;2020-01-31_ExxonMobil_Earns_14_3_Billion_in_2019_5_7_Billion__147.pdf;;MANUAL;https://d1io3yog0oux5.cloudfront.net/_a430827547f64a498d7fc8f80494f171/exxonmobil/news/2020-01-31_ExxonMobil_Earns_14_3_Billion_in_2019_5_7_Billion__147.pdf;;NAO_BAIXADO;0;;2026-10-04 20:57:44;2026-10-06 03:21:05;;;0
2601;EXXONMOBIL;0000034088;PDF;.pdf;2020-05-01_ExxonMobil_Reports_Results_for_First_Quarter_129.pdf;;MANUAL;https://d1io3yog0oux5.cloudfront.net/_a430827547f64a498d7fc8f80494f171/exxonmobil/news/2020-05-01_ExxonMobil_Reports_Results_for_First_Quarter_129.pdf;;NAO_BAIXADO;0;;2026-10-04 20:57:44;2026-10-06 03:21:04;;;0
2595;EXXONMOBIL;0000034088;PDF;.pdf;2020-07-31_ExxonMobil_Reports_Results_for_Second_Quarter_111.pdf;;MANUAL;https://d1io3yog0oux5.cloudfront.net/_a430827547f64a498d7fc8f80494f171/exxonmobil/news/2020-07-31_ExxonMobil_Reports_Results_for_Second_Quarter_111.pdf;;NAO_BAIXADO;0;;2026-10-04 20:57:44;2026-10-06 03:21:04;;;0
2589;EXXONMOBIL;0000034088;PDF;.pdf;2020-10-30_ExxonMobil_Reports_Results_for_Third_Quarter_101.pdf;;MANUAL;https://d1io3yog0oux5.cloudfront.net/_a430827547f64a498d7fc8f80494f171/exxonmobil/news/2020-10-30_ExxonMobil_Reports_Results_for_Third_Quarter_101.pdf;;NAO_BAIXADO;0;;2026-10-04 20:57:43;2026-10-06 03:21:05;;;0
2580;EXXONMOBIL;0000034088;PDF;.pdf;2020-Annual-Report.pdf;;MANUAL;https://d1io3yog0oux5.cloudfront.net/_a430827547f64a498d7fc8f80494f171/exxonmobil/db/2288/21369/annual_report/2020-Annual-Report.pdf;;NAO_BAIXADO;0;;2026-10-04 20:57:43;2026-10-06 03:21:05;;;0
2586;EXXONMOBIL;0000034088;PDF;.pdf;2020-Financial-and-Operating-Data.pdf;;MANUAL;https://d1io3yog0oux5.cloudfront.net/_a430827547f64a498d7fc8f80494f171/exxonmobil/db/2289/21963/file/2020-Financial-and-Operating-Data.pdf;;NAO_BAIXADO;0;;2026-10-04 20:57:43;2026-10-06 03:21:05;;;0
2581;EXXONMOBIL;0000034088;PDF;.pdf;2021-02-02_ExxonMobil_Reports_Results_for_Fourth_Quarter_92.pdf;;MANUAL;https://d1io3yog0oux5.cloudfront.net/_a430827547f64a498d7fc8f80494f171/exxonmobil/news/2021-02-02_ExxonMobil_Reports_Results_for_Fourth_Quarter_92.pdf;;NAO_BAIXADO;0;;2026-10-04 20:57:43;2026-10-06 03:21:05;;;0
2573;EXXONMOBIL;0000034088;PDF;.pdf;2021-04-30_ExxonMobil_Earns_2_7_Billion_in_First_Quarter_80.pdf;;MANUAL;https://d1io3yog0oux5.cloudfront.net/_a430827547f64a498d7fc8f80494f171/exxonmobil/news/2021-04-30_ExxonMobil_Earns_2_7_Billion_in_First_Quarter_80.pdf;;NAO_BAIXADO;0;;2026-10-04 20:57:42;2026-10-06 03:21:05;;;0
2566;EXXONMOBIL;0000034088;PDF;.pdf;2021-07-30_ExxonMobil_Earns_4_7_Billion_in_Second_Quarter_68.pdf;;MANUAL;https://d1io3yog0oux5.cloudfront.net/_a430827547f64a498d7fc8f80494f171/exxonmobil/news/2021-07-30_ExxonMobil_Earns_4_7_Billion_in_Second_Quarter_68.pdf;;NAO_BAIXADO;0;;2026-10-04 20:57:42;2026-10-06 03:21:05;;;0
2559;EXXONMOBIL;0000034088;PDF;.pdf;2021-10-29_ExxonMobil_Earns_6_8_Billion_in_Third_Quarter_57.pdf;;MANUAL;https://d1io3yog0oux5.cloudfront.net/_a430827547f64a498d7fc8f80494f171/exxonmobil/news/2021-10-29_ExxonMobil_Earns_6_8_Billion_in_Third_Quarter_57.pdf;;NAO_BAIXADO;0;;2026-10-04 20:57:41;2026-10-06 03:21:06;;;0
2550;EXXONMOBIL;0000034088;PDF;.pdf;2021-Annual-Report.pdf;;MANUAL;https://d1io3yog0oux5.cloudfront.net/_a430827547f64a498d7fc8f80494f171/exxonmobil/db/2288/21373/annual_report/2021-Annual-Report.pdf;;NAO_BAIXADO;0;;2026-10-04 20:57:41;2026-10-06 03:21:06;;;0
2556;EXXONMOBIL;0000034088;PDF;.pdf;2021-Financial-and-Operating-Data.PDF;;MANUAL;https://d1io3yog0oux5.cloudfront.net/_a430827547f64a498d7fc8f80494f171/exxonmobil/db/2289/21961/file/2021-Financial-and-Operating-Data.PDF;;NAO_BAIXADO;0;;2026-10-04 20:57:41;2026-10-06 03:21:06;;;0
2551;EXXONMOBIL;0000034088;PDF;.pdf;2022-02-01_ExxonMobil_Earns_23_Billion_in_2021_Initiates_10_44.pdf;;MANUAL;https://d1io3yog0oux5.cloudfront.net/_a430827547f64a498d7fc8f80494f171/exxonmobil/news/2022-02-01_ExxonMobil_Earns_23_Billion_in_2021_Initiates_10_44.pdf;;NAO_BAIXADO;0;;2026-10-04 20:57:41;2026-10-06 03:21:06;;;0
2542;EXXONMOBIL;0000034088;PDF;.pdf;2022-04-29_CORRECTING_and_REPLACING_ExxonMobil_Announces_23.pdf;;MANUAL;https://d1io3yog0oux5.cloudfront.net/_a430827547f64a498d7fc8f80494f171/exxonmobil/news/2022-04-29_CORRECTING_and_REPLACING_ExxonMobil_Announces_23.pdf;;NAO_BAIXADO;0;;2026-10-04 20:57:40;2026-10-06 03:21:07;;;0
2534;EXXONMOBIL;0000034088;PDF;.pdf;2022-07-29_ExxonMobil_Announces_Second_Quarter_2022_13.pdf;;MANUAL;https://d1io3yog0oux5.cloudfront.net/_a430827547f64a498d7fc8f80494f171/exxonmobil/news/2022-07-29_ExxonMobil_Announces_Second_Quarter_2022_13.pdf;;NAO_BAIXADO;0;;2026-10-04 20:57:40;2026-10-06 03:21:06;;;0
2526;EXXONMOBIL;0000034088;PDF;.pdf;2022-10-28_ExxonMobil_Announces_Third_Quarter_2022_7.pdf;;MANUAL;https://d1io3yog0oux5.cloudfront.net/_a430827547f64a498d7fc8f80494f171/exxonmobil/news/2022-10-28_ExxonMobil_Announces_Third_Quarter_2022_7.pdf;;NAO_BAIXADO;0;;2026-10-04 20:57:39;2026-10-06 03:21:08;;;0
2515;EXXONMOBIL;0000034088;PDF;.pdf;2022-Annual-Report.pdf;;MANUAL;https://d1io3yog0oux5.cloudfront.net/_a430827547f64a498d7fc8f80494f171/exxonmobil/db/2288/21652/annual_report/2022-Annual-Report.pdf;;NAO_BAIXADO;0;;2026-10-04 20:57:39;2026-10-06 03:21:07;;;0
2522;EXXONMOBIL;0000034088;PDF;.pdf;2022-financial-and-operating-data---final.pdf;;MANUAL;https://d1io3yog0oux5.cloudfront.net/_a430827547f64a498d7fc8f80494f171/exxonmobil/db/2289/22023/file/2022-financial-and-operating-data---final.pdf;;NAO_BAIXADO;0;;2026-10-04 20:57:39;2026-10-06 03:21:07;;;0
2488;EXXONMOBIL;0000034088;PDF;.pdf;2023+Financial+and+Operating+Data+-+Final.pdf;;MANUAL;https://d1io3yog0oux5.cloudfront.net/_a430827547f64a498d7fc8f80494f171/exxonmobil/db/2289/22353/file/2023+Financial+and+Operating+Data+-+Final.pdf;;NAO_BAIXADO;0;;2026-10-04 20:57:37;2026-10-06 03:21:09;;;0
2516;EXXONMOBIL;0000034088;PDF;.pdf;2023-01-31_ExxonMobil_Announces_Full_Year_2022_1138.pdf;;MANUAL;https://d1io3yog0oux5.cloudfront.net/_a430827547f64a498d7fc8f80494f171/exxonmobil/news/2023-01-31_ExxonMobil_Announces_Full_Year_2022_1138.pdf;;NAO_BAIXADO;0;;2026-10-04 20:57:39;2026-10-06 03:21:07;;;0
2507;EXXONMOBIL;0000034088;PDF;.pdf;2023-04-28_ExxonMobil_Announces_First_Quarter_2023_1143.pdf;;MANUAL;https://d1io3yog0oux5.cloudfront.net/_a430827547f64a498d7fc8f80494f171/exxonmobil/db/2288/22047/earnings_release/2023-04-28_ExxonMobil_Announces_First_Quarter_2023_1143.pdf;;NAO_BAIXADO;0;;2026-10-04 20:57:38;2026-10-06 03:21:08;;;0
2401;EXXONMOBIL;0000034088;PDF;.pdf;2024_FAFRs_-_Final.pdf;;MANUAL;https://d1io3yog0oux5.cloudfront.net/_049f4bfce466226b8dbc5ba1fa8aa005/exxonmobil/files/553890/2024_FAFRs_-_Final.pdf;;NAO_BAIXADO;0;;2026-10-04 20:57:33;2026-10-06 03:21:11;;;0
2535;EXXONMOBIL;0000034088;PDF;.pdf;2Q-2022-Earnings-Call-Transcript.pdf;;MANUAL;https://d1io3yog0oux5.cloudfront.net/_a430827547f64a498d7fc8f80494f171/exxonmobil/db/2288/21375/webcast_transcript/2Q-2022-Earnings-Call-Transcript.pdf;;NAO_BAIXADO;0;;2026-10-04 20:57:40;2026-10-06 03:21:07;;;0
2759;EXXONMOBIL;0000034088;PDF;.pdf;2Q14%2520Cautionary%2520Statement.pdf;;MANUAL;https://d1io3yog0oux5.cloudfront.net/_a430827547f64a498d7fc8f80494f171/exxonmobil/db/2288/21343/cautionary_statement/2Q14%2520Cautionary%2520Statement.pdf;;NAO_BAIXADO;0;;2026-10-04 20:57:55;2026-10-06 03:20:57;;;0
2732;EXXONMOBIL;0000034088;PDF;.pdf;2Q15%2520Cautionary%2520Statement.pdf;;MANUAL;https://d1io3yog0oux5.cloudfront.net/_a430827547f64a498d7fc8f80494f171/exxonmobil/db/2288/21347/cautionary_statement/2Q15%2520Cautionary%2520Statement.pdf;;NAO_BAIXADO;0;;2026-10-04 20:57:53;2026-10-06 03:20:58;;;0
2705;EXXONMOBIL;0000034088;PDF;.pdf;2Q16%2520Cautionary%2520Statement.pdf;;MANUAL;https://d1io3yog0oux5.cloudfront.net/_a430827547f64a498d7fc8f80494f171/exxonmobil/db/2288/21351/cautionary_statement/2Q16%2520Cautionary%2520Statement.pdf;;NAO_BAIXADO;0;;2026-10-04 20:57:51;2026-10-06 03:21:00;;;0
2678;EXXONMOBIL;0000034088;PDF;.pdf;2Q17%2520Cautionary%2520Statement.pdf;;MANUAL;https://d1io3yog0oux5.cloudfront.net/_a430827547f64a498d7fc8f80494f171/exxonmobil/db/2288/21355/cautionary_statement/2Q17%2520Cautionary%2520Statement.pdf;;NAO_BAIXADO;0;;2026-10-04 20:57:49;2026-10-06 03:21:01;;;0
2529;EXXONMOBIL;0000034088;PDF;.pdf;2Q22-Cautionary-Statement.pdf;;MANUAL;https://d1io3yog0oux5.cloudfront.net/_a430827547f64a498d7fc8f80494f171/exxonmobil/db/2288/21376/cautionary_statement/2Q22-Cautionary-Statement.pdf;;NAO_BAIXADO;0;;2026-10-04 20:57:39;2026-10-06 03:21:08;;;0
2537;EXXONMOBIL;0000034088;PDF;.pdf;2Q22-Cautionary-Statement.pdf;;MANUAL;https://d1io3yog0oux5.cloudfront.net/_a430827547f64a498d7fc8f80494f171/exxonmobil/db/2288/21375/cautionary_statement/2Q22-Cautionary-Statement.pdf;;NAO_BAIXADO;0;;2026-10-04 20:57:40;2026-10-06 03:21:07;;;0
2502;EXXONMOBIL;0000034088;PDF;.pdf;2Q23+Cautionary+Statement.pdf;;MANUAL;https://d1io3yog0oux5.cloudfront.net/_a430827547f64a498d7fc8f80494f171/exxonmobil/db/2288/22123/cautionary_statement/2Q23+Cautionary+Statement.pdf;;NAO_BAIXADO;0;;2026-10-04 20:57:38;2026-10-06 03:21:08;;;0
2503;EXXONMOBIL;0000034088;PDF;.pdf;2Q23+Earnings+-+Preliminary+Prepared+Remarks.pdf;;MANUAL;https://d1io3yog0oux5.cloudfront.net/_a430827547f64a498d7fc8f80494f171/exxonmobil/db/2404/22130/pdf/2Q23+Earnings+-+Preliminary+Prepared+Remarks.pdf;;NAO_BAIXADO;0;;2026-10-04 20:57:38;2026-10-06 03:21:08;;;0
2500;EXXONMOBIL;0000034088;PDF;.pdf;2Q23+Earnings+Call+Transcript+-+Final.pdf;;MANUAL;https://d1io3yog0oux5.cloudfront.net/_a430827547f64a498d7fc8f80494f171/exxonmobil/db/2288/22123/webcast_transcript/2Q23+Earnings+Call+Transcript+-+Final.pdf;;NAO_BAIXADO;0;;2026-10-04 20:57:38;2026-10-06 03:21:08;;;0
2505;EXXONMOBIL;0000034088;PDF;.pdf;2Q23+Supplement+Website.pdf;;MANUAL;https://d1io3yog0oux5.cloudfront.net/_a430827547f64a498d7fc8f80494f171/exxonmobil/db/2288/22123/supplement/2Q23+Supplement+Website.pdf;;NAO_BAIXADO;0;;2026-10-04 20:57:38;2026-10-06 03:21:08;;;0
2506;EXXONMOBIL;0000034088;XLSX;.xlsx;2Q23+Supplement+Website.xlsx;;MANUAL;https://d1io3yog0oux5.cloudfront.net/_a430827547f64a498d7fc8f80494f171/exxonmobil/db/2288/22123/supplement_xlsx_/2Q23+Supplement+Website.xlsx;;NAO_BAIXADO;0;;2026-10-04 20:57:38;2026-10-06 03:21:08;;;0
2467;EXXONMOBIL;0000034088;PDF;.pdf;2Q24+Earnings+Call+Transcript_FINAL.pdf;;MANUAL;https://d1io3yog0oux5.cloudfront.net/_a430827547f64a498d7fc8f80494f171/exxonmobil/db/2288/22296/webcast_transcript/2Q24+Earnings+Call+Transcript_FINAL.pdf;;NAO_BAIXADO;0;;2026-10-04 20:57:36;2026-10-06 03:21:10;;;0
2470;EXXONMOBIL;0000034088;PDF;.pdf;2Q24+Earnings+Preliminary+Prepared+Remarks.pdf;;MANUAL;https://d1io3yog0oux5.cloudfront.net/_a430827547f64a498d7fc8f80494f171/exxonmobil/db/2404/22303/pdf/2Q24+Earnings+Preliminary+Prepared+Remarks.pdf;;NAO_BAIXADO;0;;2026-10-04 20:57:36;2026-10-06 03:21:10;;;0
2466;EXXONMOBIL;0000034088;PDF;.pdf;2Q24+Earnings+Press+Release+Website.pdf;;MANUAL;https://d1io3yog0oux5.cloudfront.net/_a430827547f64a498d7fc8f80494f171/exxonmobil/db/2288/22296/earnings_release/2Q24+Earnings+Press+Release+Website.pdf;;NAO_BAIXADO;0;;2026-10-04 20:57:36;2026-10-06 03:21:10;;;0
2468;EXXONMOBIL;0000034088;PDF;.pdf;2Q24+Earnings+Slides_Final.pdf;;MANUAL;https://d1io3yog0oux5.cloudfront.net/_a430827547f64a498d7fc8f80494f171/exxonmobil/db/2288/22296/presentation/2Q24+Earnings+Slides_Final.pdf;;NAO_BAIXADO;0;;2026-10-04 20:57:36;2026-10-06 03:21:10;;;0
2472;EXXONMOBIL;0000034088;PDF;.pdf;2Q24+Supplement+Website.pdf;;MANUAL;https://d1io3yog0oux5.cloudfront.net/_a430827547f64a498d7fc8f80494f171/exxonmobil/db/2288/22296/supplement/2Q24+Supplement+Website.pdf;;NAO_BAIXADO;0;;2026-10-04 20:57:37;2026-10-06 03:21:08;;;0
2473;EXXONMOBIL;0000034088;XLSX;.xlsx;2Q24+Supplement+Website.xlsx;;MANUAL;https://d1io3yog0oux5.cloudfront.net/_a430827547f64a498d7fc8f80494f171/exxonmobil/db/2288/22296/supplement_xlsx_/2Q24+Supplement+Website.xlsx;;NAO_BAIXADO;0;;2026-10-04 20:57:37;2026-10-06 03:21:08;;;0
2469;EXXONMOBIL;0000034088;PDF;.pdf;2Q24+cautionary+statement.pdf;;MANUAL;https://d1io3yog0oux5.cloudfront.net/_a430827547f64a498d7fc8f80494f171/exxonmobil/db/2288/22296/cautionary_statement/2Q24+cautionary+statement.pdf;;NAO_BAIXADO;0;;2026-10-04 20:57:36;2026-10-06 03:21:10;;;0
2438;EXXONMOBIL;0000034088;PDF;.pdf;2Q25+Earnings+-+Prepared+Remarks.pdf;;MANUAL;https://d1io3yog0oux5.cloudfront.net/_a430827547f64a498d7fc8f80494f171/exxonmobil/db/2404/22472/pdf/2Q25+Earnings+-+Prepared+Remarks.pdf;;NAO_BAIXADO;0;;2026-10-04 20:57:35;2026-10-06 03:21:10;;;0
2434;EXXONMOBIL;0000034088;PDF;.pdf;2Q25+Earnings+Press+Release+Website.pdf;;MANUAL;https://d1io3yog0oux5.cloudfront.net/_a430827547f64a498d7fc8f80494f171/exxonmobil/db/2288/22462/earnings_release/2Q25+Earnings+Press+Release+Website.pdf;;NAO_BAIXADO;0;;2026-10-04 20:57:34;2026-10-06 03:21:11;;;0
2436;EXXONMOBIL;0000034088;PDF;.pdf;2Q25+Earnings+Slides.pdf;;MANUAL;https://d1io3yog0oux5.cloudfront.net/_a430827547f64a498d7fc8f80494f171/exxonmobil/db/2288/22462/presentation/2Q25+Earnings+Slides.pdf;;NAO_BAIXADO;0;;2026-10-04 20:57:35;2026-10-06 03:21:10;;;0
2435;EXXONMOBIL;0000034088;PDF;.pdf;2Q25+Earnings+Transcript.pdf;;MANUAL;https://d1io3yog0oux5.cloudfront.net/_a430827547f64a498d7fc8f80494f171/exxonmobil/db/2288/22462/webcast_transcript/2Q25+Earnings+Transcript.pdf;;NAO_BAIXADO;0;;2026-10-04 20:57:34;2026-10-06 03:21:11;;;0
2440;EXXONMOBIL;0000034088;PDF;.pdf;2Q25+Supplement+Website.pdf;;MANUAL;https://d1io3yog0oux5.cloudfront.net/_a430827547f64a498d7fc8f80494f171/exxonmobil/db/2288/22462/supplement/2Q25+Supplement+Website.pdf;;NAO_BAIXADO;0;;2026-10-04 20:57:35;2026-10-06 03:21:10;;;0
2441;EXXONMOBIL;0000034088;XLSX;.xlsx;2Q25+Supplement+Website.xlsx;;MANUAL;https://d1io3yog0oux5.cloudfront.net/_a430827547f64a498d7fc8f80494f171/exxonmobil/db/2288/22462/supplement_xlsx_/2Q25+Supplement+Website.xlsx;;NAO_BAIXADO;0;;2026-10-04 20:57:35;2026-10-06 03:21:10;;;0
2402;EXXONMOBIL;0000034088;PDF;.pdf;2Q26+Earnings+Release+Website.pdf;;MANUAL;https://d1io3yog0oux5.cloudfront.net/_a430827547f64a498d7fc8f80494f171/exxonmobil/db/2288/22701/earnings_release/2Q26+Earnings+Release+Website.pdf;;NAO_BAIXADO;0;;2026-10-04 20:57:33;2026-10-06 03:21:11;;;0
2404;EXXONMOBIL;0000034088;PDF;.pdf;2Q26+Earnings+presentation+slides.pdf;;MANUAL;https://d1io3yog0oux5.cloudfront.net/_a430827547f64a498d7fc8f80494f171/exxonmobil/db/2288/22701/presentation/2Q26+Earnings+presentation+slides.pdf;;NAO_BAIXADO;0;;2026-10-04 20:57:33;2026-10-06 03:21:11;;;0
2403;EXXONMOBIL;0000034088;PDF;.pdf;2Q26+ExxonMobil+Earnings+Call+Transcript.pdf;;MANUAL;https://d1io3yog0oux5.cloudfront.net/_a430827547f64a498d7fc8f80494f171/exxonmobil/db/2288/22701/webcast_transcript/2Q26+ExxonMobil+Earnings+Call+Transcript.pdf;;NAO_BAIXADO;0;;2026-10-04 20:57:33;2026-10-06 03:21:11;;;0
2406;EXXONMOBIL;0000034088;PDF;.pdf;2Q26+Prepared+Remarks.pdf;;MANUAL;https://d1io3yog0oux5.cloudfront.net/_a430827547f64a498d7fc8f80494f171/exxonmobil/db/2404/22710/pdf/2Q26+Prepared+Remarks.pdf;;NAO_BAIXADO;0;;2026-10-04 20:57:33;2026-10-06 03:21:11;;;0
2408;EXXONMOBIL;0000034088;PDF;.pdf;2Q26+Supplement+Data.pdf;;MANUAL;https://d1io3yog0oux5.cloudfront.net/_a430827547f64a498d7fc8f80494f171/exxonmobil/db/2288/22701/supplement/2Q26+Supplement+Data.pdf;;NAO_BAIXADO;0;;2026-10-04 20:57:33;2026-10-06 03:21:12;;;0
2597;EXXONMOBIL;0000034088;PDF;.pdf;2q-2020-cautionary-statement.pdf;;MANUAL;https://d1io3yog0oux5.cloudfront.net/_a430827547f64a498d7fc8f80494f171/exxonmobil/db/2288/21367/cautionary_statement/2q-2020-cautionary-statement.pdf;;NAO_BAIXADO;0;;2026-10-04 20:57:44;2026-10-06 03:21:04;;;0
2569;EXXONMOBIL;0000034088;PDF;.pdf;2q-2021-cautionary-statement.pdf;;MANUAL;https://d1io3yog0oux5.cloudfront.net/_a430827547f64a498d7fc8f80494f171/exxonmobil/db/2288/21371/cautionary_statement/2q-2021-cautionary-statement.pdf;;NAO_BAIXADO;0;;2026-10-04 20:57:42;2026-10-06 03:21:05;;;0
2651;EXXONMOBIL;0000034088;PDF;.pdf;2q18-cautionary-statement.pdf;;MANUAL;https://d1io3yog0oux5.cloudfront.net/_a430827547f64a498d7fc8f80494f171/exxonmobil/db/2288/21359/cautionary_statement/2q18-cautionary-statement.pdf;;NAO_BAIXADO;0;;2026-10-04 20:57:47;2026-10-06 03:21:02;;;0
2624;EXXONMOBIL;0000034088;PDF;.pdf;2q2019-cautionary-statement.pdf;;MANUAL;https://d1io3yog0oux5.cloudfront.net/_a430827547f64a498d7fc8f80494f171/exxonmobil/db/2288/21363/cautionary_statement/2q2019-cautionary-statement.pdf;;NAO_BAIXADO;0;;2026-10-04 20:57:45;2026-10-06 03:21:04;;;0
2753;EXXONMOBIL;0000034088;PDF;.pdf;3Q14%2520Cautionary%2520Statement.pdf;;MANUAL;https://d1io3yog0oux5.cloudfront.net/_a430827547f64a498d7fc8f80494f171/exxonmobil/db/2288/21344/cautionary_statement/3Q14%2520Cautionary%2520Statement.pdf;;NAO_BAIXADO;0;;2026-10-04 20:57:54;2026-10-06 03:20:58;;;0
2726;EXXONMOBIL;0000034088;PDF;.pdf;3Q15%2520Cautionary%2520Statement.pdf;;MANUAL;https://d1io3yog0oux5.cloudfront.net/_a430827547f64a498d7fc8f80494f171/exxonmobil/db/2288/21348/cautionary_statement/3Q15%2520Cautionary%2520Statement.pdf;;NAO_BAIXADO;0;;2026-10-04 20:57:52;2026-10-06 03:20:59;;;0
2699;EXXONMOBIL;0000034088;PDF;.pdf;3Q16%2520Cautionary%2520Statement%25203Q%252016.pdf;;MANUAL;https://d1io3yog0oux5.cloudfront.net/_a430827547f64a498d7fc8f80494f171/exxonmobil/db/2288/21352/cautionary_statement/3Q16%2520Cautionary%2520Statement%25203Q%252016.pdf;;NAO_BAIXADO;0;;2026-10-04 20:57:51;2026-10-06 03:20:59;;;0
2672;EXXONMOBIL;0000034088;PDF;.pdf;3Q17-Cautionary-Statement.pdf;;MANUAL;https://d1io3yog0oux5.cloudfront.net/_a430827547f64a498d7fc8f80494f171/exxonmobil/db/2288/21356/cautionary_statement/3Q17-Cautionary-Statement.pdf;;NAO_BAIXADO;0;;2026-10-04 20:57:49;2026-10-06 03:21:01;;;0
2494;EXXONMOBIL;0000034088;PDF;.pdf;3Q23+Cautionary+Statement.pdf;;MANUAL;https://d1io3yog0oux5.cloudfront.net/_a430827547f64a498d7fc8f80494f171/exxonmobil/db/2288/22151/cautionary_statement/3Q23+Cautionary+Statement.pdf;;NAO_BAIXADO;0;;2026-10-04 20:57:38;2026-10-06 03:21:08;;;0
2492;EXXONMOBIL;0000034088;PDF;.pdf;3Q23+Earnings+Call+Transcript+-+Final+%281%29.pdf;;MANUAL;https://d1io3yog0oux5.cloudfront.net/_a430827547f64a498d7fc8f80494f171/exxonmobil/db/2288/22151/webcast_transcript/3Q23+Earnings+Call+Transcript+-+Final+%281%29.pdf;;NAO_BAIXADO;0;;2026-10-04 20:57:38;2026-10-06 03:21:08;;;0
2498;EXXONMOBIL;0000034088;XLSX;.xlsx;3Q23+Supplement+Website.xlsx;;MANUAL;https://d1io3yog0oux5.cloudfront.net/_a430827547f64a498d7fc8f80494f171/exxonmobil/db/2288/22151/supplement_xlsx_/3Q23+Supplement+Website.xlsx;;NAO_BAIXADO;0;;2026-10-04 20:57:38;2026-10-06 03:21:08;;;0
2461;EXXONMOBIL;0000034088;PDF;.pdf;3Q24+Cautionary+Statement.pdf;;MANUAL;https://d1io3yog0oux5.cloudfront.net/_a430827547f64a498d7fc8f80494f171/exxonmobil/db/2288/22327/cautionary_statement/3Q24+Cautionary+Statement.pdf;;NAO_BAIXADO;0;;2026-10-04 20:57:36;2026-10-06 03:21:09;;;0
2459;EXXONMOBIL;0000034088;PDF;.pdf;3Q24+Earnings+Call+Transcript.pdf;;MANUAL;https://d1io3yog0oux5.cloudfront.net/_a430827547f64a498d7fc8f80494f171/exxonmobil/db/2288/22327/webcast_transcript/3Q24+Earnings+Call+Transcript.pdf;;NAO_BAIXADO;0;;2026-10-04 20:57:36;2026-10-06 03:21:09;;;0
2462;EXXONMOBIL;0000034088;PDF;.pdf;3Q24+Earnings+Preliminary+Prepared+Remarks.pdf;;MANUAL;https://d1io3yog0oux5.cloudfront.net/_a430827547f64a498d7fc8f80494f171/exxonmobil/db/2404/22332/pdf/3Q24+Earnings+Preliminary+Prepared+Remarks.pdf;;NAO_BAIXADO;0;;2026-10-04 20:57:36;2026-10-06 03:21:10;;;0
2458;EXXONMOBIL;0000034088;PDF;.pdf;3Q24+Earnings+Press+Release+Website.pdf;;MANUAL;https://d1io3yog0oux5.cloudfront.net/_a430827547f64a498d7fc8f80494f171/exxonmobil/db/2288/22327/earnings_release/3Q24+Earnings+Press+Release+Website.pdf;;NAO_BAIXADO;0;;2026-10-04 20:57:36;2026-10-06 03:21:09;;;0
2460;EXXONMOBIL;0000034088;PDF;.pdf;3Q24+Earnings+Slides+-+Final.pdf;;MANUAL;https://d1io3yog0oux5.cloudfront.net/_a430827547f64a498d7fc8f80494f171/exxonmobil/db/2288/22327/presentation/3Q24+Earnings+Slides+-+Final.pdf;;NAO_BAIXADO;0;;2026-10-04 20:57:36;2026-10-06 03:21:09;;;0
2464;EXXONMOBIL;0000034088;PDF;.pdf;3Q24+Supplement+Website.pdf;;MANUAL;https://d1io3yog0oux5.cloudfront.net/_a430827547f64a498d7fc8f80494f171/exxonmobil/db/2288/22327/supplement/3Q24+Supplement+Website.pdf;;NAO_BAIXADO;0;;2026-10-04 20:57:36;2026-10-06 03:21:10;;;0
2465;EXXONMOBIL;0000034088;XLSX;.xlsx;3Q24+Supplement+Website.xlsx;;MANUAL;https://d1io3yog0oux5.cloudfront.net/_a430827547f64a498d7fc8f80494f171/exxonmobil/db/2288/22327/supplement_xlsx_/3Q24+Supplement+Website.xlsx;;NAO_BAIXADO;0;;2026-10-04 20:57:36;2026-10-06 03:21:10;;;0
2430;EXXONMOBIL;0000034088;PDF;.pdf;3Q25+Earnings+-+Prepared+Remarks.pdf;;MANUAL;https://d1io3yog0oux5.cloudfront.net/_a430827547f64a498d7fc8f80494f171/exxonmobil/db/2404/22479/pdf/3Q25+Earnings+-+Prepared+Remarks.pdf;;NAO_BAIXADO;0;;2026-10-04 20:57:34;2026-10-06 03:21:11;;;0
2426;EXXONMOBIL;0000034088;PDF;.pdf;3Q25+Earnings+Press+Release+Website.pdf;;MANUAL;https://d1io3yog0oux5.cloudfront.net/_a430827547f64a498d7fc8f80494f171/exxonmobil/db/2288/22477/earnings_release/3Q25+Earnings+Press+Release+Website.pdf;;NAO_BAIXADO;0;;2026-10-04 20:57:34;2026-10-06 03:21:11;;;0
2428;EXXONMOBIL;0000034088;PDF;.pdf;3Q25+Earnings+Slides.pdf;;MANUAL;https://d1io3yog0oux5.cloudfront.net/_a430827547f64a498d7fc8f80494f171/exxonmobil/db/2288/22477/presentation/3Q25+Earnings+Slides.pdf;;NAO_BAIXADO;0;;2026-10-04 20:57:34;2026-10-06 03:21:11;;;0
2427;EXXONMOBIL;0000034088;PDF;.pdf;3Q25+Earnings+Transcript.pdf;;MANUAL;https://d1io3yog0oux5.cloudfront.net/_a430827547f64a498d7fc8f80494f171/exxonmobil/db/2288/22477/webcast_transcript/3Q25+Earnings+Transcript.pdf;;NAO_BAIXADO;0;;2026-10-04 20:57:34;2026-10-06 03:21:11;;;0
2432;EXXONMOBIL;0000034088;PDF;.pdf;3Q25+Supplement+Website.pdf;;MANUAL;https://d1io3yog0oux5.cloudfront.net/_a430827547f64a498d7fc8f80494f171/exxonmobil/db/2288/22477/supplement/3Q25+Supplement+Website.pdf;;NAO_BAIXADO;0;;2026-10-04 20:57:34;2026-10-06 03:21:11;;;0
2433;EXXONMOBIL;0000034088;XLSX;.xlsx;3Q25+Supplement+Website.xlsx;;MANUAL;https://d1io3yog0oux5.cloudfront.net/_a430827547f64a498d7fc8f80494f171/exxonmobil/db/2288/22477/supplement_xlsx_/3Q25+Supplement+Website.xlsx;;NAO_BAIXADO;0;;2026-10-04 20:57:34;2026-10-06 03:21:11;;;0
2591;EXXONMOBIL;0000034088;PDF;.pdf;3q-2020-cautionary-statement.pdf;;MANUAL;https://d1io3yog0oux5.cloudfront.net/_a430827547f64a498d7fc8f80494f171/exxonmobil/db/2288/21368/cautionary_statement/3q-2020-cautionary-statement.pdf;;NAO_BAIXADO;0;;2026-10-04 20:57:43;2026-10-06 03:21:05;;;0
2562;EXXONMOBIL;0000034088;PDF;.pdf;3q-2021-cautionary-statement.pdf;;MANUAL;https://d1io3yog0oux5.cloudfront.net/_a430827547f64a498d7fc8f80494f171/exxonmobil/db/2288/21372/cautionary_statement/3q-2021-cautionary-statement.pdf;;NAO_BAIXADO;0;;2026-10-04 20:57:42;2026-10-06 03:21:05;;;0
2645;EXXONMOBIL;0000034088;PDF;.pdf;3q-cautionary-statement.pdf;;MANUAL;https://d1io3yog0oux5.cloudfront.net/_a430827547f64a498d7fc8f80494f171/exxonmobil/db/2288/21360/cautionary_statement/3q-cautionary-statement.pdf;;NAO_BAIXADO;0;;2026-10-04 20:57:47;2026-10-06 03:21:02;;;0
2618;EXXONMOBIL;0000034088;PDF;.pdf;3q19-cautionary-statement.pdf;;MANUAL;https://d1io3yog0oux5.cloudfront.net/_a430827547f64a498d7fc8f80494f171/exxonmobil/db/2288/21364/cautionary_statement/3q19-cautionary-statement.pdf;;NAO_BAIXADO;0;;2026-10-04 20:57:45;2026-10-06 03:21:03;;;0
2527;EXXONMOBIL;0000034088;PDF;.pdf;3q22-earnings-transcript.pdf;;MANUAL;https://d1io3yog0oux5.cloudfront.net/_a430827547f64a498d7fc8f80494f171/exxonmobil/db/2288/21376/webcast_transcript/3q22-earnings-transcript.pdf;;NAO_BAIXADO;0;;2026-10-04 20:57:39;2026-10-06 03:21:08;;;0
2745;EXXONMOBIL;0000034088;PDF;.pdf;4Q14%2520Cautionary%2520Statement.pdf;;MANUAL;https://d1io3yog0oux5.cloudfront.net/_a430827547f64a498d7fc8f80494f171/exxonmobil/db/2288/21345/cautionary_statement/4Q14%2520Cautionary%2520Statement.pdf;;NAO_BAIXADO;0;;2026-10-04 20:57:54;2026-10-06 03:20:58;;;0
2718;EXXONMOBIL;0000034088;PDF;.pdf;4Q15%2520Cautionary%2520Statement.pdf;;MANUAL;https://d1io3yog0oux5.cloudfront.net/_a430827547f64a498d7fc8f80494f171/exxonmobil/db/2288/21349/cautionary_statement/4Q15%2520Cautionary%2520Statement.pdf;;NAO_BAIXADO;0;;2026-10-04 20:57:52;2026-10-06 03:20:59;;;0
2691;EXXONMOBIL;0000034088;PDF;.pdf;4Q16%2520Cautionary%2520Statement.pdf;;MANUAL;https://d1io3yog0oux5.cloudfront.net/_a430827547f64a498d7fc8f80494f171/exxonmobil/db/2288/21353/cautionary_statement/4Q16%2520Cautionary%2520Statement.pdf;;NAO_BAIXADO;0;;2026-10-04 20:57:50;2026-10-06 03:21:00;;;0
2664;EXXONMOBIL;0000034088;PDF;.pdf;4Q17-cautionary-statement.pdf;;MANUAL;https://d1io3yog0oux5.cloudfront.net/_a430827547f64a498d7fc8f80494f171/exxonmobil/db/2288/21357/cautionary_statement/4Q17-cautionary-statement.pdf;;NAO_BAIXADO;0;;2026-10-04 20:57:48;2026-10-06 03:21:02;;;0
2483;EXXONMOBIL;0000034088;PDF;.pdf;4Q23+Earnings+Call+Transcript_Final.pdf;;MANUAL;https://d1io3yog0oux5.cloudfront.net/_a430827547f64a498d7fc8f80494f171/exxonmobil/db/2288/22190/webcast_transcript/4Q23+Earnings+Call+Transcript_Final.pdf;;NAO_BAIXADO;0;;2026-10-04 20:57:37;2026-10-06 03:21:09;;;0
2482;EXXONMOBIL;0000034088;PDF;.pdf;4Q23+Earnings+Press+Release+Website+%28with+updated+legends%29.pdf;;MANUAL;https://d1io3yog0oux5.cloudfront.net/_a430827547f64a498d7fc8f80494f171/exxonmobil/db/2288/22190/earnings_release/4Q23+Earnings+Press+Release+Website+%28with+updated+legends%29.pdf;;NAO_BAIXADO;0;;2026-10-04 20:57:37;2026-10-06 03:21:09;;;0
2486;EXXONMOBIL;0000034088;PDF;.pdf;4Q23+Earnings+Script+-+Preliminary+Prepared+Remarks+-+Amended.pdf;;MANUAL;https://d1io3yog0oux5.cloudfront.net/_a430827547f64a498d7fc8f80494f171/exxonmobil/db/2404/22193/pdf/4Q23+Earnings+Script+-+Preliminary+Prepared+Remarks+-+Amended.pdf;;NAO_BAIXADO;0;;2026-10-04 20:57:37;2026-10-06 03:21:09;;;0
2484;EXXONMOBIL;0000034088;PDF;.pdf;4Q23+Earnings+Slides_FINAL.pdf;;MANUAL;https://d1io3yog0oux5.cloudfront.net/_a430827547f64a498d7fc8f80494f171/exxonmobil/db/2288/22190/presentation/4Q23+Earnings+Slides_FINAL.pdf;;NAO_BAIXADO;0;;2026-10-04 20:57:37;2026-10-06 03:21:09;;;0
2489;EXXONMOBIL;0000034088;PDF;.pdf;4Q23+Supplement+Website.pdf;;MANUAL;https://d1io3yog0oux5.cloudfront.net/_a430827547f64a498d7fc8f80494f171/exxonmobil/db/2288/22190/supplement/4Q23+Supplement+Website.pdf;;NAO_BAIXADO;0;;2026-10-04 20:57:37;2026-10-06 03:21:09;;;0
2490;EXXONMOBIL;0000034088;XLSX;.xlsx;4Q23+Supplement+Website.xlsx;;MANUAL;https://d1io3yog0oux5.cloudfront.net/_a430827547f64a498d7fc8f80494f171/exxonmobil/db/2288/22190/supplement_xlsx_/4Q23+Supplement+Website.xlsx;;NAO_BAIXADO;0;;2026-10-04 20:57:37;2026-10-06 03:21:09;;;0
2485;EXXONMOBIL;0000034088;PDF;.pdf;4Q23+cautionary+statement.pdf;;MANUAL;https://d1io3yog0oux5.cloudfront.net/_a430827547f64a498d7fc8f80494f171/exxonmobil/db/2288/22190/cautionary_statement/4Q23+cautionary+statement.pdf;;NAO_BAIXADO;0;;2026-10-04 20:57:37;2026-10-06 03:21:09;;;0
2453;EXXONMOBIL;0000034088;PDF;.pdf;4Q24+Cautionary+Statement.pdf;;MANUAL;https://d1io3yog0oux5.cloudfront.net/_a430827547f64a498d7fc8f80494f171/exxonmobil/db/2288/22354/cautionary_statement/4Q24+Cautionary+Statement.pdf;;NAO_BAIXADO;0;;2026-10-04 20:57:35;2026-10-06 03:21:11;;;0
2451;EXXONMOBIL;0000034088;PDF;.pdf;4Q24+Earnings+Call+Transcript.pdf;;MANUAL;https://d1io3yog0oux5.cloudfront.net/_a430827547f64a498d7fc8f80494f171/exxonmobil/db/2288/22354/webcast_transcript/4Q24+Earnings+Call+Transcript.pdf;;NAO_BAIXADO;0;;2026-10-04 20:57:35;2026-10-06 03:21:10;;;0
2450;EXXONMOBIL;0000034088;PDF;.pdf;4Q24+Earnings+Press+Release+Website.pdf;;MANUAL;https://d1io3yog0oux5.cloudfront.net/_a430827547f64a498d7fc8f80494f171/exxonmobil/db/2288/22354/earnings_release/4Q24+Earnings+Press+Release+Website.pdf;;NAO_BAIXADO;0;;2026-10-04 20:57:35;2026-10-06 03:21:10;;;0
2452;EXXONMOBIL;0000034088;PDF;.pdf;4Q24+Earnings+Slides+-+Final+.pdf;;MANUAL;https://d1io3yog0oux5.cloudfront.net/_a430827547f64a498d7fc8f80494f171/exxonmobil/db/2288/22354/presentation/4Q24+Earnings+Slides+-+Final+.pdf;;NAO_BAIXADO;0;;2026-10-04 20:57:35;2026-10-06 03:21:10;;;0
2454;EXXONMOBIL;0000034088;PDF;.pdf;4Q24+Prepared+Remarks+-+Final.pdf;;MANUAL;https://d1io3yog0oux5.cloudfront.net/_a430827547f64a498d7fc8f80494f171/exxonmobil/db/2404/22362/pdf/4Q24+Prepared+Remarks+-+Final.pdf;;NAO_BAIXADO;0;;2026-10-04 20:57:35;2026-10-06 03:21:11;;;0
2456;EXXONMOBIL;0000034088;PDF;.pdf;4Q24+Supplement+Website.pdf;;MANUAL;https://d1io3yog0oux5.cloudfront.net/_a430827547f64a498d7fc8f80494f171/exxonmobil/db/2288/22354/supplement/4Q24+Supplement+Website.pdf;;NAO_BAIXADO;0;;2026-10-04 20:57:36;2026-10-06 03:21:09;;;0
2457;EXXONMOBIL;0000034088;XLSX;.xlsx;4Q24+Supplement+Website.xlsx;;MANUAL;https://d1io3yog0oux5.cloudfront.net/_a430827547f64a498d7fc8f80494f171/exxonmobil/db/2288/22354/supplement_xlsx_/4Q24+Supplement+Website.xlsx;;NAO_BAIXADO;0;;2026-10-04 20:57:36;2026-10-06 03:21:09;;;0
2418;EXXONMOBIL;0000034088;PDF;.pdf;4Q25+Earnings+Press+Release+Website.pdf;;MANUAL;https://d1io3yog0oux5.cloudfront.net/_a430827547f64a498d7fc8f80494f171/exxonmobil/db/2288/22589/earnings_release/4Q25+Earnings+Press+Release+Website.pdf;;NAO_BAIXADO;0;;2026-10-04 20:57:33;2026-10-06 03:21:12;;;0
2420;EXXONMOBIL;0000034088;PDF;.pdf;4Q25+Earnings+Slides.pdf;;MANUAL;https://d1io3yog0oux5.cloudfront.net/_a430827547f64a498d7fc8f80494f171/exxonmobil/db/2288/22589/presentation/4Q25+Earnings+Slides.pdf;;NAO_BAIXADO;0;;2026-10-04 20:57:34;2026-10-06 03:21:11;;;0
2419;EXXONMOBIL;0000034088;PDF;.pdf;4Q25+Earnings+Transcript.pdf;;MANUAL;https://d1io3yog0oux5.cloudfront.net/_a430827547f64a498d7fc8f80494f171/exxonmobil/db/2288/22589/webcast_transcript/4Q25+Earnings+Transcript.pdf;;NAO_BAIXADO;0;;2026-10-04 20:57:33;2026-10-06 03:21:12;;;0
2422;EXXONMOBIL;0000034088;PDF;.pdf;4Q25+Prepared+Remarks.pdf;;MANUAL;https://d1io3yog0oux5.cloudfront.net/_a430827547f64a498d7fc8f80494f171/exxonmobil/db/2404/22613/pdf/4Q25+Prepared+Remarks.pdf;;NAO_BAIXADO;0;;2026-10-04 20:57:34;2026-10-06 03:21:11;;;0
2424;EXXONMOBIL;0000034088;PDF;.pdf;4Q25+Supplement+Website.pdf;;MANUAL;https://d1io3yog0oux5.cloudfront.net/_a430827547f64a498d7fc8f80494f171/exxonmobil/db/2288/22589/supplement/4Q25+Supplement+Website.pdf;;NAO_BAIXADO;0;;2026-10-04 20:57:34;2026-10-06 03:21:11;;;0
2425;EXXONMOBIL;0000034088;XLSX;.xlsx;4Q25+Supplement+Website.xlsx;;MANUAL;https://d1io3yog0oux5.cloudfront.net/_a430827547f64a498d7fc8f80494f171/exxonmobil/db/2288/22589/supplement_xlsx_/4Q25+Supplement+Website.xlsx;;NAO_BAIXADO;0;;2026-10-04 20:57:34;2026-10-06 03:21:11;;;0
2584;EXXONMOBIL;0000034088;PDF;.pdf;4q-2020-cautionary-statement.pdf;;MANUAL;https://d1io3yog0oux5.cloudfront.net/_a430827547f64a498d7fc8f80494f171/exxonmobil/db/2288/21369/cautionary_statement/4q-2020-cautionary-statement.pdf;;NAO_BAIXADO;0;;2026-10-04 20:57:43;2026-10-06 03:21:05;;;0
2637;EXXONMOBIL;0000034088;PDF;.pdf;4q18-cautionary-statement.pdf;;MANUAL;https://d1io3yog0oux5.cloudfront.net/_a430827547f64a498d7fc8f80494f171/exxonmobil/db/2288/21361/cautionary_statement/4q18-cautionary-statement.pdf;;NAO_BAIXADO;0;;2026-10-04 20:57:46;2026-10-06 03:21:03;;;0
2610;EXXONMOBIL;0000034088;PDF;.pdf;4q19-cautionary-statement.pdf;;MANUAL;https://d1io3yog0oux5.cloudfront.net/_a430827547f64a498d7fc8f80494f171/exxonmobil/db/2288/21365/cautionary_statement/4q19-cautionary-statement.pdf;;NAO_BAIXADO;0;;2026-10-04 20:57:44;2026-10-06 03:21:05;;;0
2519;EXXONMOBIL;0000034088;PDF;.pdf;4q22-cautionary-statement.pdf;;MANUAL;https://d1io3yog0oux5.cloudfront.net/_a430827547f64a498d7fc8f80494f171/exxonmobil/db/2288/21652/cautionary_statement/4q22-cautionary-statement.pdf;;NAO_BAIXADO;0;;2026-10-04 20:57:39;2026-10-06 03:21:07;;;0
2517;EXXONMOBIL;0000034088;PDF;.pdf;4q22-earnings-transcript.pdf;;MANUAL;https://d1io3yog0oux5.cloudfront.net/_a430827547f64a498d7fc8f80494f171/exxonmobil/db/2288/21652/webcast_transcript/4q22-earnings-transcript.pdf;;NAO_BAIXADO;0;;2026-10-04 20:57:39;2026-10-06 03:21:07;;;0
2120;EXXONMOBIL;0000034088;JSON;.json;CIK0000034088.json;;MANUAL;https://data.sec.gov/api/xbrl/companyfacts/CIK0000034088.json;;NAO_BAIXADO;0;;2026-10-04 20:56:56;2026-10-06 03:21:23;;;30
2413;EXXONMOBIL;0000034088;PDF;.pdf;Cautionary+Statement.pdf;;MANUAL;https://d1io3yog0oux5.cloudfront.net/_a430827547f64a498d7fc8f80494f171/exxonmobil/db/2288/22639/cautionary_statement/Cautionary+Statement.pdf;;NAO_BAIXADO;0;;2026-10-04 20:57:33;2026-10-06 03:21:12;;;0
2421;EXXONMOBIL;0000034088;PDF;.pdf;Cautionary+Statement.pdf;;MANUAL;https://d1io3yog0oux5.cloudfront.net/_a430827547f64a498d7fc8f80494f171/exxonmobil/db/2288/22589/cautionary_statement/Cautionary+Statement.pdf;;NAO_BAIXADO;0;;2026-10-04 20:57:34;2026-10-06 03:21:11;;;0
2429;EXXONMOBIL;0000034088;PDF;.pdf;Cautionary+Statement.pdf;;MANUAL;https://d1io3yog0oux5.cloudfront.net/_a430827547f64a498d7fc8f80494f171/exxonmobil/db/2288/22477/cautionary_statement/Cautionary+Statement.pdf;;NAO_BAIXADO;0;;2026-10-04 20:57:34;2026-10-06 03:21:11;;;0
2437;EXXONMOBIL;0000034088;PDF;.pdf;Cautionary+Statement.pdf;;MANUAL;https://d1io3yog0oux5.cloudfront.net/_a430827547f64a498d7fc8f80494f171/exxonmobil/db/2288/22462/cautionary_statement/Cautionary+Statement.pdf;;NAO_BAIXADO;0;;2026-10-04 20:57:35;2026-10-06 03:21:10;;;0
2445;EXXONMOBIL;0000034088;PDF;.pdf;Cautionary+statement+-+final.pdf;;MANUAL;https://d1io3yog0oux5.cloudfront.net/_a430827547f64a498d7fc8f80494f171/exxonmobil/db/2288/22414/cautionary_statement/Cautionary+statement+-+final.pdf;;NAO_BAIXADO;0;;2026-10-04 20:57:35;2026-10-06 03:21:10;;;0
2405;EXXONMOBIL;0000034088;PDF;.pdf;Cautionary+statement.pdf;;MANUAL;https://d1io3yog0oux5.cloudfront.net/_a430827547f64a498d7fc8f80494f171/exxonmobil/db/2288/22701/cautionary_statement/Cautionary+statement.pdf;;NAO_BAIXADO;0;;2026-10-04 20:57:33;2026-10-06 03:21:11;;;0
2554;EXXONMOBIL;0000034088;PDF;.pdf;Cautionary-Statement-4Q21.pdf;;MANUAL;https://d1io3yog0oux5.cloudfront.net/_a430827547f64a498d7fc8f80494f171/exxonmobil/db/2288/21373/cautionary_statement/Cautionary-Statement-4Q21.pdf;;NAO_BAIXADO;0;;2026-10-04 20:57:41;2026-10-06 03:21:06;;;0
2409;EXXONMOBIL;0000034088;XLSX;.xlsx;Earning+Release+Supplement+Data+-+Excel+Version.xlsx;;MANUAL;https://d1io3yog0oux5.cloudfront.net/_a430827547f64a498d7fc8f80494f171/exxonmobil/db/2288/22701/supplement_xlsx_/Earning+Release+Supplement+Data+-+Excel+Version.xlsx;;NAO_BAIXADO;0;;2026-10-04 20:57:33;2026-10-06 03:21:12;;;0
2411;EXXONMOBIL;0000034088;PDF;.pdf;ExxonMobil+1Q26+Earnings+Transcript.pdf;;MANUAL;https://d1io3yog0oux5.cloudfront.net/_a430827547f64a498d7fc8f80494f171/exxonmobil/db/2288/22639/webcast_transcript/ExxonMobil+1Q26+Earnings+Transcript.pdf;;NAO_BAIXADO;0;;2026-10-04 20:57:33;2026-10-06 03:21:12;;;0
2574;EXXONMOBIL;0000034088;PDF;.pdf;ExxonMobil-1Q21-Earnings-Call-04302021-transcript.pdf;;MANUAL;https://d1io3yog0oux5.cloudfront.net/_a430827547f64a498d7fc8f80494f171/exxonmobil/db/2288/21370/webcast_transcript/ExxonMobil-1Q21-Earnings-Call-04302021-transcript.pdf;;NAO_BAIXADO;0;;2026-10-04 20:57:42;2026-10-06 03:21:05;;;0
2567;EXXONMOBIL;0000034088;PDF;.pdf;ExxonMobil-2Q21-Earnings-Call-07302021-transcript.pdf;;MANUAL;https://d1io3yog0oux5.cloudfront.net/_a430827547f64a498d7fc8f80494f171/exxonmobil/db/2288/21371/webcast_transcript/ExxonMobil-2Q21-Earnings-Call-07302021-transcript.pdf;;NAO_BAIXADO;0;;2026-10-04 20:57:42;2026-10-06 03:21:05;;;0
2560;EXXONMOBIL;0000034088;PDF;.pdf;ExxonMobil-3Q21-Earnings-Call-10292021-transcript.pdf;;MANUAL;https://d1io3yog0oux5.cloudfront.net/_a430827547f64a498d7fc8f80494f171/exxonmobil/db/2288/21372/webcast_transcript/ExxonMobil-3Q21-Earnings-Call-10292021-transcript.pdf;;NAO_BAIXADO;0;;2026-10-04 20:57:41;2026-10-06 03:21:06;;;0
2582;EXXONMOBIL;0000034088;PDF;.pdf;ExxonMobil-4Q20-Earnings-Call-02022021-transcript.pdf;;MANUAL;https://d1io3yog0oux5.cloudfront.net/_a430827547f64a498d7fc8f80494f171/exxonmobil/db/2288/21369/webcast_transcript/ExxonMobil-4Q20-Earnings-Call-02022021-transcript.pdf;;NAO_BAIXADO;0;;2026-10-04 20:57:43;2026-10-06 03:21:05;;;0
2552;EXXONMOBIL;0000034088;PDF;.pdf;ExxonMobil-4Q21-Earnings-Call-02012022-transcript.pdf;;MANUAL;https://d1io3yog0oux5.cloudfront.net/_a430827547f64a498d7fc8f80494f171/exxonmobil/db/2288/21373/webcast_transcript/ExxonMobil-4Q21-Earnings-Call-02012022-transcript.pdf;;NAO_BAIXADO;0;;2026-10-04 20:57:41;2026-10-06 03:21:06;;;0
2838;EXXONMOBIL;0000034088;HTML;.html;FORM 10-Q;;SEC:10-Q;https://www.sec.gov/Archives/edgar/data/34088/000003408826000093/xom-20260630.htm;;NAO_BAIXADO;0;;2026-10-05 21:43:44;2026-10-06 03:20:56;;;0
2501;EXXONMOBIL;0000034088;PDF;.pdf;XOM+2Q23+Earnings+Deck_Final.pdf;;MANUAL;https://d1io3yog0oux5.cloudfront.net/_a430827547f64a498d7fc8f80494f171/exxonmobil/db/2288/22123/presentation/XOM+2Q23+Earnings+Deck_Final.pdf;;NAO_BAIXADO;0;;2026-10-04 20:57:38;2026-10-06 03:21:08;;;0
2499;EXXONMOBIL;0000034088;PDF;.pdf;XOM+2Q23+Earnings+Press+Release+Website.pdf;;MANUAL;https://d1io3yog0oux5.cloudfront.net/_a430827547f64a498d7fc8f80494f171/exxonmobil/db/2288/22123/earnings_release/XOM+2Q23+Earnings+Press+Release+Website.pdf;;NAO_BAIXADO;0;;2026-10-04 20:57:38;2026-10-06 03:21:08;;;0
2495;EXXONMOBIL;0000034088;PDF;.pdf;XOM+3Q23+Earnings+-+Preliminary+Prepared+Remarks.pdf;;MANUAL;https://d1io3yog0oux5.cloudfront.net/_a430827547f64a498d7fc8f80494f171/exxonmobil/db/2404/22165/pdf/XOM+3Q23+Earnings+-+Preliminary+Prepared+Remarks.pdf;;NAO_BAIXADO;0;;2026-10-04 20:57:38;2026-10-06 03:21:08;;;0
2493;EXXONMOBIL;0000034088;PDF;.pdf;XOM+3Q23+Earnings+Deck_Final.pdf;;MANUAL;https://d1io3yog0oux5.cloudfront.net/_a430827547f64a498d7fc8f80494f171/exxonmobil/db/2288/22151/presentation/XOM+3Q23+Earnings+Deck_Final.pdf;;NAO_BAIXADO;0;;2026-10-04 20:57:38;2026-10-06 03:21:08;;;0
2491;EXXONMOBIL;0000034088;PDF;.pdf;XOM+3Q23+Earnings+Press+Release+Website.pdf;;MANUAL;https://d1io3yog0oux5.cloudfront.net/_a430827547f64a498d7fc8f80494f171/exxonmobil/db/2288/22151/earnings_release/XOM+3Q23+Earnings+Press+Release+Website.pdf;;NAO_BAIXADO;0;;2026-10-04 20:57:38;2026-10-06 03:21:08;;;0
2497;EXXONMOBIL;0000034088;PDF;.pdf;XOM+3Q23+Supplement+Website.pdf;;MANUAL;https://d1io3yog0oux5.cloudfront.net/_a430827547f64a498d7fc8f80494f171/exxonmobil/db/2288/22151/supplement/XOM+3Q23+Supplement+Website.pdf;;NAO_BAIXADO;0;;2026-10-04 20:57:38;2026-10-06 03:21:08;;;0
2546;EXXONMOBIL;0000034088;PDF;.pdf;earnings-prepared-remarks-1q.pdf;;MANUAL;https://d1io3yog0oux5.cloudfront.net/_a430827547f64a498d7fc8f80494f171/exxonmobil/db/2404/21978/pdf/earnings-prepared-remarks-1q.pdf;;NAO_BAIXADO;0;;2026-10-04 20:57:41;2026-10-06 03:21:06;;;0
2538;EXXONMOBIL;0000034088;PDF;.pdf;earnings-prepared-remarks-2q.pdf;;MANUAL;https://d1io3yog0oux5.cloudfront.net/_a430827547f64a498d7fc8f80494f171/exxonmobil/db/2404/22021/pdf/earnings-prepared-remarks-2q.pdf;;NAO_BAIXADO;0;;2026-10-04 20:57:40;2026-10-06 03:21:07;;;0
2530;EXXONMOBIL;0000034088;PDF;.pdf;earnings-prepared-remarks-3q.pdf;;MANUAL;https://d1io3yog0oux5.cloudfront.net/_a430827547f64a498d7fc8f80494f171/exxonmobil/db/2404/22022/pdf/earnings-prepared-remarks-3q.pdf;;NAO_BAIXADO;0;;2026-10-04 20:57:40;2026-10-06 03:21:06;;;0
2520;EXXONMOBIL;0000034088;PDF;.pdf;earnings-prepared-remarks-4q+%281%29.pdf;;MANUAL;https://d1io3yog0oux5.cloudfront.net/_a430827547f64a498d7fc8f80494f171/exxonmobil/db/2404/21720/pdf/earnings-prepared-remarks-4q+%281%29.pdf;;NAO_BAIXADO;0;;2026-10-04 20:57:39;2026-10-06 03:21:07;;;0
2544;EXXONMOBIL;0000034088;PDF;.pdf;earnings-presentation-1q.pdf;;MANUAL;https://d1io3yog0oux5.cloudfront.net/_a430827547f64a498d7fc8f80494f171/exxonmobil/db/2288/21374/presentation/earnings-presentation-1q.pdf;;NAO_BAIXADO;0;;2026-10-04 20:57:40;2026-10-06 03:21:07;;;0
2575;EXXONMOBIL;0000034088;PDF;.pdf;earnings-presentation-1q.pdf;;MANUAL;https://d1io3yog0oux5.cloudfront.net/_a430827547f64a498d7fc8f80494f171/exxonmobil/db/2288/21370/presentation/earnings-presentation-1q.pdf;;NAO_BAIXADO;0;;2026-10-04 20:57:42;2026-10-06 03:21:05;;;0
2602;EXXONMOBIL;0000034088;PDF;.pdf;earnings-presentation-1q.pdf;;MANUAL;https://d1io3yog0oux5.cloudfront.net/_a430827547f64a498d7fc8f80494f171/exxonmobil/db/2288/21366/presentation/earnings-presentation-1q.pdf;;NAO_BAIXADO;0;;2026-10-04 20:57:44;2026-10-06 03:21:04;;;0
2629;EXXONMOBIL;0000034088;PDF;.pdf;earnings-presentation-1q.pdf;;MANUAL;https://d1io3yog0oux5.cloudfront.net/_a430827547f64a498d7fc8f80494f171/exxonmobil/db/2288/21362/presentation/earnings-presentation-1q.pdf;;NAO_BAIXADO;0;;2026-10-04 20:57:46;2026-10-06 03:21:02;;;0
2536;EXXONMOBIL;0000034088;PDF;.pdf;earnings-presentation-2q.pdf;;MANUAL;https://d1io3yog0oux5.cloudfront.net/_a430827547f64a498d7fc8f80494f171/exxonmobil/db/2288/21375/presentation/earnings-presentation-2q.pdf;;NAO_BAIXADO;0;;2026-10-04 20:57:40;2026-10-06 03:21:07;;;0
2596;EXXONMOBIL;0000034088;PDF;.pdf;earnings-presentation-2q.pdf;;MANUAL;https://d1io3yog0oux5.cloudfront.net/_a430827547f64a498d7fc8f80494f171/exxonmobil/db/2288/21367/presentation/earnings-presentation-2q.pdf;;NAO_BAIXADO;0;;2026-10-04 20:57:44;2026-10-06 03:21:04;;;0
2623;EXXONMOBIL;0000034088;PDF;.pdf;earnings-presentation-2q.pdf;;MANUAL;https://d1io3yog0oux5.cloudfront.net/_a430827547f64a498d7fc8f80494f171/exxonmobil/db/2288/21363/presentation/earnings-presentation-2q.pdf;;NAO_BAIXADO;0;;2026-10-04 20:57:45;2026-10-06 03:21:04;;;0
2528;EXXONMOBIL;0000034088;PDF;.pdf;earnings-presentation-3q.pdf;;MANUAL;https://d1io3yog0oux5.cloudfront.net/_a430827547f64a498d7fc8f80494f171/exxonmobil/db/2288/21376/presentation/earnings-presentation-3q.pdf;;NAO_BAIXADO;0;;2026-10-04 20:57:39;2026-10-06 03:21:08;;;0
2561;EXXONMOBIL;0000034088;PDF;.pdf;earnings-presentation-3q.pdf;;MANUAL;https://d1io3yog0oux5.cloudfront.net/_a430827547f64a498d7fc8f80494f171/exxonmobil/db/2288/21372/presentation/earnings-presentation-3q.pdf;;NAO_BAIXADO;0;;2026-10-04 20:57:41;2026-10-06 03:21:06;;;0
2590;EXXONMOBIL;0000034088;PDF;.pdf;earnings-presentation-3q.pdf;;MANUAL;https://d1io3yog0oux5.cloudfront.net/_a430827547f64a498d7fc8f80494f171/exxonmobil/db/2288/21368/presentation/earnings-presentation-3q.pdf;;NAO_BAIXADO;0;;2026-10-04 20:57:43;2026-10-06 03:21:05;;;0
2617;EXXONMOBIL;0000034088;PDF;.pdf;earnings-presentation-3q.pdf;;MANUAL;https://d1io3yog0oux5.cloudfront.net/_a430827547f64a498d7fc8f80494f171/exxonmobil/db/2288/21364/presentation/earnings-presentation-3q.pdf;;NAO_BAIXADO;0;;2026-10-04 20:57:45;2026-10-06 03:21:03;;;0
2518;EXXONMOBIL;0000034088;PDF;.pdf;earnings-presentation-4q.pdf;;MANUAL;https://d1io3yog0oux5.cloudfront.net/_a430827547f64a498d7fc8f80494f171/exxonmobil/db/2288/21652/presentation/earnings-presentation-4q.pdf;;NAO_BAIXADO;0;;2026-10-04 20:57:39;2026-10-06 03:21:07;;;0
2553;EXXONMOBIL;0000034088;PDF;.pdf;earnings-presentation-4q.pdf;;MANUAL;https://d1io3yog0oux5.cloudfront.net/_a430827547f64a498d7fc8f80494f171/exxonmobil/db/2288/21373/presentation/earnings-presentation-4q.pdf;;NAO_BAIXADO;0;;2026-10-04 20:57:41;2026-10-06 03:21:06;;;0
2583;EXXONMOBIL;0000034088;PDF;.pdf;earnings-presentation-4q.pdf;;MANUAL;https://d1io3yog0oux5.cloudfront.net/_a430827547f64a498d7fc8f80494f171/exxonmobil/db/2288/21369/presentation/earnings-presentation-4q.pdf;;NAO_BAIXADO;0;;2026-10-04 20:57:43;2026-10-06 03:21:05;;;0
2609;EXXONMOBIL;0000034088;PDF;.pdf;earnings-presentation-4q.pdf;;MANUAL;https://d1io3yog0oux5.cloudfront.net/_a430827547f64a498d7fc8f80494f171/exxonmobil/db/2288/21365/presentation/earnings-presentation-4q.pdf;;NAO_BAIXADO;0;;2026-10-04 20:57:44;2026-10-06 03:21:05;;;0
2568;EXXONMOBIL;0000034088;PDF;.pdf;earnings-presentation-q2.pdf;;MANUAL;https://d1io3yog0oux5.cloudfront.net/_a430827547f64a498d7fc8f80494f171/exxonmobil/db/2288/21371/presentation/earnings-presentation-q2.pdf;;NAO_BAIXADO;0;;2026-10-04 20:57:42;2026-10-06 03:21:05;;;0
2548;EXXONMOBIL;0000034088;PDF;.pdf;earnings-supplement-1q-2.pdf;;MANUAL;https://d1io3yog0oux5.cloudfront.net/_a430827547f64a498d7fc8f80494f171/exxonmobil/db/2288/21374/supplement/earnings-supplement-1q-2.pdf;;NAO_BAIXADO;0;;2026-10-04 20:57:41;2026-10-06 03:21:06;;;0
2578;EXXONMOBIL;0000034088;PDF;.pdf;earnings-supplement-1q-2.pdf;;MANUAL;https://d1io3yog0oux5.cloudfront.net/_a430827547f64a498d7fc8f80494f171/exxonmobil/db/2288/21370/supplement/earnings-supplement-1q-2.pdf;;NAO_BAIXADO;0;;2026-10-04 20:57:42;2026-10-06 03:21:06;;;0
2605;EXXONMOBIL;0000034088;PDF;.pdf;earnings-supplement-1q-2.pdf;;MANUAL;https://d1io3yog0oux5.cloudfront.net/_a430827547f64a498d7fc8f80494f171/exxonmobil/db/2288/21366/supplement/earnings-supplement-1q-2.pdf;;NAO_BAIXADO;0;;2026-10-04 20:57:44;2026-10-06 03:21:04;;;0
2632;EXXONMOBIL;0000034088;PDF;.pdf;earnings-supplement-1q-2.pdf;;MANUAL;https://d1io3yog0oux5.cloudfront.net/_a430827547f64a498d7fc8f80494f171/exxonmobil/db/2288/21362/supplement/earnings-supplement-1q-2.pdf;;NAO_BAIXADO;0;;2026-10-04 20:57:46;2026-10-06 03:21:03;;;0
2540;EXXONMOBIL;0000034088;PDF;.pdf;earnings-supplement-2q-2.pdf;;MANUAL;https://d1io3yog0oux5.cloudfront.net/_a430827547f64a498d7fc8f80494f171/exxonmobil/db/2288/21375/supplement/earnings-supplement-2q-2.pdf;;NAO_BAIXADO;0;;2026-10-04 20:57:40;2026-10-06 03:21:07;;;0
2571;EXXONMOBIL;0000034088;PDF;.pdf;earnings-supplement-2q-2.pdf;;MANUAL;https://d1io3yog0oux5.cloudfront.net/_a430827547f64a498d7fc8f80494f171/exxonmobil/db/2288/21371/supplement/earnings-supplement-2q-2.pdf;;NAO_BAIXADO;0;;2026-10-04 20:57:42;2026-10-06 03:21:05;;;0
2599;EXXONMOBIL;0000034088;PDF;.pdf;earnings-supplement-2q-2.pdf;;MANUAL;https://d1io3yog0oux5.cloudfront.net/_a430827547f64a498d7fc8f80494f171/exxonmobil/db/2288/21367/supplement/earnings-supplement-2q-2.pdf;;NAO_BAIXADO;0;;2026-10-04 20:57:44;2026-10-06 03:21:04;;;0
2626;EXXONMOBIL;0000034088;PDF;.pdf;earnings-supplement-2q-2.pdf;;MANUAL;https://d1io3yog0oux5.cloudfront.net/_a430827547f64a498d7fc8f80494f171/exxonmobil/db/2288/21363/supplement/earnings-supplement-2q-2.pdf;;NAO_BAIXADO;0;;2026-10-04 20:57:46;2026-10-06 03:21:02;;;0
2532;EXXONMOBIL;0000034088;PDF;.pdf;earnings-supplement-3q-2.pdf;;MANUAL;https://d1io3yog0oux5.cloudfront.net/_a430827547f64a498d7fc8f80494f171/exxonmobil/db/2288/21376/supplement/earnings-supplement-3q-2.pdf;;NAO_BAIXADO;0;;2026-10-04 20:57:40;2026-10-06 03:21:06;;;0
2564;EXXONMOBIL;0000034088;PDF;.pdf;earnings-supplement-3q-2.pdf;;MANUAL;https://d1io3yog0oux5.cloudfront.net/_a430827547f64a498d7fc8f80494f171/exxonmobil/db/2288/21372/supplement/earnings-supplement-3q-2.pdf;;NAO_BAIXADO;0;;2026-10-04 20:57:42;2026-10-06 03:21:05;;;0
2593;EXXONMOBIL;0000034088;PDF;.pdf;earnings-supplement-3q-2.pdf;;MANUAL;https://d1io3yog0oux5.cloudfront.net/_a430827547f64a498d7fc8f80494f171/exxonmobil/db/2288/21368/supplement/earnings-supplement-3q-2.pdf;;NAO_BAIXADO;0;;2026-10-04 20:57:44;2026-10-06 03:21:04;;;0
2620;EXXONMOBIL;0000034088;PDF;.pdf;earnings-supplement-3q-2.pdf;;MANUAL;https://d1io3yog0oux5.cloudfront.net/_a430827547f64a498d7fc8f80494f171/exxonmobil/db/2288/21364/supplement/earnings-supplement-3q-2.pdf;;NAO_BAIXADO;0;;2026-10-04 20:57:45;2026-10-06 03:21:04;;;0
2524;EXXONMOBIL;0000034088;PDF;.pdf;earnings-supplement-4q-2.pdf;;MANUAL;https://d1io3yog0oux5.cloudfront.net/_a430827547f64a498d7fc8f80494f171/exxonmobil/db/2288/21652/supplement/earnings-supplement-4q-2.pdf;;NAO_BAIXADO;0;;2026-10-04 20:57:39;2026-10-06 03:21:07;;;0
2557;EXXONMOBIL;0000034088;PDF;.pdf;earnings-supplement-4q-2.pdf;;MANUAL;https://d1io3yog0oux5.cloudfront.net/_a430827547f64a498d7fc8f80494f171/exxonmobil/db/2288/21373/supplement/earnings-supplement-4q-2.pdf;;NAO_BAIXADO;0;;2026-10-04 20:57:41;2026-10-06 03:21:06;;;0
2587;EXXONMOBIL;0000034088;PDF;.pdf;earnings-supplement-4q-2.pdf;;MANUAL;https://d1io3yog0oux5.cloudfront.net/_a430827547f64a498d7fc8f80494f171/exxonmobil/db/2288/21369/supplement/earnings-supplement-4q-2.pdf;;NAO_BAIXADO;0;;2026-10-04 20:57:43;2026-10-06 03:21:05;;;0
2614;EXXONMOBIL;0000034088;PDF;.pdf;earnings-supplement-4q-2.pdf;;MANUAL;https://d1io3yog0oux5.cloudfront.net/_a430827547f64a498d7fc8f80494f171/exxonmobil/db/2288/21365/supplement/earnings-supplement-4q-2.pdf;;NAO_BAIXADO;0;;2026-10-04 20:57:45;2026-10-06 03:21:03;;;0
2549;EXXONMOBIL;0000034088;XLSX;.xlsx;earnings_supplement_1q_1.xlsx;;MANUAL;https://d1io3yog0oux5.cloudfront.net/_a430827547f64a498d7fc8f80494f171/exxonmobil/db/2288/21374/supplement_xlsx_/earnings_supplement_1q_1.xlsx;;NAO_BAIXADO;0;;2026-10-04 20:57:41;2026-10-06 03:21:06;;;0
2579;EXXONMOBIL;0000034088;XLSX;.xlsx;earnings_supplement_1q_1.xlsx;;MANUAL;https://d1io3yog0oux5.cloudfront.net/_a430827547f64a498d7fc8f80494f171/exxonmobil/db/2288/21370/supplement_xlsx_/earnings_supplement_1q_1.xlsx;;NAO_BAIXADO;0;;2026-10-04 20:57:43;2026-10-06 03:21:05;;;0
2606;EXXONMOBIL;0000034088;XLSX;.xlsx;earnings_supplement_1q_1.xlsx;;MANUAL;https://d1io3yog0oux5.cloudfront.net/_a430827547f64a498d7fc8f80494f171/exxonmobil/db/2288/21366/supplement_xlsx_/earnings_supplement_1q_1.xlsx;;NAO_BAIXADO;0;;2026-10-04 20:57:44;2026-10-06 03:21:04;;;0
2633;EXXONMOBIL;0000034088;XLSX;.xlsx;earnings_supplement_1q_1.xlsx;;MANUAL;https://d1io3yog0oux5.cloudfront.net/_a430827547f64a498d7fc8f80494f171/exxonmobil/db/2288/21362/supplement_xlsx_/earnings_supplement_1q_1.xlsx;;NAO_BAIXADO;0;;2026-10-04 20:57:46;2026-10-06 03:21:03;;;0
2541;EXXONMOBIL;0000034088;XLSX;.xlsx;earnings_supplement_2q_1.xlsx;;MANUAL;https://d1io3yog0oux5.cloudfront.net/_a430827547f64a498d7fc8f80494f171/exxonmobil/db/2288/21375/supplement_xlsx_/earnings_supplement_2q_1.xlsx;;NAO_BAIXADO;0;;2026-10-04 20:57:40;2026-10-06 03:21:07;;;0
2572;EXXONMOBIL;0000034088;XLSX;.xlsx;earnings_supplement_2q_1.xlsx;;MANUAL;https://d1io3yog0oux5.cloudfront.net/_a430827547f64a498d7fc8f80494f171/exxonmobil/db/2288/21371/supplement_xlsx_/earnings_supplement_2q_1.xlsx;;NAO_BAIXADO;0;;2026-10-04 20:57:42;2026-10-06 03:21:05;;;0
2600;EXXONMOBIL;0000034088;XLSX;.xlsx;earnings_supplement_2q_1.xlsx;;MANUAL;https://d1io3yog0oux5.cloudfront.net/_a430827547f64a498d7fc8f80494f171/exxonmobil/db/2288/21367/supplement_xlsx_/earnings_supplement_2q_1.xlsx;;NAO_BAIXADO;0;;2026-10-04 20:57:44;2026-10-06 03:21:04;;;0
2627;EXXONMOBIL;0000034088;XLSX;.xlsx;earnings_supplement_2q_1.xlsx;;MANUAL;https://d1io3yog0oux5.cloudfront.net/_a430827547f64a498d7fc8f80494f171/exxonmobil/db/2288/21363/supplement_xlsx_/earnings_supplement_2q_1.xlsx;;NAO_BAIXADO;0;;2026-10-04 20:57:46;2026-10-06 03:21:02;;;0
2533;EXXONMOBIL;0000034088;XLSX;.xlsx;earnings_supplement_3q_1.xlsx;;MANUAL;https://d1io3yog0oux5.cloudfront.net/_a430827547f64a498d7fc8f80494f171/exxonmobil/db/2288/21376/supplement_xlsx_/earnings_supplement_3q_1.xlsx;;NAO_BAIXADO;0;;2026-10-04 20:57:40;2026-10-06 03:21:06;;;0
2565;EXXONMOBIL;0000034088;XLSX;.xlsx;earnings_supplement_3q_1.xlsx;;MANUAL;https://d1io3yog0oux5.cloudfront.net/_a430827547f64a498d7fc8f80494f171/exxonmobil/db/2288/21372/supplement_xlsx_/earnings_supplement_3q_1.xlsx;;NAO_BAIXADO;0;;2026-10-04 20:57:42;2026-10-06 03:21:05;;;0
2594;EXXONMOBIL;0000034088;XLSX;.xlsx;earnings_supplement_3q_1.xlsx;;MANUAL;https://d1io3yog0oux5.cloudfront.net/_a430827547f64a498d7fc8f80494f171/exxonmobil/db/2288/21368/supplement_xlsx_/earnings_supplement_3q_1.xlsx;;NAO_BAIXADO;0;;2026-10-04 20:57:44;2026-10-06 03:21:04;;;0
2621;EXXONMOBIL;0000034088;XLSX;.xlsx;earnings_supplement_3q_1.xlsx;;MANUAL;https://d1io3yog0oux5.cloudfront.net/_a430827547f64a498d7fc8f80494f171/exxonmobil/db/2288/21364/supplement_xlsx_/earnings_supplement_3q_1.xlsx;;NAO_BAIXADO;0;;2026-10-04 20:57:45;2026-10-06 03:21:04;;;0
2525;EXXONMOBIL;0000034088;XLSX;.xlsx;earnings_supplement_4q_1.xlsx;;MANUAL;https://d1io3yog0oux5.cloudfront.net/_a430827547f64a498d7fc8f80494f171/exxonmobil/db/2288/21652/supplement_xlsx_/earnings_supplement_4q_1.xlsx;;NAO_BAIXADO;0;;2026-10-04 20:57:39;2026-10-06 03:21:07;;;0
2558;EXXONMOBIL;0000034088;XLSX;.xlsx;earnings_supplement_4q_1.xlsx;;MANUAL;https://d1io3yog0oux5.cloudfront.net/_a430827547f64a498d7fc8f80494f171/exxonmobil/db/2288/21373/supplement_xlsx_/earnings_supplement_4q_1.xlsx;;NAO_BAIXADO;0;;2026-10-04 20:57:41;2026-10-06 03:21:06;;;0
2588;EXXONMOBIL;0000034088;XLSX;.xlsx;earnings_supplement_4q_1.xlsx;;MANUAL;https://d1io3yog0oux5.cloudfront.net/_a430827547f64a498d7fc8f80494f171/exxonmobil/db/2288/21369/supplement_xlsx_/earnings_supplement_4q_1.xlsx;;NAO_BAIXADO;0;;2026-10-04 20:57:43;2026-10-06 03:21:05;;;0
2615;EXXONMOBIL;0000034088;XLSX;.xlsx;earnings_supplement_4q_1.xlsx;;MANUAL;https://d1io3yog0oux5.cloudfront.net/_a430827547f64a498d7fc8f80494f171/exxonmobil/db/2288/21365/supplement_xlsx_/earnings_supplement_4q_1.xlsx;;NAO_BAIXADO;0;;2026-10-04 20:57:45;2026-10-06 03:21:03;;;0
2764;EXXONMOBIL;0000034088;PDF;.pdf;news_presentation_1q14.pdf;;MANUAL;https://d1io3yog0oux5.cloudfront.net/_a430827547f64a498d7fc8f80494f171/exxonmobil/db/2288/21342/presentation/news_presentation_1q14.pdf;;NAO_BAIXADO;0;;2026-10-04 20:57:55;2026-10-06 03:20:57;;;0
2737;EXXONMOBIL;0000034088;PDF;.pdf;news_presentation_1q15.pdf;;MANUAL;https://d1io3yog0oux5.cloudfront.net/_a430827547f64a498d7fc8f80494f171/exxonmobil/db/2288/21346/presentation/news_presentation_1q15.pdf;;NAO_BAIXADO;0;;2026-10-04 20:57:53;2026-10-06 03:20:59;;;0
2710;EXXONMOBIL;0000034088;PDF;.pdf;news_presentation_1q16.pdf;;MANUAL;https://d1io3yog0oux5.cloudfront.net/_a430827547f64a498d7fc8f80494f171/exxonmobil/db/2288/21350/presentation/news_presentation_1q16.pdf;;NAO_BAIXADO;0;;2026-10-04 20:57:51;2026-10-06 03:21:00;;;0
2683;EXXONMOBIL;0000034088;PDF;.pdf;news_presentation_1q17.pdf;;MANUAL;https://d1io3yog0oux5.cloudfront.net/_a430827547f64a498d7fc8f80494f171/exxonmobil/db/2288/21354/presentation/news_presentation_1q17.pdf;;NAO_BAIXADO;0;;2026-10-04 20:57:50;2026-10-06 03:21:00;;;0
2656;EXXONMOBIL;0000034088;PDF;.pdf;news_presentation_1q18.pdf;;MANUAL;https://d1io3yog0oux5.cloudfront.net/_a430827547f64a498d7fc8f80494f171/exxonmobil/db/2288/21358/presentation/news_presentation_1q18.pdf;;NAO_BAIXADO;0;;2026-10-04 20:57:48;2026-10-06 03:21:01;;;0
2758;EXXONMOBIL;0000034088;PDF;.pdf;news_presentation_2q14.pdf;;MANUAL;https://d1io3yog0oux5.cloudfront.net/_a430827547f64a498d7fc8f80494f171/exxonmobil/db/2288/21343/presentation/news_presentation_2q14.pdf;;NAO_BAIXADO;0;;2026-10-04 20:57:55;2026-10-06 03:20:57;;;0
2731;EXXONMOBIL;0000034088;PDF;.pdf;news_presentation_2q15.pdf;;MANUAL;https://d1io3yog0oux5.cloudfront.net/_a430827547f64a498d7fc8f80494f171/exxonmobil/db/2288/21347/presentation/news_presentation_2q15.pdf;;NAO_BAIXADO;0;;2026-10-04 20:57:53;2026-10-06 03:20:58;;;0
2704;EXXONMOBIL;0000034088;PDF;.pdf;news_presentation_2q16.pdf;;MANUAL;https://d1io3yog0oux5.cloudfront.net/_a430827547f64a498d7fc8f80494f171/exxonmobil/db/2288/21351/presentation/news_presentation_2q16.pdf;;NAO_BAIXADO;0;;2026-10-04 20:57:51;2026-10-06 03:21:00;;;0
2677;EXXONMOBIL;0000034088;PDF;.pdf;news_presentation_2q17.pdf;;MANUAL;https://d1io3yog0oux5.cloudfront.net/_a430827547f64a498d7fc8f80494f171/exxonmobil/db/2288/21355/presentation/news_presentation_2q17.pdf;;NAO_BAIXADO;0;;2026-10-04 20:57:49;2026-10-06 03:21:01;;;0
2650;EXXONMOBIL;0000034088;PDF;.pdf;news_presentation_2q18.pdf;;MANUAL;https://d1io3yog0oux5.cloudfront.net/_a430827547f64a498d7fc8f80494f171/exxonmobil/db/2288/21359/presentation/news_presentation_2q18.pdf;;NAO_BAIXADO;0;;2026-10-04 20:57:47;2026-10-06 03:21:02;;;0
2752;EXXONMOBIL;0000034088;PDF;.pdf;news_presentation_3q14.pdf;;MANUAL;https://d1io3yog0oux5.cloudfront.net/_a430827547f64a498d7fc8f80494f171/exxonmobil/db/2288/21344/presentation/news_presentation_3q14.pdf;;NAO_BAIXADO;0;;2026-10-04 20:57:54;2026-10-06 03:20:58;;;0
2725;EXXONMOBIL;0000034088;PDF;.pdf;news_presentation_3q15v2.pdf;;MANUAL;https://d1io3yog0oux5.cloudfront.net/_a430827547f64a498d7fc8f80494f171/exxonmobil/db/2288/21348/presentation/news_presentation_3q15v2.pdf;;NAO_BAIXADO;0;;2026-10-04 20:57:52;2026-10-06 03:20:59;;;0
2698;EXXONMOBIL;0000034088;PDF;.pdf;news_presentation_3q16.pdf;;MANUAL;https://d1io3yog0oux5.cloudfront.net/_a430827547f64a498d7fc8f80494f171/exxonmobil/db/2288/21352/presentation/news_presentation_3q16.pdf;;NAO_BAIXADO;0;;2026-10-04 20:57:51;2026-10-06 03:20:59;;;0
2671;EXXONMOBIL;0000034088;PDF;.pdf;news_presentation_3q17.pdf;;MANUAL;https://d1io3yog0oux5.cloudfront.net/_a430827547f64a498d7fc8f80494f171/exxonmobil/db/2288/21356/presentation/news_presentation_3q17.pdf;;NAO_BAIXADO;0;;2026-10-04 20:57:49;2026-10-06 03:21:01;;;0
2644;EXXONMOBIL;0000034088;PDF;.pdf;news_presentation_3q18.pdf;;MANUAL;https://d1io3yog0oux5.cloudfront.net/_a430827547f64a498d7fc8f80494f171/exxonmobil/db/2288/21360/presentation/news_presentation_3q18.pdf;;NAO_BAIXADO;0;;2026-10-04 20:57:47;2026-10-06 03:21:02;;;0
2744;EXXONMOBIL;0000034088;PDF;.pdf;news_presentation_4q14.pdf;;MANUAL;https://d1io3yog0oux5.cloudfront.net/_a430827547f64a498d7fc8f80494f171/exxonmobil/db/2288/21345/presentation/news_presentation_4q14.pdf;;NAO_BAIXADO;0;;2026-10-04 20:57:54;2026-10-06 03:20:58;;;0
2717;EXXONMOBIL;0000034088;PDF;.pdf;news_presentation_4q15.pdf;;MANUAL;https://d1io3yog0oux5.cloudfront.net/_a430827547f64a498d7fc8f80494f171/exxonmobil/db/2288/21349/presentation/news_presentation_4q15.pdf;;NAO_BAIXADO;0;;2026-10-04 20:57:52;2026-10-06 03:20:59;;;0
2690;EXXONMOBIL;0000034088;PDF;.pdf;news_presentation_4q16.pdf;;MANUAL;https://d1io3yog0oux5.cloudfront.net/_a430827547f64a498d7fc8f80494f171/exxonmobil/db/2288/21353/presentation/news_presentation_4q16.pdf;;NAO_BAIXADO;0;;2026-10-04 20:57:50;2026-10-06 03:21:00;;;0
2663;EXXONMOBIL;0000034088;PDF;.pdf;news_presentation_4q17.pdf;;MANUAL;https://d1io3yog0oux5.cloudfront.net/_a430827547f64a498d7fc8f80494f171/exxonmobil/db/2288/21357/presentation/news_presentation_4q17.pdf;;NAO_BAIXADO;0;;2026-10-04 20:57:48;2026-10-06 03:21:02;;;0
2636;EXXONMOBIL;0000034088;PDF;.pdf;news_presentation_4q18.pdf;;MANUAL;https://d1io3yog0oux5.cloudfront.net/_a430827547f64a498d7fc8f80494f171/exxonmobil/db/2288/21361/presentation/news_presentation_4q18.pdf;;NAO_BAIXADO;0;;2026-10-04 20:57:46;2026-10-06 03:21:03;;;0
2736;EXXONMOBIL;0000034088;PDF;.pdf;news_release_earnings_1q15.pdf;;MANUAL;https://d1io3yog0oux5.cloudfront.net/_a430827547f64a498d7fc8f80494f171/exxonmobil/db/2288/21346/earnings_release/news_release_earnings_1q15.pdf;;NAO_BAIXADO;0;;2026-10-04 20:57:53;2026-10-06 03:20:59;;;0
2714;EXXONMOBIL;0000034088;XLSX;.xlsx;news_supp_earning_1q16_1.xlsx;;MANUAL;https://d1io3yog0oux5.cloudfront.net/_a430827547f64a498d7fc8f80494f171/exxonmobil/db/2288/21350/supplement_xlsx_/news_supp_earning_1q16_1.xlsx;;NAO_BAIXADO;0;;2026-10-04 20:57:52;2026-10-06 03:20:59;;;0
2767;EXXONMOBIL;0000034088;PDF;.pdf;news_supp_earnings_1q14-2.pdf;;MANUAL;https://d1io3yog0oux5.cloudfront.net/_a430827547f64a498d7fc8f80494f171/exxonmobil/db/2288/21342/supplement/news_supp_earnings_1q14-2.pdf;;NAO_BAIXADO;0;;2026-10-04 20:57:55;2026-10-06 03:20:58;;;0
2768;EXXONMOBIL;0000034088;XLSX;.xlsx;news_supp_earnings_1q14_1.xlsx;;MANUAL;https://d1io3yog0oux5.cloudfront.net/_a430827547f64a498d7fc8f80494f171/exxonmobil/db/2288/21342/supplement_xlsx_/news_supp_earnings_1q14_1.xlsx;;NAO_BAIXADO;0;;2026-10-04 20:57:55;2026-10-06 03:20:58;;;0
2741;EXXONMOBIL;0000034088;XLSX;.xlsx;news_supp_earnings_1q15_1.xlsx;;MANUAL;https://d1io3yog0oux5.cloudfront.net/_a430827547f64a498d7fc8f80494f171/exxonmobil/db/2288/21346/supplement_xlsx_/news_supp_earnings_1q15_1.xlsx;;NAO_BAIXADO;0;;2026-10-04 20:57:54;2026-10-06 03:20:58;;;0
2740;EXXONMOBIL;0000034088;PDF;.pdf;news_supp_earnings_1q15_2.pdf;;MANUAL;https://d1io3yog0oux5.cloudfront.net/_a430827547f64a498d7fc8f80494f171/exxonmobil/db/2288/21346/supplement/news_supp_earnings_1q15_2.pdf;;NAO_BAIXADO;0;;2026-10-04 20:57:53;2026-10-06 03:20:59;;;0
2713;EXXONMOBIL;0000034088;PDF;.pdf;news_supp_earnings_1q16_2.pdf;;MANUAL;https://d1io3yog0oux5.cloudfront.net/_a430827547f64a498d7fc8f80494f171/exxonmobil/db/2288/21350/supplement/news_supp_earnings_1q16_2.pdf;;NAO_BAIXADO;0;;2026-10-04 20:57:52;2026-10-06 03:20:59;;;0
2687;EXXONMOBIL;0000034088;XLSX;.xlsx;news_supp_earnings_1q17_1.xlsx;;MANUAL;https://d1io3yog0oux5.cloudfront.net/_a430827547f64a498d7fc8f80494f171/exxonmobil/db/2288/21354/supplement_xlsx_/news_supp_earnings_1q17_1.xlsx;;NAO_BAIXADO;0;;2026-10-04 20:57:50;2026-10-06 03:21:00;;;0
2686;EXXONMOBIL;0000034088;PDF;.pdf;news_supp_earnings_1q17_2.pdf;;MANUAL;https://d1io3yog0oux5.cloudfront.net/_a430827547f64a498d7fc8f80494f171/exxonmobil/db/2288/21354/supplement/news_supp_earnings_1q17_2.pdf;;NAO_BAIXADO;0;;2026-10-04 20:57:50;2026-10-06 03:21:00;;;0
2660;EXXONMOBIL;0000034088;XLSX;.xlsx;news_supp_earnings_1q18_1.xlsx;;MANUAL;https://d1io3yog0oux5.cloudfront.net/_a430827547f64a498d7fc8f80494f171/exxonmobil/db/2288/21358/supplement_xlsx_/news_supp_earnings_1q18_1.xlsx;;NAO_BAIXADO;0;;2026-10-04 20:57:48;2026-10-06 03:21:01;;;0
2659;EXXONMOBIL;0000034088;PDF;.pdf;news_supp_earnings_1q18_2.pdf;;MANUAL;https://d1io3yog0oux5.cloudfront.net/_a430827547f64a498d7fc8f80494f171/exxonmobil/db/2288/21358/supplement/news_supp_earnings_1q18_2.pdf;;NAO_BAIXADO;0;;2026-10-04 20:57:48;2026-10-06 03:21:01;;;0
2761;EXXONMOBIL;0000034088;PDF;.pdf;news_supp_earnings_2q14-2.pdf;;MANUAL;https://d1io3yog0oux5.cloudfront.net/_a430827547f64a498d7fc8f80494f171/exxonmobil/db/2288/21343/supplement/news_supp_earnings_2q14-2.pdf;;NAO_BAIXADO;0;;2026-10-04 20:57:55;2026-10-06 03:20:57;;;0
2762;EXXONMOBIL;0000034088;XLSX;.xlsx;news_supp_earnings_2q14_1.xlsx;;MANUAL;https://d1io3yog0oux5.cloudfront.net/_a430827547f64a498d7fc8f80494f171/exxonmobil/db/2288/21343/supplement_xlsx_/news_supp_earnings_2q14_1.xlsx;;NAO_BAIXADO;0;;2026-10-04 20:57:55;2026-10-06 03:20:57;;;0
2735;EXXONMOBIL;0000034088;XLSX;.xlsx;news_supp_earnings_2q15_1.xlsx;;MANUAL;https://d1io3yog0oux5.cloudfront.net/_a430827547f64a498d7fc8f80494f171/exxonmobil/db/2288/21347/supplement_xlsx_/news_supp_earnings_2q15_1.xlsx;;NAO_BAIXADO;0;;2026-10-04 20:57:53;2026-10-06 03:20:59;;;0
2734;EXXONMOBIL;0000034088;PDF;.pdf;news_supp_earnings_2q15_2.pdf;;MANUAL;https://d1io3yog0oux5.cloudfront.net/_a430827547f64a498d7fc8f80494f171/exxonmobil/db/2288/21347/supplement/news_supp_earnings_2q15_2.pdf;;NAO_BAIXADO;0;;2026-10-04 20:57:53;2026-10-06 03:20:59;;;0
2708;EXXONMOBIL;0000034088;XLSX;.xlsx;news_supp_earnings_2q16_1.xlsx;;MANUAL;https://d1io3yog0oux5.cloudfront.net/_a430827547f64a498d7fc8f80494f171/exxonmobil/db/2288/21351/supplement_xlsx_/news_supp_earnings_2q16_1.xlsx;;NAO_BAIXADO;0;;2026-10-04 20:57:51;2026-10-06 03:21:00;;;0
2707;EXXONMOBIL;0000034088;PDF;.pdf;news_supp_earnings_2q16_2.pdf;;MANUAL;https://d1io3yog0oux5.cloudfront.net/_a430827547f64a498d7fc8f80494f171/exxonmobil/db/2288/21351/supplement/news_supp_earnings_2q16_2.pdf;;NAO_BAIXADO;0;;2026-10-04 20:57:51;2026-10-06 03:21:00;;;0
2681;EXXONMOBIL;0000034088;XLSX;.xlsx;news_supp_earnings_2q17_1.xlsx;;MANUAL;https://d1io3yog0oux5.cloudfront.net/_a430827547f64a498d7fc8f80494f171/exxonmobil/db/2288/21355/supplement_xlsx_/news_supp_earnings_2q17_1.xlsx;;NAO_BAIXADO;0;;2026-10-04 20:57:49;2026-10-06 03:21:01;;;0
2680;EXXONMOBIL;0000034088;PDF;.pdf;news_supp_earnings_2q17_2.pdf;;MANUAL;https://d1io3yog0oux5.cloudfront.net/_a430827547f64a498d7fc8f80494f171/exxonmobil/db/2288/21355/supplement/news_supp_earnings_2q17_2.pdf;;NAO_BAIXADO;0;;2026-10-04 20:57:49;2026-10-06 03:21:01;;;0
2654;EXXONMOBIL;0000034088;XLSX;.xlsx;news_supp_earnings_2q18_1.xlsx;;MANUAL;https://d1io3yog0oux5.cloudfront.net/_a430827547f64a498d7fc8f80494f171/exxonmobil/db/2288/21359/supplement_xlsx_/news_supp_earnings_2q18_1.xlsx;;NAO_BAIXADO;0;;2026-10-04 20:57:47;2026-10-06 03:21:02;;;0
2653;EXXONMOBIL;0000034088;PDF;.pdf;news_supp_earnings_2q18_2.pdf;;MANUAL;https://d1io3yog0oux5.cloudfront.net/_a430827547f64a498d7fc8f80494f171/exxonmobil/db/2288/21359/supplement/news_supp_earnings_2q18_2.pdf;;NAO_BAIXADO;0;;2026-10-04 20:57:47;2026-10-06 03:21:02;;;0
2755;EXXONMOBIL;0000034088;PDF;.pdf;news_supp_earnings_3q14-2.pdf;;MANUAL;https://d1io3yog0oux5.cloudfront.net/_a430827547f64a498d7fc8f80494f171/exxonmobil/db/2288/21344/supplement/news_supp_earnings_3q14-2.pdf;;NAO_BAIXADO;0;;2026-10-04 20:57:54;2026-10-06 03:20:58;;;0
2756;EXXONMOBIL;0000034088;XLSX;.xlsx;news_supp_earnings_3q14_1.xlsx;;MANUAL;https://d1io3yog0oux5.cloudfront.net/_a430827547f64a498d7fc8f80494f171/exxonmobil/db/2288/21344/supplement_xlsx_/news_supp_earnings_3q14_1.xlsx;;NAO_BAIXADO;0;;2026-10-04 20:57:55;2026-10-06 03:20:57;;;0
2729;EXXONMOBIL;0000034088;XLSX;.xlsx;news_supp_earnings_3q15_1.xlsx;;MANUAL;https://d1io3yog0oux5.cloudfront.net/_a430827547f64a498d7fc8f80494f171/exxonmobil/db/2288/21348/supplement_xlsx_/news_supp_earnings_3q15_1.xlsx;;NAO_BAIXADO;0;;2026-10-04 20:57:53;2026-10-06 03:20:58;;;0
2728;EXXONMOBIL;0000034088;PDF;.pdf;news_supp_earnings_3q15_2.pdf;;MANUAL;https://d1io3yog0oux5.cloudfront.net/_a430827547f64a498d7fc8f80494f171/exxonmobil/db/2288/21348/supplement/news_supp_earnings_3q15_2.pdf;;NAO_BAIXADO;0;;2026-10-04 20:57:53;2026-10-06 03:20:58;;;0
2702;EXXONMOBIL;0000034088;XLSX;.xlsx;news_supp_earnings_3q16_1.xlsx;;MANUAL;https://d1io3yog0oux5.cloudfront.net/_a430827547f64a498d7fc8f80494f171/exxonmobil/db/2288/21352/supplement_xlsx_/news_supp_earnings_3q16_1.xlsx;;NAO_BAIXADO;0;;2026-10-04 20:57:51;2026-10-06 03:21:00;;;0
2701;EXXONMOBIL;0000034088;PDF;.pdf;news_supp_earnings_3q16_2.pdf;;MANUAL;https://d1io3yog0oux5.cloudfront.net/_a430827547f64a498d7fc8f80494f171/exxonmobil/db/2288/21352/supplement/news_supp_earnings_3q16_2.pdf;;NAO_BAIXADO;0;;2026-10-04 20:57:51;2026-10-06 03:21:00;;;0
2675;EXXONMOBIL;0000034088;XLSX;.xlsx;news_supp_earnings_3q17_1.xlsx;;MANUAL;https://d1io3yog0oux5.cloudfront.net/_a430827547f64a498d7fc8f80494f171/exxonmobil/db/2288/21356/supplement_xlsx_/news_supp_earnings_3q17_1.xlsx;;NAO_BAIXADO;0;;2026-10-04 20:57:49;2026-10-06 03:21:01;;;0
2674;EXXONMOBIL;0000034088;PDF;.pdf;news_supp_earnings_3q17_2.pdf;;MANUAL;https://d1io3yog0oux5.cloudfront.net/_a430827547f64a498d7fc8f80494f171/exxonmobil/db/2288/21356/supplement/news_supp_earnings_3q17_2.pdf;;NAO_BAIXADO;0;;2026-10-04 20:57:49;2026-10-06 03:21:01;;;0
2648;EXXONMOBIL;0000034088;XLSX;.xlsx;news_supp_earnings_3q18_1.xlsx;;MANUAL;https://d1io3yog0oux5.cloudfront.net/_a430827547f64a498d7fc8f80494f171/exxonmobil/db/2288/21360/supplement_xlsx_/news_supp_earnings_3q18_1.xlsx;;NAO_BAIXADO;0;;2026-10-04 20:57:47;2026-10-06 03:21:02;;;0
2647;EXXONMOBIL;0000034088;PDF;.pdf;news_supp_earnings_3q18_2.pdf;;MANUAL;https://d1io3yog0oux5.cloudfront.net/_a430827547f64a498d7fc8f80494f171/exxonmobil/db/2288/21360/supplement/news_supp_earnings_3q18_2.pdf;;NAO_BAIXADO;0;;2026-10-04 20:57:47;2026-10-06 03:21:02;;;0
2749;EXXONMOBIL;0000034088;PDF;.pdf;news_supp_earnings_4q14-2.pdf;;MANUAL;https://d1io3yog0oux5.cloudfront.net/_a430827547f64a498d7fc8f80494f171/exxonmobil/db/2288/21345/supplement/news_supp_earnings_4q14-2.pdf;;NAO_BAIXADO;0;;2026-10-04 20:57:54;2026-10-06 03:20:58;;;0
2750;EXXONMOBIL;0000034088;XLSX;.xlsx;news_supp_earnings_4q14_1.xlsx;;MANUAL;https://d1io3yog0oux5.cloudfront.net/_a430827547f64a498d7fc8f80494f171/exxonmobil/db/2288/21345/supplement_xlsx_/news_supp_earnings_4q14_1.xlsx;;NAO_BAIXADO;0;;2026-10-04 20:57:54;2026-10-06 03:20:58;;;0
2723;EXXONMOBIL;0000034088;XLSX;.xlsx;news_supp_earnings_4q15_1.xlsx;;MANUAL;https://d1io3yog0oux5.cloudfront.net/_a430827547f64a498d7fc8f80494f171/exxonmobil/db/2288/21349/supplement_xlsx_/news_supp_earnings_4q15_1.xlsx;;NAO_BAIXADO;0;;2026-10-04 20:57:52;2026-10-06 03:20:59;;;0
2722;EXXONMOBIL;0000034088;PDF;.pdf;news_supp_earnings_4q15_2.pdf;;MANUAL;https://d1io3yog0oux5.cloudfront.net/_a430827547f64a498d7fc8f80494f171/exxonmobil/db/2288/21349/supplement/news_supp_earnings_4q15_2.pdf;;NAO_BAIXADO;0;;2026-10-04 20:57:52;2026-10-06 03:20:59;;;0
2696;EXXONMOBIL;0000034088;XLSX;.xlsx;news_supp_earnings_4q16_1.xlsx;;MANUAL;https://d1io3yog0oux5.cloudfront.net/_a430827547f64a498d7fc8f80494f171/exxonmobil/db/2288/21353/supplement_xlsx_/news_supp_earnings_4q16_1.xlsx;;NAO_BAIXADO;0;;2026-10-04 20:57:50;2026-10-06 03:21:00;;;0
2695;EXXONMOBIL;0000034088;PDF;.pdf;news_supp_earnings_4q16_2.pdf;;MANUAL;https://d1io3yog0oux5.cloudfront.net/_a430827547f64a498d7fc8f80494f171/exxonmobil/db/2288/21353/supplement/news_supp_earnings_4q16_2.pdf;;NAO_BAIXADO;0;;2026-10-04 20:57:50;2026-10-06 03:21:00;;;0
2669;EXXONMOBIL;0000034088;XLSX;.xlsx;news_supp_earnings_4q17_1.xlsx;;MANUAL;https://d1io3yog0oux5.cloudfront.net/_a430827547f64a498d7fc8f80494f171/exxonmobil/db/2288/21357/supplement_xlsx_/news_supp_earnings_4q17_1.xlsx;;NAO_BAIXADO;0;;2026-10-04 20:57:49;2026-10-06 03:21:00;;;0
2668;EXXONMOBIL;0000034088;PDF;.pdf;news_supp_earnings_4q17_2.pdf;;MANUAL;https://d1io3yog0oux5.cloudfront.net/_a430827547f64a498d7fc8f80494f171/exxonmobil/db/2288/21357/supplement/news_supp_earnings_4q17_2.pdf;;NAO_BAIXADO;0;;2026-10-04 20:57:48;2026-10-06 03:21:02;;;0
2642;EXXONMOBIL;0000034088;XLSX;.xlsx;news_supp_earnings_4q18_1.xlsx;;MANUAL;https://d1io3yog0oux5.cloudfront.net/_a430827547f64a498d7fc8f80494f171/exxonmobil/db/2288/21361/supplement_xlsx_/news_supp_earnings_4q18_1.xlsx;;NAO_BAIXADO;0;;2026-10-04 20:57:46;2026-10-06 03:21:03;;;0
2641;EXXONMOBIL;0000034088;PDF;.pdf;news_supp_earnings_4q18_2.pdf;;MANUAL;https://d1io3yog0oux5.cloudfront.net/_a430827547f64a498d7fc8f80494f171/exxonmobil/db/2288/21361/supplement/news_supp_earnings_4q18_2.pdf;;NAO_BAIXADO;0;;2026-10-04 20:57:46;2026-10-06 03:21:03;;;0
2523;EXXONMOBIL;0000034088;PDF;.pdf;product-solutions-disclosure_%281%29.pdf;;MANUAL;https://d1io3yog0oux5.cloudfront.net/_a430827547f64a498d7fc8f80494f171/exxonmobil/db/2289/22056/file/product-solutions-disclosure_%281%29.pdf;;NAO_BAIXADO;0;;2026-10-04 20:57:39;2026-10-06 03:21:07;;;0
2771;EXXONMOBIL;0000034088;HTML;.html;xom;;MANUAL;https://investidor10.com.br/stocks/xom;;NAO_BAIXADO;0;;2026-10-04 20:58:24;2026-10-06 03:20:57;;;0
2023;EXXONMOBIL;0000034088;PDF;.pdf;0000034088-26-000045.pdf;C:\Users\diego\Downloads\CASE_DESEMPENHO\03_Conteiner\EXXONMOBIL\2025_4T;MANUAL;https://corporate.exxonmobil.com/investors/investor-resources/quarterly-earnings;2dde67635a39370b66c4a6e6f4d6ee0e940d4a9f161b2089f1812353083d078b;NAO_PROCESSADO;0;;2026-10-04 20:54:32;2026-10-06 03:21:25;PDF pulado: sem sinal e 12809KB;C:\Users\diego\Downloads\CASE_DESEMPENHO\03_Conteiner\EXXONMOBIL\2025_4T\0000034088-26-000045.pdf;0
2031;EXXONMOBIL;0000034088;PDF;.pdf;1Q26 Earnings Prepared Remarks.pdf;C:\Users\diego\Downloads\CASE_DESEMPENHO\03_Conteiner\EXXONMOBIL\2026_1T;MANUAL;https://corporate.exxonmobil.com/investors/investor-resources/quarterly-earnings;929b6b75b6170997c2f9f28cf2cd37077952d90bca7fe6a3bf93d6be7ec826d0;NAO_PROCESSADO;0;2341;2026-10-04 20:54:33;2026-10-06 03:20:56;PDF pulado: narrativo ('remarks');C:\Users\diego\Downloads\CASE_DESEMPENHO\03_Conteiner\EXXONMOBIL\2026_1T\1Q26 Earnings Prepared Remarks.pdf;0
2032;EXXONMOBIL;0000034088;PDF;.pdf;1Q26 Earnings presentation.pdf;C:\Users\diego\Downloads\CASE_DESEMPENHO\03_Conteiner\EXXONMOBIL\2026_1T;MANUAL;https://corporate.exxonmobil.com/investors/investor-resources/quarterly-earnings;a66beb6d089ad9ae275a0c04f5fbc1caad477f0b0d9a7558b8f6bce3f49ac2d3;NAO_PROCESSADO;0;;2026-10-04 20:54:33;2026-10-06 03:20:56;PDF pulado: narrativo ('presentation');C:\Users\diego\Downloads\CASE_DESEMPENHO\03_Conteiner\EXXONMOBIL\2026_1T\1Q26 Earnings presentation.pdf;0
2039;EXXONMOBIL;0000034088;PDF;.pdf;2Q26 Earnings presentation slides.pdf;C:\Users\diego\Downloads\CASE_DESEMPENHO\03_Conteiner\EXXONMOBIL\2026_2T;MANUAL;https://corporate.exxonmobil.com/investors/investor-resources/quarterly-earnings;c4824148b2b3f02d6feeac6d59d14cd5c5c43ffde9b6fcba8c4a6e7a8297e5b3;NAO_PROCESSADO;0;;2026-10-04 20:54:33;2026-10-06 03:20:56;PDF pulado: narrativo ('presentation');C:\Users\diego\Downloads\CASE_DESEMPENHO\03_Conteiner\EXXONMOBIL\2026_2T\2Q26 Earnings presentation slides.pdf;0
2041;EXXONMOBIL;0000034088;PDF;.pdf;2Q26 ExxonMobil Earnings Call Transcript.pdf;C:\Users\diego\Downloads\CASE_DESEMPENHO\03_Conteiner\EXXONMOBIL\2026_2T;MANUAL;https://corporate.exxonmobil.com/investors/investor-resources/quarterly-earnings;52ae1a3badaa6a682d4612160aa110a2b3dc2fb88891ad20de48cda2689ef26b;NAO_PROCESSADO;0;;2026-10-04 20:54:33;2026-10-06 03:20:56;PDF pulado: narrativo ('earnings call');C:\Users\diego\Downloads\CASE_DESEMPENHO\03_Conteiner\EXXONMOBIL\2026_2T\2Q26 ExxonMobil Earnings Call Transcript.pdf;0
2042;EXXONMOBIL;0000034088;PDF;.pdf;2Q26 Prepared Remarks.pdf;C:\Users\diego\Downloads\CASE_DESEMPENHO\03_Conteiner\EXXONMOBIL\2026_2T;MANUAL;https://corporate.exxonmobil.com/investors/investor-resources/quarterly-earnings;bb7807139954ef03c6dc7fd65d0f9f4bd25001672c315d734ade0ab3c6739606;NAO_PROCESSADO;0;199;2026-10-04 20:54:33;2026-10-06 03:21:25;PDF pulado: narrativo ('remarks');C:\Users\diego\Downloads\CASE_DESEMPENHO\03_Conteiner\EXXONMOBIL\2026_2T\2Q26 Prepared Remarks.pdf;0
2025;EXXONMOBIL;0000034088;PDF;.pdf;4Q25 Earnings Slides.pdf;C:\Users\diego\Downloads\CASE_DESEMPENHO\03_Conteiner\EXXONMOBIL\2025_4T;MANUAL;https://corporate.exxonmobil.com/investors/investor-resources/quarterly-earnings;bff59d533e825e0bb8ba211fbca37a76255106c752b69a3822f474da18ca9c30;NAO_PROCESSADO;0;;2026-10-04 20:54:32;2026-10-06 03:20:56;PDF pulado: narrativo ('slides');C:\Users\diego\Downloads\CASE_DESEMPENHO\03_Conteiner\EXXONMOBIL\2025_4T\4Q25 Earnings Slides.pdf;0
2026;EXXONMOBIL;0000034088;PDF;.pdf;4Q25 Earnings Transcript.pdf;C:\Users\diego\Downloads\CASE_DESEMPENHO\03_Conteiner\EXXONMOBIL\2025_4T;MANUAL;https://corporate.exxonmobil.com/investors/investor-resources/quarterly-earnings;648abe596ead38304794a00c2d574e2711a40d1e20a85e2c09e39dfc73c0bf67;NAO_PROCESSADO;0;;2026-10-04 20:54:32;2026-10-06 03:20:56;PDF pulado: narrativo ('transcript');C:\Users\diego\Downloads\CASE_DESEMPENHO\03_Conteiner\EXXONMOBIL\2025_4T\4Q25 Earnings Transcript.pdf;0
2027;EXXONMOBIL;0000034088;PDF;.pdf;4Q25 Prepared Remarks.pdf;C:\Users\diego\Downloads\CASE_DESEMPENHO\03_Conteiner\EXXONMOBIL\2025_4T;MANUAL;https://corporate.exxonmobil.com/investors/investor-resources/quarterly-earnings;10044adff9632f9f3b7a5c9424e807dc4d5c3c6b5201db5e5195a374d187d5f6;NAO_PROCESSADO;0;1530;2026-10-04 20:54:32;2026-10-06 03:21:25;PDF pulado: narrativo ('remarks');C:\Users\diego\Downloads\CASE_DESEMPENHO\03_Conteiner\EXXONMOBIL\2025_4T\4Q25 Prepared Remarks.pdf;0
2037;EXXONMOBIL;0000034088;PDF;.pdf;ExxonMobil 1Q26 Earnings Transcript.pdf;C:\Users\diego\Downloads\CASE_DESEMPENHO\03_Conteiner\EXXONMOBIL\2026_1T;MANUAL;https://corporate.exxonmobil.com/investors/investor-resources/quarterly-earnings;3627397c83c421fedd489189492df38f10d6a430c46c3602897e577548613b4f;NAO_PROCESSADO;0;;2026-10-04 20:54:33;2026-10-06 03:20:56;PDF pulado: narrativo ('transcript');C:\Users\diego\Downloads\CASE_DESEMPENHO\03_Conteiner\EXXONMOBIL\2026_1T\ExxonMobil 1Q26 Earnings Transcript.pdf;0
2033;EXXONMOBIL;0000034088;PDF;.pdf;1Q26 Earnings Press Release Website.pdf;C:\Users\diego\Downloads\CASE_DESEMPENHO\03_Conteiner\EXXONMOBIL\2026_1T;MANUAL;https://corporate.exxonmobil.com/investors/investor-resources/quarterly-earnings;5ffec3dc9ff076b3a1475ddfc36e4ee678842b5611600371a9c208b86c90cec7;PROCESSADO;4;4976;2026-10-04 20:54:33;2026-10-06 03:22:44;;C:\Users\diego\Downloads\CASE_DESEMPENHO\03_Conteiner\EXXONMOBIL\2026_1T\1Q26 Earnings Press Release Website.pdf;1
2040;EXXONMOBIL;0000034088;PDF;.pdf;2Q26 Earnings Release Website.pdf;C:\Users\diego\Downloads\CASE_DESEMPENHO\03_Conteiner\EXXONMOBIL\2026_2T;MANUAL;https://corporate.exxonmobil.com/investors/investor-resources/quarterly-earnings;aea0740defb6daf077173b4471b8d3ca65c08fc8aed9c1caf5ecab98037b58d6;PROCESSADO;2;189;2026-10-04 20:54:33;2026-10-06 03:22:44;;C:\Users\diego\Downloads\CASE_DESEMPENHO\03_Conteiner\EXXONMOBIL\2026_2T\2Q26 Earnings Release Website.pdf;1
2024;EXXONMOBIL;0000034088;PDF;.pdf;4Q25 Earnings Press Release Website.pdf;C:\Users\diego\Downloads\CASE_DESEMPENHO\03_Conteiner\EXXONMOBIL\2025_4T;MANUAL;https://corporate.exxonmobil.com/investors/investor-resources/quarterly-earnings;509de03504f9185a4c496b1821217211cd88d24c8bb81c42359410a15447579d;PROCESSADO;2;175;2026-10-04 20:54:32;2026-10-06 03:22:43;;C:\Users\diego\Downloads\CASE_DESEMPENHO\03_Conteiner\EXXONMOBIL\2025_4T\4Q25 Earnings Press Release Website.pdf;2
2045;EXXONMOBIL;0000034088;XLSX;.xlsx;Earning Release Supplement Data - Excel Version.xlsx;C:\Users\diego\Downloads\CASE_DESEMPENHO\03_Conteiner\EXXONMOBIL\2026_2T;MANUAL;https://corporate.exxonmobil.com/investors/investor-resources/quarterly-earnings;f6fdfe7277bc0addb08580fae7e3d2456bbfa7e7469d485fd40ad31f9d0a8cb8;PROCESSADO;8;155;2026-10-04 20:54:34;2026-10-06 03:22:44;;C:\Users\diego\Downloads\CASE_DESEMPENHO\03_Conteiner\EXXONMOBIL\2026_2T\Earning Release Supplement Data - Excel Version.xlsx;4
2038;EXXONMOBIL;0000034088;PDF;.pdf;0000034088-26-000093.pdf;C:\Users\diego\Downloads\CASE_DESEMPENHO\03_Conteiner\EXXONMOBIL\2026_2T;MANUAL;https://corporate.exxonmobil.com/investors/investor-resources/quarterly-earnings;e4e3d85f0505d17ddd34e71595a780fb906074dc084baa0cd9f4ab5aa555b265;SEM_DADOS;0;3065;2026-10-04 20:54:33;2026-10-06 03:22:53;parser nao extraiu nenhuma linha numerica deste documento;C:\Users\diego\Downloads\CASE_DESEMPENHO\03_Conteiner\EXXONMOBIL\2026_2T\0000034088-26-000093.pdf;0
2034;EXXONMOBIL;0000034088;PDF;.pdf;1Q26 Supplement Website.pdf;C:\Users\diego\Downloads\CASE_DESEMPENHO\03_Conteiner\EXXONMOBIL\2026_1T;MANUAL;https://corporate.exxonmobil.com/investors/investor-resources/quarterly-earnings;c2a87b1da223f62daa6ebb9d76f7686accd6e9c50aaacfeaf6efa56c36789f3a;SEM_DADOS;0;579;2026-10-04 20:54:33;2026-10-06 03:22:44;parser nao extraiu nenhuma linha numerica deste documento;C:\Users\diego\Downloads\CASE_DESEMPENHO\03_Conteiner\EXXONMOBIL\2026_1T\1Q26 Supplement Website.pdf;0
2035;EXXONMOBIL;0000034088;XLSX;.xlsx;1Q26 Supplement Website.xlsx;C:\Users\diego\Downloads\CASE_DESEMPENHO\03_Conteiner\EXXONMOBIL\2026_1T;MANUAL;https://corporate.exxonmobil.com/investors/investor-resources/quarterly-earnings;262935624fe53d679b05957cd77e7e77b3a5716d27f9e3bc1086a956a0a12264;SEM_DADOS;0;33;2026-10-04 20:54:33;2026-10-06 03:22:44;parser nao extraiu nenhuma linha numerica deste documento;C:\Users\diego\Downloads\CASE_DESEMPENHO\03_Conteiner\EXXONMOBIL\2026_1T\1Q26 Supplement Website.xlsx;0
2043;EXXONMOBIL;0000034088;PDF;.pdf;2Q26 Supplement Data.pdf;C:\Users\diego\Downloads\CASE_DESEMPENHO\03_Conteiner\EXXONMOBIL\2026_2T;MANUAL;https://corporate.exxonmobil.com/investors/investor-resources/quarterly-earnings;fbfa8de4b3c43e9539564ae69de238f53107e50ee75cff2bd6ed1f0a4df43425;SEM_DADOS;0;33167;2026-10-04 20:54:33;2026-10-06 03:22:44;parser nao extraiu nenhuma linha numerica deste documento;C:\Users\diego\Downloads\CASE_DESEMPENHO\03_Conteiner\EXXONMOBIL\2026_2T\2Q26 Supplement Data.pdf;0
2028;EXXONMOBIL;0000034088;PDF;.pdf;4Q25 Supplement Website.pdf;C:\Users\diego\Downloads\CASE_DESEMPENHO\03_Conteiner\EXXONMOBIL\2025_4T;MANUAL;https://corporate.exxonmobil.com/investors/investor-resources/quarterly-earnings;f577b5c16964de7b86a4b5ccd248e897e8ae8be31d0c84dba787c038f71deb97;SEM_DADOS;0;1402;2026-10-04 20:54:32;2026-10-06 03:22:43;parser nao extraiu nenhuma linha numerica deste documento;C:\Users\diego\Downloads\CASE_DESEMPENHO\03_Conteiner\EXXONMOBIL\2025_4T\4Q25 Supplement Website.pdf;0
2029;EXXONMOBIL;0000034088;XLSX;.xlsx;4Q25 Supplement Website.xlsx;C:\Users\diego\Downloads\CASE_DESEMPENHO\03_Conteiner\EXXONMOBIL\2025_4T;MANUAL;https://corporate.exxonmobil.com/investors/investor-resources/quarterly-earnings;48c9e3a0facf35eaeeb43389a8afa2c6507358d9f823136730a042be2db4c639;SEM_DADOS;0;46;2026-10-04 20:54:32;2026-10-06 03:22:43;parser nao extraiu nenhuma linha numerica deste documento;C:\Users\diego\Downloads\CASE_DESEMPENHO\03_Conteiner\EXXONMOBIL\2025_4T\4Q25 Supplement Website.xlsx;0
2030;EXXONMOBIL;0000034088;PDF;.pdf;Cautionary Statement.pdf;C:\Users\diego\Downloads\CASE_DESEMPENHO\03_Conteiner\EXXONMOBIL\2025_4T;MANUAL;https://corporate.exxonmobil.com/investors/investor-resources/quarterly-earnings;28fd18d70e0221068ef7b79bf15da2385ce04f7181bb6a2e08b81b4e8f6539d5;SEM_DADOS;0;2129;2026-10-04 20:54:32;2026-10-06 03:22:53;parser nao extraiu nenhuma linha numerica deste documento;C:\Users\diego\Downloads\CASE_DESEMPENHO\03_Conteiner\EXXONMOBIL\2025_4T\Cautionary Statement.pdf;0
2036;EXXONMOBIL;0000034088;PDF;.pdf;Cautionary Statement.pdf;C:\Users\diego\Downloads\CASE_DESEMPENHO\03_Conteiner\EXXONMOBIL\2026_1T;MANUAL;https://corporate.exxonmobil.com/investors/investor-resources/quarterly-earnings;aa5f3c340c7d811dee0ce9b54b279139e13468ed7a125215a5d6d332084aa5c8;SEM_DADOS;0;2209;2026-10-04 20:54:33;2026-10-06 03:22:53;parser nao extraiu nenhuma linha numerica deste documento;C:\Users\diego\Downloads\CASE_DESEMPENHO\03_Conteiner\EXXONMOBIL\2026_1T\Cautionary Statement.pdf;0
2044;EXXONMOBIL;0000034088;PDF;.pdf;Cautionary statement.pdf;C:\Users\diego\Downloads\CASE_DESEMPENHO\03_Conteiner\EXXONMOBIL\2026_2T;MANUAL;https://corporate.exxonmobil.com/investors/investor-resources/quarterly-earnings;865782986e39d5c3fe27c309e7e12003c91b1f3dd8d29633922f59c1ecf58dd8;SEM_DADOS;0;1888;2026-10-04 20:54:34;2026-10-06 03:22:53;parser nao extraiu nenhuma linha numerica deste documento;C:\Users\diego\Downloads\CASE_DESEMPENHO\03_Conteiner\EXXONMOBIL\2026_2T\Cautionary statement.pdf;0
2810;PETROBRAS;0001119639;HTML;.html;6-K;;SEC:6-K;https://www.sec.gov/Archives/edgar/data/1119639/000129281426004768/pbr20260930_6k1.htm;;NAO_BAIXADO;0;;2026-10-05 21:12:37;2026-10-06 03:20:57;;;0
2811;PETROBRAS;0001119639;HTML;.html;6-K;;SEC:6-K;https://www.sec.gov/Archives/edgar/data/1119639/000129281426004760/pbr20260930_6k.htm;;NAO_BAIXADO;0;;2026-10-05 21:12:37;2026-10-06 03:20:57;;;0
2812;PETROBRAS;0001119639;HTML;.html;6-K;;SEC:6-K;https://www.sec.gov/Archives/edgar/data/1119639/000129281426004234/pbr20260813_6k.htm;;NAO_BAIXADO;0;;2026-10-05 21:12:37;2026-10-06 03:20:57;;;0
2813;PETROBRAS;0001119639;HTML;.html;6-K;;SEC:6-K;https://www.sec.gov/Archives/edgar/data/1119639/000129281426004133/pbrfs2q26usd_6k.htm;;NAO_BAIXADO;0;;2026-10-05 21:12:37;2026-10-06 03:20:57;;;0
2814;PETROBRAS;0001119639;HTML;.html;6-K;;SEC:6-K;https://www.sec.gov/Archives/edgar/data/1119639/000129281426004131/pbrfs2q26rs_6k.htm;;NAO_BAIXADO;0;;2026-10-05 21:12:37;2026-10-06 03:20:57;;;0
2815;PETROBRAS;0001119639;HTML;.html;6-K;;SEC:6-K;https://www.sec.gov/Archives/edgar/data/1119639/000129281426004129/pbrrmf2q26usd_6k.htm;;NAO_BAIXADO;0;;2026-10-05 21:12:37;2026-10-06 03:20:57;;;0
2816;PETROBRAS;0001119639;HTML;.html;6-K;;SEC:6-K;https://www.sec.gov/Archives/edgar/data/1119639/000129281426004128/pbr20260806_6k1.htm;;NAO_BAIXADO;0;;2026-10-05 21:12:37;2026-10-06 03:20:57;;;0
2817;PETROBRAS;0001119639;HTML;.html;6-K;;SEC:6-K;https://www.sec.gov/Archives/edgar/data/1119639/000129281426003948/pbr20260728_6k.htm;;NAO_BAIXADO;0;;2026-10-05 21:12:37;2026-10-06 03:20:57;;;0
2818;PETROBRAS;0001119639;HTML;.html;6-K;;SEC:6-K;https://www.sec.gov/Archives/edgar/data/1119639/000129281426003640/pbr20260630_6k.htm;;NAO_BAIXADO;0;;2026-10-05 21:12:37;2026-10-06 03:20:57;;;0
2116;PETROBRAS;0001119639;JSON;.json;CIK0001119639.json;;MANUAL;https://data.sec.gov/api/xbrl/companyfacts/CIK0001119639.json;;NAO_BAIXADO;0;;2026-10-04 20:56:53;2026-10-06 03:21:24;;;12
2772;PETROBRAS;0001119639;HTML;.html;pbr;;MANUAL;https://investidor10.com.br/stocks/pbr;;NAO_BAIXADO;0;;2026-10-04 20:58:30;2026-10-06 03:20:57;;;0
2108;PETROBRAS;0001119639;DOC;.doc;pbrform20f_2024.htm;;MANUAL;https://www.sec.gov/Archives/edgar/data/1119639/000129281425001352/pbrform20f_2024.htm;;NAO_BAIXADO;0;;2026-10-04 20:56:48;2026-10-06 03:21:24;;;0
2786;PETROBRAS;0001119639;PDF;.pdf;Transcrição 1T25.pdf;C:\Users\diego\Downloads\CASE_DESEMPENHO\03_Conteiner\PETROBRAS\2025_1T;CONTAINER;https://www.investidorpetrobras.com.br/resultados-e-comunicados/relatorios-trimestrais;261775ce5867eea2f6c41962aaa874c901b2e10102e5ef71d9ae9f553f915310;NAO_PROCESSADO;0;1784;2026-10-05 15:32:54;2026-10-06 03:21:25;PDF pulado: narrativo ('transcricao');C:\Users\diego\Downloads\CASE_DESEMPENHO\03_Conteiner\PETROBRAS\2025_1T\Transcrição 1T25.pdf;0
2796;PETROBRAS;0001119639;PDF;.pdf;Transcrição 2T25.pdf;C:\Users\diego\Downloads\CASE_DESEMPENHO\03_Conteiner\PETROBRAS\2025_2T;CONTAINER;https://www.investidorpetrobras.com.br/resultados-e-comunicados/relatorios-trimestrais;ffe0f67e8f8af89948cabdacb3ed235fecc785c3bec97fc7c71a7a603177aa4c;NAO_PROCESSADO;0;2410;2026-10-05 15:32:56;2026-10-06 03:21:25;PDF pulado: narrativo ('transcricao');C:\Users\diego\Downloads\CASE_DESEMPENHO\03_Conteiner\PETROBRAS\2025_2T\Transcrição 2T25.pdf;0
2063;PETROBRAS;0001119639;PDF;.pdf;Transcrição Webcast 1T26.pdf;C:\Users\diego\Downloads\CASE_DESEMPENHO\03_Conteiner\PETROBRAS\2026_1T;MANUAL;https://www.investidorpetrobras.com.br/resultados-e-comunicados/relatorios-trimestrais;cb2020548161f3d973210cb0041fa7ea35d3010a415b3a4d84f6bd6ea6739731;NAO_PROCESSADO;0;;2026-10-04 20:54:35;2026-10-06 03:21:25;PDF pulado: narrativo ('transcricao');C:\Users\diego\Downloads\CASE_DESEMPENHO\03_Conteiner\PETROBRAS\2026_1T\Transcrição Webcast 1T26.pdf;0
2071;PETROBRAS;0001119639;PDF;.pdf;Transcrição Webcast 2T26.pdf;C:\Users\diego\Downloads\CASE_DESEMPENHO\03_Conteiner\PETROBRAS\2026_2T;MANUAL;https://www.investidorpetrobras.com.br/resultados-e-comunicados/relatorios-trimestrais;4c59e8d8a51ba198fc5081eb1d26169ece10ccc38a0dcd87c1395422e13b45dd;NAO_PROCESSADO;0;;2026-10-04 20:54:35;2026-10-06 03:21:25;PDF pulado: narrativo ('transcricao');C:\Users\diego\Downloads\CASE_DESEMPENHO\03_Conteiner\PETROBRAS\2026_2T\Transcrição Webcast 2T26.pdf;0
2806;PETROBRAS;0001119639;PDF;.pdf;Transcrição Webcast 3T25.pdf;C:\Users\diego\Downloads\CASE_DESEMPENHO\03_Conteiner\PETROBRAS\2025_3T;CONTAINER;https://www.investidorpetrobras.com.br/resultados-e-comunicados/relatorios-trimestrais;f2e73d078dd130ab72d76caa11a388f1133d22bd4c5d9536a1cbc5e97b267602;NAO_PROCESSADO;0;;2026-10-05 15:32:58;2026-10-06 03:21:25;PDF pulado: narrativo ('transcricao');C:\Users\diego\Downloads\CASE_DESEMPENHO\03_Conteiner\PETROBRAS\2025_3T\Transcrição Webcast 3T25.pdf;0
2055;PETROBRAS;0001119639;PDF;.pdf;Transcrição Webcast 4T25.pdf;C:\Users\diego\Downloads\CASE_DESEMPENHO\03_Conteiner\PETROBRAS\2025_4T;MANUAL;https://www.investidorpetrobras.com.br/resultados-e-comunicados/relatorios-trimestrais;5d5d5d99cbccb49f223195589b712e54c64923da04ca9a6684bb934c10667f1a;NAO_PROCESSADO;0;;2026-10-04 20:54:34;2026-10-06 03:21:25;PDF pulado: narrativo ('transcricao');C:\Users\diego\Downloads\CASE_DESEMPENHO\03_Conteiner\PETROBRAS\2025_4T\Transcrição Webcast 4T25.pdf;0
2059;PETROBRAS;0001119639;XLSX;.xlsx;Excel 1T26 USD.xlsx;C:\Users\diego\Downloads\CASE_DESEMPENHO\03_Conteiner\PETROBRAS\2026_1T;MANUAL;https://www.investidorpetrobras.com.br/resultados-e-comunicados/relatorios-trimestrais;b9d6558006dd31ca62b091a4173e9cc11a66793ebd39a19ced89f214d1146171;PROCESSADO;30;186;2026-10-04 20:54:35;2026-10-06 03:22:46;;C:\Users\diego\Downloads\CASE_DESEMPENHO\03_Conteiner\PETROBRAS\2026_1T\Excel 1T26 USD.xlsx;10
2067;PETROBRAS;0001119639;XLSX;.xlsx;Excel 2T26 USD.xlsx;C:\Users\diego\Downloads\CASE_DESEMPENHO\03_Conteiner\PETROBRAS\2026_2T;MANUAL;https://www.investidorpetrobras.com.br/resultados-e-comunicados/relatorios-trimestrais;d861cea3a1d11ea3346d82ded983f12c5c5d67f7595b93b4c21cbb16ea191539;PROCESSADO;50;250;2026-10-04 20:54:35;2026-10-06 03:22:47;;C:\Users\diego\Downloads\CASE_DESEMPENHO\03_Conteiner\PETROBRAS\2026_2T\Excel 2T26 USD.xlsx;20
2051;PETROBRAS;0001119639;XLSX;.xlsx;Excel 4T25 USD.xlsx;C:\Users\diego\Downloads\CASE_DESEMPENHO\03_Conteiner\PETROBRAS\2025_4T;MANUAL;https://www.investidorpetrobras.com.br/resultados-e-comunicados/relatorios-trimestrais;30b11e9cc6d54efed6e247717c8233728fdd0214e9e3d1cac47891059e7d4545;PROCESSADO;30;226;2026-10-04 20:54:34;2026-10-06 03:22:45;;C:\Users\diego\Downloads\CASE_DESEMPENHO\03_Conteiner\PETROBRAS\2025_4T\Excel 4T25 USD.xlsx;0
2060;PETROBRAS;0001119639;PDF;.pdf;Relatório de Produção de Vendas 1T26.pdf;C:\Users\diego\Downloads\CASE_DESEMPENHO\03_Conteiner\PETROBRAS\2026_1T;MANUAL;https://www.investidorpetrobras.com.br/resultados-e-comunicados/relatorios-trimestrais;4c8a44d110d4559fbae3cfcfc99aa04f7e6ed6141fef46a5f853af3cec23b249;PROCESSADO;3;1258;2026-10-04 20:54:35;2026-10-06 03:22:56;;C:\Users\diego\Downloads\CASE_DESEMPENHO\03_Conteiner\PETROBRAS\2026_1T\Relatório de Produção de Vendas 1T26.pdf;0
2050;PETROBRAS;0001119639;PDF;.pdf;DFS R$ Português.pdf;C:\Users\diego\Downloads\CASE_DESEMPENHO\03_Conteiner\PETROBRAS\2025_4T;MANUAL;https://www.investidorpetrobras.com.br/resultados-e-comunicados/relatorios-trimestrais;2f76a20bf308a5ffca686bcc567383e93180c145a919700fa50bb37f967a18d4;SEM_DADOS;0;7176;2026-10-04 20:54:34;2026-10-06 03:22:59;parser nao extraiu nenhuma linha numerica deste documento;C:\Users\diego\Downloads\CASE_DESEMPENHO\03_Conteiner\PETROBRAS\2025_4T\DFS R$ Português.pdf;0
2064;PETROBRAS;0001119639;PDF;.pdf;Demonstrações Financeiras 2T26 -REAIS.pdf;C:\Users\diego\Downloads\CASE_DESEMPENHO\03_Conteiner\PETROBRAS\2026_2T;MANUAL;https://www.investidorpetrobras.com.br/resultados-e-comunicados/relatorios-trimestrais;b788d1b73950faf01cfa2d3bd56aa7bd7b34ec73db7fa07ad3ff9dfa2807a9a4;SEM_DADOS;0;5843;2026-10-04 20:54:35;2026-10-06 03:23:03;parser nao extraiu nenhuma linha numerica deste documento;C:\Users\diego\Downloads\CASE_DESEMPENHO\03_Conteiner\PETROBRAS\2026_2T\Demonstrações Financeiras 2T26 -REAIS.pdf;0
2798;PETROBRAS;0001119639;PDF;.pdf;Demonstrações Financeiras 3T25-REAIS.pdf;C:\Users\diego\Downloads\CASE_DESEMPENHO\03_Conteiner\PETROBRAS\2025_3T;CONTAINER;https://www.investidorpetrobras.com.br/resultados-e-comunicados/relatorios-trimestrais;28ccf872e64adf597446ed1a5e365cd1d5bc45dcbcae9f654aa9494010782ed0;SEM_DADOS;0;7907;2026-10-05 15:32:56;2026-10-06 03:22:59;parser nao extraiu nenhuma linha numerica deste documento;C:\Users\diego\Downloads\CASE_DESEMPENHO\03_Conteiner\PETROBRAS\2025_3T\Demonstrações Financeiras 3T25-REAIS.pdf;0
2057;PETROBRAS;0001119639;PDF;.pdf;Desempenho 1T26.pdf;C:\Users\diego\Downloads\CASE_DESEMPENHO\03_Conteiner\PETROBRAS\2026_1T;MANUAL;https://www.investidorpetrobras.com.br/resultados-e-comunicados/relatorios-trimestrais;8c8188249e71766a0cbb9c84aa959ca9af71729e8ad95bc6c8b557dd61330074;SEM_DADOS;0;2253;2026-10-04 20:54:34;2026-10-06 03:22:56;parser nao extraiu nenhuma linha numerica deste documento;C:\Users\diego\Downloads\CASE_DESEMPENHO\03_Conteiner\PETROBRAS\2026_1T\Desempenho 1T26.pdf;0
2779;PETROBRAS;0001119639;PDF;.pdf;Desempenho Financeiro Petrobras 1T25.pdf;C:\Users\diego\Downloads\CASE_DESEMPENHO\03_Conteiner\PETROBRAS\2025_1T;CONTAINER;https://www.investidorpetrobras.com.br/resultados-e-comunicados/relatorios-trimestrais;7d226be8047107360078765a2da3c1fa9f1678b986b7ee94ca084b3705ab4d70;SEM_DADOS;9;1533;2026-10-05 15:32:52;2026-10-06 03:22:53;extraiu 9, mas nada foi gravado: 9 fora dos periodos-alvo;C:\Users\diego\Downloads\CASE_DESEMPENHO\03_Conteiner\PETROBRAS\2025_1T\Desempenho Financeiro Petrobras 1T25.pdf;0
2789;PETROBRAS;0001119639;PDF;.pdf;Desempenho Financeiro Petrobras 2T25.pdf;C:\Users\diego\Downloads\CASE_DESEMPENHO\03_Conteiner\PETROBRAS\2025_2T;CONTAINER;https://www.investidorpetrobras.com.br/resultados-e-comunicados/relatorios-trimestrais;63ccbf25a847944e11f89e3fbdadab54daf4a9a8fb61dac5c130394f23607eaf;SEM_DADOS;27;2392;2026-10-05 15:32:54;2026-10-06 03:22:54;extraiu 27, mas nada foi gravado: 27 fora dos periodos-alvo;C:\Users\diego\Downloads\CASE_DESEMPENHO\03_Conteiner\PETROBRAS\2025_2T\Desempenho Financeiro Petrobras 2T25.pdf;0
2066;PETROBRAS;0001119639;PDF;.pdf;Desempenho Financeiro Petrobras 2T26 (1).pdf;C:\Users\diego\Downloads\CASE_DESEMPENHO\03_Conteiner\PETROBRAS\2026_2T;MANUAL;https://www.investidorpetrobras.com.br/resultados-e-comunicados/relatorios-trimestrais;00a0f0ac25e379946039abf66a0a04c98fbd641fae74d903a74a173c01a27640;SEM_DADOS;18;2278;2026-10-04 20:54:35;2026-10-06 03:22:57;"extraiu 18, mas nada foi gravado: 9 em revisao (confianca/plausibilidade); 9 fora dos periodos-alvo";C:\Users\diego\Downloads\CASE_DESEMPENHO\03_Conteiner\PETROBRAS\2026_2T\Desempenho Financeiro Petrobras 2T26 (1).pdf;0
2800;PETROBRAS;0001119639;PDF;.pdf;Desempenho Financeiro Petrobras 3T25.pdf;C:\Users\diego\Downloads\CASE_DESEMPENHO\03_Conteiner\PETROBRAS\2025_3T;CONTAINER;https://www.investidorpetrobras.com.br/resultados-e-comunicados/relatorios-trimestrais;448495ee71e38136d884c0334663bba37296a7ab0b9acb7ca62211b6618225e6;SEM_DADOS;9;1932;2026-10-05 15:32:57;2026-10-06 03:22:54;extraiu 9, mas nada foi gravado: 9 fora dos periodos-alvo;C:\Users\diego\Downloads\CASE_DESEMPENHO\03_Conteiner\PETROBRAS\2025_3T\Desempenho Financeiro Petrobras 3T25.pdf;0
2048;PETROBRAS;0001119639;PDF;.pdf;Desempenho Financeiro Petrobras 4T25.pdf;C:\Users\diego\Downloads\CASE_DESEMPENHO\03_Conteiner\PETROBRAS\2025_4T;MANUAL;https://www.investidorpetrobras.com.br/resultados-e-comunicados/relatorios-trimestrais;2373f1ea0e5e4bf31628cb7dd31eb46219b486b9ae29b19b985e4df97605790f;SEM_DADOS;9;2259;2026-10-04 20:54:34;2026-10-06 03:22:55;extraiu 9, mas nada foi gravado: 9 em revisao (confianca/plausibilidade);C:\Users\diego\Downloads\CASE_DESEMPENHO\03_Conteiner\PETROBRAS\2025_4T\Desempenho Financeiro Petrobras 4T25.pdf;0
2778;PETROBRAS;0001119639;PDF;.pdf;Desempenho Financeiro da Petrobras 1T25 (em dólar).pdf;C:\Users\diego\Downloads\CASE_DESEMPENHO\03_Conteiner\PETROBRAS\2025_1T;CONTAINER;https://www.investidorpetrobras.com.br/resultados-e-comunicados/relatorios-trimestrais;db3b7f89d015997dbe7fb6b778116bfb704008aa4041932c21a6d2160424c6e7;SEM_DADOS;10;1406;2026-10-05 15:32:52;2026-10-06 03:22:44;extraiu 10, mas nada foi gravado: 10 fora dos periodos-alvo;C:\Users\diego\Downloads\CASE_DESEMPENHO\03_Conteiner\PETROBRAS\2025_1T\Desempenho Financeiro da Petrobras 1T25 (em dólar).pdf;0
2058;PETROBRAS;0001119639;PDF;.pdf;Desempenho Financeiro da Petrobras 1T26 (em dólar).pdf;C:\Users\diego\Downloads\CASE_DESEMPENHO\03_Conteiner\PETROBRAS\2026_1T;MANUAL;https://www.investidorpetrobras.com.br/resultados-e-comunicados/relatorios-trimestrais;8c38154efb648a9e1964f10cea959a0f51f73c4edeeff18b174974de890c0223;SEM_DADOS;9;1790;2026-10-04 20:54:34;2026-10-06 03:22:45;"extraiu 9, mas nada foi gravado: 1 em revisao (confianca/plausibilidade); 8 ignoradas: fato existente com confianca maior";C:\Users\diego\Downloads\CASE_DESEMPENHO\03_Conteiner\PETROBRAS\2026_1T\Desempenho Financeiro da Petrobras 1T26 (em dólar).pdf;0
2788;PETROBRAS;0001119639;PDF;.pdf;Desempenho Financeiro da Petrobras 2T25 (em dólar).pdf;C:\Users\diego\Downloads\CASE_DESEMPENHO\03_Conteiner\PETROBRAS\2025_2T;CONTAINER;https://www.investidorpetrobras.com.br/resultados-e-comunicados/relatorios-trimestrais;cc6a6f0e48bee7d931effc64f23360b6966daa4da1f7f20d0ebe32bc80596bee;SEM_DADOS;28;1697;2026-10-05 15:32:54;2026-10-06 03:22:44;extraiu 28, mas nada foi gravado: 28 fora dos periodos-alvo;C:\Users\diego\Downloads\CASE_DESEMPENHO\03_Conteiner\PETROBRAS\2025_2T\Desempenho Financeiro da Petrobras 2T25 (em dólar).pdf;0
2065;PETROBRAS;0001119639;PDF;.pdf;Desempenho Financeiro da Petrobras 2T26 (em dólar) (1).pdf;C:\Users\diego\Downloads\CASE_DESEMPENHO\03_Conteiner\PETROBRAS\2026_2T;MANUAL;https://www.investidorpetrobras.com.br/resultados-e-comunicados/relatorios-trimestrais;4d2a133550a1ce7423f964ab1f67de8641adc419a05dd0dc7dfd7390ea963b99;SEM_DADOS;18;2684;2026-10-04 20:54:35;2026-10-06 03:22:46;"extraiu 18, mas nada foi gravado: 1 em revisao (confianca/plausibilidade); 8 ignoradas: fato existente com confianca maior; 9 fora dos periodos-alvo";C:\Users\diego\Downloads\CASE_DESEMPENHO\03_Conteiner\PETROBRAS\2026_2T\Desempenho Financeiro da Petrobras 2T26 (em dólar) (1).pdf;0
2799;PETROBRAS;0001119639;PDF;.pdf;Desempenho Financeiro da Petrobras 3T25 (em dólar).pdf;C:\Users\diego\Downloads\CASE_DESEMPENHO\03_Conteiner\PETROBRAS\2025_3T;CONTAINER;https://www.investidorpetrobras.com.br/resultados-e-comunicados/relatorios-trimestrais;1db804235822dc12649a16d7a0418faae01ecd76ed6c2358b762a689272a6e0b;SEM_DADOS;10;1812;2026-10-05 15:32:56;2026-10-06 03:22:44;extraiu 10, mas nada foi gravado: 10 fora dos periodos-alvo;C:\Users\diego\Downloads\CASE_DESEMPENHO\03_Conteiner\PETROBRAS\2025_3T\Desempenho Financeiro da Petrobras 3T25 (em dólar).pdf;0
2047;PETROBRAS;0001119639;PDF;.pdf;Desempenho Financeiro da Petrobras 4T25 (em dólar).pdf;C:\Users\diego\Downloads\CASE_DESEMPENHO\03_Conteiner\PETROBRAS\2025_4T;MANUAL;https://www.investidorpetrobras.com.br/resultados-e-comunicados/relatorios-trimestrais;355a8755207f51b060800735e7ee44c358f1d5545205cb04ebedb96f5373fca4;SEM_DADOS;9;2006;2026-10-04 20:54:34;2026-10-06 03:22:45;"extraiu 9, mas nada foi gravado: 2 em revisao (confianca/plausibilidade); 7 ignoradas: fato existente com confianca maior";C:\Users\diego\Downloads\CASE_DESEMPENHO\03_Conteiner\PETROBRAS\2025_4T\Desempenho Financeiro da Petrobras 4T25 (em dólar).pdf;0
2780;PETROBRAS;0001119639;PDF;.pdf;Desempenho Petrobras 1T25.pdf;C:\Users\diego\Downloads\CASE_DESEMPENHO\03_Conteiner\PETROBRAS\2025_1T;CONTAINER;https://www.investidorpetrobras.com.br/resultados-e-comunicados/relatorios-trimestrais;5625a76e2976de4d0b3d718ae4926ca5270ed554a7bb39e4e52d660eb7da48cd;SEM_DADOS;0;1190;2026-10-05 15:32:53;2026-10-06 03:22:54;parser nao extraiu nenhuma linha numerica deste documento;C:\Users\diego\Downloads\CASE_DESEMPENHO\03_Conteiner\PETROBRAS\2025_1T\Desempenho Petrobras 1T25.pdf;0
2790;PETROBRAS;0001119639;PDF;.pdf;Desempenho Petrobras 2T25.pdf;C:\Users\diego\Downloads\CASE_DESEMPENHO\03_Conteiner\PETROBRAS\2025_2T;CONTAINER;https://www.investidorpetrobras.com.br/resultados-e-comunicados/relatorios-trimestrais;3bd080a6b54705e9c04badc3510ea8b3b35cbe989e148b1e97138af70fb815f1;SEM_DADOS;0;1495;2026-10-05 15:32:55;2026-10-06 03:22:54;parser nao extraiu nenhuma linha numerica deste documento;C:\Users\diego\Downloads\CASE_DESEMPENHO\03_Conteiner\PETROBRAS\2025_2T\Desempenho Petrobras 2T25.pdf;0
2801;PETROBRAS;0001119639;PDF;.pdf;Desempenho Petrobras 3T25.pdf;C:\Users\diego\Downloads\CASE_DESEMPENHO\03_Conteiner\PETROBRAS\2025_3T;CONTAINER;https://www.investidorpetrobras.com.br/resultados-e-comunicados/relatorios-trimestrais;c41afe002103b7ff43849d8bc9b22ae8ca6cac5c00c512fd90cd1a82bd79e504;SEM_DADOS;0;1688;2026-10-05 15:32:57;2026-10-06 03:22:54;parser nao extraiu nenhuma linha numerica deste documento;C:\Users\diego\Downloads\CASE_DESEMPENHO\03_Conteiner\PETROBRAS\2025_3T\Desempenho Petrobras 3T25.pdf;0
2049;PETROBRAS;0001119639;PDF;.pdf;Desempenho Petrobras 4T25.pdf;C:\Users\diego\Downloads\CASE_DESEMPENHO\03_Conteiner\PETROBRAS\2025_4T;MANUAL;https://www.investidorpetrobras.com.br/resultados-e-comunicados/relatorios-trimestrais;da8c1b6c76c6e69569682c3ab49a0519a7192a5db27c7ad646c4c324c7d5d469;SEM_DADOS;1;656;2026-10-04 20:54:34;2026-10-06 03:22:55;extraiu 1, mas nada foi gravado: 1 em revisao (confianca/plausibilidade);C:\Users\diego\Downloads\CASE_DESEMPENHO\03_Conteiner\PETROBRAS\2025_4T\Desempenho Petrobras 4T25.pdf;0
2781;PETROBRAS;0001119639;XLSX;.xlsx;Excel 1T25 R$.xlsx;C:\Users\diego\Downloads\CASE_DESEMPENHO\03_Conteiner\PETROBRAS\2025_1T;CONTAINER;https://www.investidorpetrobras.com.br/resultados-e-comunicados/relatorios-trimestrais;e44fbb09e4ce457ee42880765cc2f7b0195a374c8264cc48175b22fc9be800f4;SEM_DADOS;30;187;2026-10-05 15:32:53;2026-10-06 03:22:59;extraiu 30, mas nada foi gravado: 30 fora dos periodos-alvo;C:\Users\diego\Downloads\CASE_DESEMPENHO\03_Conteiner\PETROBRAS\2025_1T\Excel 1T25 R$.xlsx;0
2782;PETROBRAS;0001119639;XLSX;.xlsx;Excel 1T25 USD.xlsx;C:\Users\diego\Downloads\CASE_DESEMPENHO\03_Conteiner\PETROBRAS\2025_1T;CONTAINER;https://www.investidorpetrobras.com.br/resultados-e-comunicados/relatorios-trimestrais;568c668f18f8c8f8ba7e1500396c13c67d240f83a8f451a87e328fa09894c5f1;SEM_DADOS;30;184;2026-10-05 15:32:53;2026-10-06 03:22:44;extraiu 30, mas nada foi gravado: 30 fora dos periodos-alvo;C:\Users\diego\Downloads\CASE_DESEMPENHO\03_Conteiner\PETROBRAS\2025_1T\Excel 1T25 USD.xlsx;0
2791;PETROBRAS;0001119639;XLSX;.xlsx;Excel 2T25 USD.xlsx;C:\Users\diego\Downloads\CASE_DESEMPENHO\03_Conteiner\PETROBRAS\2025_2T;CONTAINER;https://www.investidorpetrobras.com.br/resultados-e-comunicados/relatorios-trimestrais;3d72ebd77ed2ae9364c63d8c94fbe5c1d4bdd4ff2d0c7eabd8c3a183e3111712;SEM_DADOS;49;279;2026-10-05 15:32:55;2026-10-06 03:22:44;extraiu 49, mas nada foi gravado: 49 fora dos periodos-alvo;C:\Users\diego\Downloads\CASE_DESEMPENHO\03_Conteiner\PETROBRAS\2025_2T\Excel 2T25 USD.xlsx;0
2802;PETROBRAS;0001119639;XLSX;.xlsx;Excel 3T25 USD.xlsx;C:\Users\diego\Downloads\CASE_DESEMPENHO\03_Conteiner\PETROBRAS\2025_3T;CONTAINER;https://www.investidorpetrobras.com.br/resultados-e-comunicados/relatorios-trimestrais;441ef343574599a921fae82294c617498d5f1c0c2538915fcf8b6207cdc6dad4;SEM_DADOS;30;233;2026-10-05 15:32:57;2026-10-06 03:22:45;extraiu 30, mas nada foi gravado: 30 fora dos periodos-alvo;C:\Users\diego\Downloads\CASE_DESEMPENHO\03_Conteiner\PETROBRAS\2025_3T\Excel 3T25 USD.xlsx;0
2783;PETROBRAS;0001119639;PDF;.pdf;ITR Reais Port.pdf;C:\Users\diego\Downloads\CASE_DESEMPENHO\03_Conteiner\PETROBRAS\2025_1T;CONTAINER;https://www.investidorpetrobras.com.br/resultados-e-comunicados/relatorios-trimestrais;9c3ab9ec3036ee1f5d19ae29d8881fce54cb5c02e0e75d1dc6cb29130376f4b4;SEM_DADOS;0;5117;2026-10-05 15:32:53;2026-10-06 03:22:59;parser nao extraiu nenhuma linha numerica deste documento;C:\Users\diego\Downloads\CASE_DESEMPENHO\03_Conteiner\PETROBRAS\2025_1T\ITR Reais Port.pdf;0
2792;PETROBRAS;0001119639;PDF;.pdf;ITR Reais Port.pdf;C:\Users\diego\Downloads\CASE_DESEMPENHO\03_Conteiner\PETROBRAS\2025_2T;CONTAINER;https://www.investidorpetrobras.com.br/resultados-e-comunicados/relatorios-trimestrais;5ffcf7a9edf7a2a92bdf39f5adb8498ca7e8f7be184d3f0f5be29ad73d5ee3d0;SEM_DADOS;0;6651;2026-10-05 15:32:55;2026-10-06 03:22:59;parser nao extraiu nenhuma linha numerica deste documento;C:\Users\diego\Downloads\CASE_DESEMPENHO\03_Conteiner\PETROBRAS\2025_2T\ITR Reais Port.pdf;0
2785;PETROBRAS;0001119639;PDF;.pdf;Relatório Fiscal 1T25.pdf;C:\Users\diego\Downloads\CASE_DESEMPENHO\03_Conteiner\PETROBRAS\2025_1T;CONTAINER;https://www.investidorpetrobras.com.br/resultados-e-comunicados/relatorios-trimestrais;35a63f66fa3d93354662ed74cfa1ea2f2f4034fa585963301acf7ba6e5c5b600;SEM_DADOS;0;536;2026-10-05 15:32:53;2026-10-06 03:22:54;parser nao extraiu nenhuma linha numerica deste documento;C:\Users\diego\Downloads\CASE_DESEMPENHO\03_Conteiner\PETROBRAS\2025_1T\Relatório Fiscal 1T25.pdf;0
2061;PETROBRAS;0001119639;PDF;.pdf;Relatório Fiscal 1T26.pdf;C:\Users\diego\Downloads\CASE_DESEMPENHO\03_Conteiner\PETROBRAS\2026_1T;MANUAL;https://www.investidorpetrobras.com.br/resultados-e-comunicados/relatorios-trimestrais;4febe033dce29648d6b13806c372783e503adbfe428feece4a247e0a823e6061;SEM_DADOS;0;804;2026-10-04 20:54:35;2026-10-06 03:22:56;parser nao extraiu nenhuma linha numerica deste documento;C:\Users\diego\Downloads\CASE_DESEMPENHO\03_Conteiner\PETROBRAS\2026_1T\Relatório Fiscal 1T26.pdf;0
2053;PETROBRAS;0001119639;PDF;.pdf;Relatório Fiscal 2025.pdf;C:\Users\diego\Downloads\CASE_DESEMPENHO\03_Conteiner\PETROBRAS\2025_4T;MANUAL;https://www.investidorpetrobras.com.br/resultados-e-comunicados/relatorios-trimestrais;b8730fd8b4866483be1c1ea08b331d3afdc74e22279d11518e25384d80850dd2;SEM_DADOS;0;1356;2026-10-04 20:54:34;2026-10-06 03:22:55;parser nao extraiu nenhuma linha numerica deste documento;C:\Users\diego\Downloads\CASE_DESEMPENHO\03_Conteiner\PETROBRAS\2025_4T\Relatório Fiscal 2025.pdf;0
2794;PETROBRAS;0001119639;PDF;.pdf;Relatório Fiscal 2T25.pdf;C:\Users\diego\Downloads\CASE_DESEMPENHO\03_Conteiner\PETROBRAS\2025_2T;CONTAINER;https://www.investidorpetrobras.com.br/resultados-e-comunicados/relatorios-trimestrais;14cf3b1fac68ae48e22358d274f5a95416bbb92ad9867b85556459cdf6573d4f;SEM_DADOS;0;578;2026-10-05 15:32:55;2026-10-06 03:22:54;parser nao extraiu nenhuma linha numerica deste documento;C:\Users\diego\Downloads\CASE_DESEMPENHO\03_Conteiner\PETROBRAS\2025_2T\Relatório Fiscal 2T25.pdf;0
2069;PETROBRAS;0001119639;PDF;.pdf;Relatório Fiscal 2T26.pdf;C:\Users\diego\Downloads\CASE_DESEMPENHO\03_Conteiner\PETROBRAS\2026_2T;MANUAL;https://www.investidorpetrobras.com.br/resultados-e-comunicados/relatorios-trimestrais;6d43be01d377397040f411fb34c926eb2c3f1044de3bcc2a5708dfa66391ce9f;SEM_DADOS;0;606;2026-10-04 20:54:35;2026-10-06 03:22:57;parser nao extraiu nenhuma linha numerica deste documento;C:\Users\diego\Downloads\CASE_DESEMPENHO\03_Conteiner\PETROBRAS\2026_2T\Relatório Fiscal 2T26.pdf;0
2804;PETROBRAS;0001119639;PDF;.pdf;Relatório Fiscal 3Q25.pdf;C:\Users\diego\Downloads\CASE_DESEMPENHO\03_Conteiner\PETROBRAS\2025_3T;CONTAINER;https://www.investidorpetrobras.com.br/resultados-e-comunicados/relatorios-trimestrais;cb8c785963f6505ea455f91460d1aa29f5a20b04b66f620560cbd3d27905aac2;SEM_DADOS;0;911;2026-10-05 15:32:57;2026-10-06 03:22:54;parser nao extraiu nenhuma linha numerica deste documento;C:\Users\diego\Downloads\CASE_DESEMPENHO\03_Conteiner\PETROBRAS\2025_3T\Relatório Fiscal 3Q25.pdf;0
2784;PETROBRAS;0001119639;PDF;.pdf;Relatório de Produção e Vendas 1T25.pdf;C:\Users\diego\Downloads\CASE_DESEMPENHO\03_Conteiner\PETROBRAS\2025_1T;CONTAINER;https://www.investidorpetrobras.com.br/resultados-e-comunicados/relatorios-trimestrais;3e0b1650e01a8113c864f029e8097cb39d83cc6f94783c8804fa30f914f2e6d1;SEM_DADOS;6;1414;2026-10-05 15:32:53;2026-10-06 03:22:54;extraiu 6, mas nada foi gravado: 6 fora dos periodos-alvo;C:\Users\diego\Downloads\CASE_DESEMPENHO\03_Conteiner\PETROBRAS\2025_1T\Relatório de Produção e Vendas 1T25.pdf;0
2793;PETROBRAS;0001119639;PDF;.pdf;Relatório de Produção e Vendas 2T25.pdf;C:\Users\diego\Downloads\CASE_DESEMPENHO\03_Conteiner\PETROBRAS\2025_2T;CONTAINER;https://www.investidorpetrobras.com.br/resultados-e-comunicados/relatorios-trimestrais;ec00466b1bc16bf4b629aba9592301a008cb2c0228eea2c848859fdb78767607;SEM_DADOS;5;1093;2026-10-05 15:32:55;2026-10-06 03:22:54;extraiu 5, mas nada foi gravado: 5 fora dos periodos-alvo;C:\Users\diego\Downloads\CASE_DESEMPENHO\03_Conteiner\PETROBRAS\2025_2T\Relatório de Produção e Vendas 2T25.pdf;0
2068;PETROBRAS;0001119639;PDF;.pdf;Relatório de Produção e Vendas 2T26.pdf;C:\Users\diego\Downloads\CASE_DESEMPENHO\03_Conteiner\PETROBRAS\2026_2T;MANUAL;https://www.investidorpetrobras.com.br/resultados-e-comunicados/relatorios-trimestrais;116d15b26dce35e3c495c61a18638f64f6e82c3d7f15a8d3fea23bac2b092701;SEM_DADOS;1;1490;2026-10-04 20:54:35;2026-10-06 03:22:57;extraiu 1, mas nada foi gravado: 1 fora dos periodos-alvo;C:\Users\diego\Downloads\CASE_DESEMPENHO\03_Conteiner\PETROBRAS\2026_2T\Relatório de Produção e Vendas 2T26.pdf;0
2803;PETROBRAS;0001119639;PDF;.pdf;Relatório de Produção e Vendas 3T25.pdf;C:\Users\diego\Downloads\CASE_DESEMPENHO\03_Conteiner\PETROBRAS\2025_3T;CONTAINER;https://www.investidorpetrobras.com.br/resultados-e-comunicados/relatorios-trimestrais;ab301188e5283b3c035c51ec60c30775a8ebe9b6910187d8f3913f894f149ccc;SEM_DADOS;3;1393;2026-10-05 15:32:57;2026-10-06 03:22:54;extraiu 3, mas nada foi gravado: 3 fora dos periodos-alvo;C:\Users\diego\Downloads\CASE_DESEMPENHO\03_Conteiner\PETROBRAS\2025_3T\Relatório de Produção e Vendas 3T25.pdf;0
2052;PETROBRAS;0001119639;PDF;.pdf;Relatório de Produção e Vendas 4T25.pdf;C:\Users\diego\Downloads\CASE_DESEMPENHO\03_Conteiner\PETROBRAS\2025_4T;MANUAL;https://www.investidorpetrobras.com.br/resultados-e-comunicados/relatorios-trimestrais;26733a33c66755fa4a44070ef2155800b183c6fd4df48384b9b6e53ef2beeead;SEM_DADOS;5;2375;2026-10-04 20:54:34;2026-10-06 03:22:56;extraiu 5, mas nada foi gravado: 5 em revisao (confianca/plausibilidade);C:\Users\diego\Downloads\CASE_DESEMPENHO\03_Conteiner\PETROBRAS\2025_4T\Relatório de Produção e Vendas 4T25.pdf;0
2062;PETROBRAS;0001119639;XLSX;.xlsx;Resultados 1T26  - Tabela em Excel R$.xlsx;C:\Users\diego\Downloads\CASE_DESEMPENHO\03_Conteiner\PETROBRAS\2026_1T;MANUAL;https://www.investidorpetrobras.com.br/resultados-e-comunicados/relatorios-trimestrais;ed0365b0c1d47bc003e1d2bdbbe14e0ddcaa3f894ff18e76c6c652155b354026;SEM_DADOS;30;388;2026-10-04 20:54:35;2026-10-06 03:23:03;"extraiu 30, mas nada foi gravado: 20 ignoradas: fato existente com confianca maior; 10 fora dos periodos-alvo";C:\Users\diego\Downloads\CASE_DESEMPENHO\03_Conteiner\PETROBRAS\2026_1T\Resultados 1T26  - Tabela em Excel R$.xlsx;0
2795;PETROBRAS;0001119639;XLSX;.xlsx;Resultados 2T25  - Tabela em Excel R$.xlsx;C:\Users\diego\Downloads\CASE_DESEMPENHO\03_Conteiner\PETROBRAS\2025_2T;CONTAINER;https://www.investidorpetrobras.com.br/resultados-e-comunicados/relatorios-trimestrais;6309dcb105e75938e801443aa5bcab47f13dd771b1aea9b82f37abc1c4024159;SEM_DADOS;50;212;2026-10-05 15:32:56;2026-10-06 03:22:59;extraiu 50, mas nada foi gravado: 50 fora dos periodos-alvo;C:\Users\diego\Downloads\CASE_DESEMPENHO\03_Conteiner\PETROBRAS\2025_2T\Resultados 2T25  - Tabela em Excel R$.xlsx;0
2070;PETROBRAS;0001119639;XLSX;.xlsx;Resultados 2T26  - Tabela em Excel R$.xlsx;C:\Users\diego\Downloads\CASE_DESEMPENHO\03_Conteiner\PETROBRAS\2026_2T;MANUAL;https://www.investidorpetrobras.com.br/resultados-e-comunicados/relatorios-trimestrais;aa0385ce97e1d2f7f858ac8f7902a180e6bc310a76646ca20b3f1c53fd37aeb2;SEM_DADOS;50;361;2026-10-04 20:54:35;2026-10-06 03:23:06;"extraiu 50, mas nada foi gravado: 20 ignoradas: fato existente com confianca maior; 30 fora dos periodos-alvo";C:\Users\diego\Downloads\CASE_DESEMPENHO\03_Conteiner\PETROBRAS\2026_2T\Resultados 2T26  - Tabela em Excel R$.xlsx;0
2805;PETROBRAS;0001119639;XLSX;.xlsx;Resultados 3T25  - Tabela em Excel R$.xlsx;C:\Users\diego\Downloads\CASE_DESEMPENHO\03_Conteiner\PETROBRAS\2025_3T;CONTAINER;https://www.investidorpetrobras.com.br/resultados-e-comunicados/relatorios-trimestrais;895f9e4c31cf89f9344bb901acec4c699b79715c7c8e0dcb88a1cb8d00f7fe34;SEM_DADOS;30;202;2026-10-05 15:32:58;2026-10-06 03:22:59;extraiu 30, mas nada foi gravado: 30 fora dos periodos-alvo;C:\Users\diego\Downloads\CASE_DESEMPENHO\03_Conteiner\PETROBRAS\2025_3T\Resultados 3T25  - Tabela em Excel R$.xlsx;0
2054;PETROBRAS;0001119639;XLSX;.xlsx;Resultados 4T25  - Tabela em Excel R$.xlsx;C:\Users\diego\Downloads\CASE_DESEMPENHO\03_Conteiner\PETROBRAS\2025_4T;MANUAL;https://www.investidorpetrobras.com.br/resultados-e-comunicados/relatorios-trimestrais;42219801a28494d48f96bd106b5e301aacff009fc32af541ebbc00508b2caa3e;SEM_DADOS;30;711;2026-10-04 20:54:34;2026-10-06 03:23:00;"extraiu 30, mas nada foi gravado: 10 ignoradas: fato existente com confianca maior; 20 fora dos periodos-alvo";C:\Users\diego\Downloads\CASE_DESEMPENHO\03_Conteiner\PETROBRAS\2025_4T\Resultados 4T25  - Tabela em Excel R$.xlsx;0
2777;PETROBRAS;0001119639;PDF;.pdf;_Demonstrações Financeiras 1T25 - US$.pdf;C:\Users\diego\Downloads\CASE_DESEMPENHO\03_Conteiner\PETROBRAS\2025_1T;CONTAINER;https://www.investidorpetrobras.com.br/resultados-e-comunicados/relatorios-trimestrais;4a2025bf2c5eefc02e3b2d369aeb78391301a96e2bb7ec80da3a488530be2062;SEM_DADOS;0;3820;2026-10-05 15:32:52;2026-10-06 03:22:44;parser nao extraiu nenhuma linha numerica deste documento;C:\Users\diego\Downloads\CASE_DESEMPENHO\03_Conteiner\PETROBRAS\2025_1T\_Demonstrações Financeiras 1T25 - US$.pdf;0
2056;PETROBRAS;0001119639;PDF;.pdf;_Demonstrações Financeiras 1T26  - US$ (1).pdf;C:\Users\diego\Downloads\CASE_DESEMPENHO\03_Conteiner\PETROBRAS\2026_1T;MANUAL;https://www.investidorpetrobras.com.br/resultados-e-comunicados/relatorios-trimestrais;497429160c1e7fc9619117522c338be12d5018c1657f099efca5e1901021e553;SEM_DADOS;0;3542;2026-10-04 20:54:34;2026-10-06 03:22:46;parser nao extraiu nenhuma linha numerica deste documento;C:\Users\diego\Downloads\CASE_DESEMPENHO\03_Conteiner\PETROBRAS\2026_1T\_Demonstrações Financeiras 1T26  - US$ (1).pdf;0
2787;PETROBRAS;0001119639;PDF;.pdf;_Demonstrações Financeiras 2T25 - US$.pdf;C:\Users\diego\Downloads\CASE_DESEMPENHO\03_Conteiner\PETROBRAS\2025_2T;CONTAINER;https://www.investidorpetrobras.com.br/resultados-e-comunicados/relatorios-trimestrais;832a03245dd798c611d1e793353cdc81bb5f3cadc8ab1d7133d8ef2a26e84dbc;SEM_DADOS;0;4218;2026-10-05 15:32:54;2026-10-06 03:22:44;parser nao extraiu nenhuma linha numerica deste documento;C:\Users\diego\Downloads\CASE_DESEMPENHO\03_Conteiner\PETROBRAS\2025_2T\_Demonstrações Financeiras 2T25 - US$.pdf;0
2797;PETROBRAS;0001119639;PDF;.pdf;_Demonstrações Financeiras 3T25 - US$.pdf;C:\Users\diego\Downloads\CASE_DESEMPENHO\03_Conteiner\PETROBRAS\2025_3T;CONTAINER;https://www.investidorpetrobras.com.br/resultados-e-comunicados/relatorios-trimestrais;eeec08e8af288b4b4fecf0903c7fc1174cfa4bebc683465781e60edb3fd03a28;SEM_DADOS;0;4313;2026-10-05 15:32:56;2026-10-06 03:22:45;parser nao extraiu nenhuma linha numerica deste documento;C:\Users\diego\Downloads\CASE_DESEMPENHO\03_Conteiner\PETROBRAS\2025_3T\_Demonstrações Financeiras 3T25 - US$.pdf;0
2046;PETROBRAS;0001119639;PDF;.pdf;_Demonstrações Financeiras 4T25 - US$.pdf;C:\Users\diego\Downloads\CASE_DESEMPENHO\03_Conteiner\PETROBRAS\2025_4T;MANUAL;https://www.investidorpetrobras.com.br/resultados-e-comunicados/relatorios-trimestrais;27e086280db3d9542238ae9aa2781df6193631ea9b2527ed25c43b7a5cb2cb87;SEM_DADOS;0;4199;2026-10-04 20:54:34;2026-10-06 03:22:45;parser nao extraiu nenhuma linha numerica deste documento;C:\Users\diego\Downloads\CASE_DESEMPENHO\03_Conteiner\PETROBRAS\2025_4T\_Demonstrações Financeiras 4T25 - US$.pdf;0
2827;PETROBRAS;0001119639;HTML;.htm;pbr20260630_6k.htm;C:\Users\diego\Downloads\CASE_DESEMPENHO\01_app_notellm\data\downloads\PETROBRAS;CONTAINER;https://www.investidorpetrobras.com.br/resultados-e-comunicados/relatorios-trimestrais;0a082bed1df4432d414341f4a98fcd6e5612a02abece4e5835e0251ddefd75a2;SEM_DADOS;0;7;2026-10-05 21:19:59;2026-10-06 03:22:52;parser nao extraiu nenhuma linha numerica deste documento;C:\Users\diego\Downloads\CASE_DESEMPENHO\01_app_notellm\data\downloads\PETROBRAS\pbr20260630_6k.htm;0
2828;PETROBRAS;0001119639;HTML;.htm;pbr20260728_6k.htm;C:\Users\diego\Downloads\CASE_DESEMPENHO\01_app_notellm\data\downloads\PETROBRAS;CONTAINER;https://www.investidorpetrobras.com.br/resultados-e-comunicados/relatorios-trimestrais;53813ba9212ace8920f3b1c6030c14554c46c3ff37f1c21e6bb1d8515b79fb5a;SEM_DADOS;0;100;2026-10-05 21:20:00;2026-10-06 03:22:52;parser nao extraiu nenhuma linha numerica deste documento;C:\Users\diego\Downloads\CASE_DESEMPENHO\01_app_notellm\data\downloads\PETROBRAS\pbr20260728_6k.htm;0
2829;PETROBRAS;0001119639;HTML;.htm;pbr20260806_6k1.htm;C:\Users\diego\Downloads\CASE_DESEMPENHO\01_app_notellm\data\downloads\PETROBRAS;CONTAINER;https://www.investidorpetrobras.com.br/resultados-e-comunicados/relatorios-trimestrais;6fb673299c59ccedf4ccde789fdff0180692f920dbc08f6106d268f342036e84;SEM_DADOS;0;29;2026-10-05 21:20:00;2026-10-06 03:22:52;parser nao extraiu nenhuma linha numerica deste documento;C:\Users\diego\Downloads\CASE_DESEMPENHO\01_app_notellm\data\downloads\PETROBRAS\pbr20260806_6k1.htm;0
2830;PETROBRAS;0001119639;HTML;.htm;pbr20260813_6k.htm;C:\Users\diego\Downloads\CASE_DESEMPENHO\01_app_notellm\data\downloads\PETROBRAS;CONTAINER;https://www.investidorpetrobras.com.br/resultados-e-comunicados/relatorios-trimestrais;c387d8cecd297877bbb54695fcc74ade90bc870b5a6906bfab0fb533d122ff1f;SEM_DADOS;0;7;2026-10-05 21:20:00;2026-10-06 03:22:52;parser nao extraiu nenhuma linha numerica deste documento;C:\Users\diego\Downloads\CASE_DESEMPENHO\01_app_notellm\data\downloads\PETROBRAS\pbr20260813_6k.htm;0
2831;PETROBRAS;0001119639;HTML;.htm;pbr20260930_6k.htm;C:\Users\diego\Downloads\CASE_DESEMPENHO\01_app_notellm\data\downloads\PETROBRAS;CONTAINER;https://www.investidorpetrobras.com.br/resultados-e-comunicados/relatorios-trimestrais;170440a993b7417c201aa7ed6df9c61b57d55321e439dbb18266425bab9c2461;SEM_DADOS;0;9;2026-10-05 21:20:00;2026-10-06 03:22:52;parser nao extraiu nenhuma linha numerica deste documento;C:\Users\diego\Downloads\CASE_DESEMPENHO\01_app_notellm\data\downloads\PETROBRAS\pbr20260930_6k.htm;0
2832;PETROBRAS;0001119639;HTML;.htm;pbr20260930_6k1.htm;C:\Users\diego\Downloads\CASE_DESEMPENHO\01_app_notellm\data\downloads\PETROBRAS;CONTAINER;https://www.investidorpetrobras.com.br/resultados-e-comunicados/relatorios-trimestrais;84513041f80e0a187407f7cf48fda27aacfc8848f341d52e0952b542ed2f5eb0;SEM_DADOS;0;4;2026-10-05 21:20:00;2026-10-06 03:22:52;parser nao extraiu nenhuma linha numerica deste documento;C:\Users\diego\Downloads\CASE_DESEMPENHO\01_app_notellm\data\downloads\PETROBRAS\pbr20260930_6k1.htm;0
2833;PETROBRAS;0001119639;HTML;.htm;pbrfs2q26rs_6k.htm;C:\Users\diego\Downloads\CASE_DESEMPENHO\01_app_notellm\data\downloads\PETROBRAS;CONTAINER;https://www.investidorpetrobras.com.br/resultados-e-comunicados/relatorios-trimestrais;76a3e56ea3703bba1ce264c435b2069e89a258024a59ccef50c92b370e4a8a97;SEM_DADOS;0;227;2026-10-05 21:20:00;2026-10-06 03:22:52;parser nao extraiu nenhuma linha numerica deste documento;C:\Users\diego\Downloads\CASE_DESEMPENHO\01_app_notellm\data\downloads\PETROBRAS\pbrfs2q26rs_6k.htm;0
2834;PETROBRAS;0001119639;HTML;.htm;pbrfs2q26usd_6k.htm;C:\Users\diego\Downloads\CASE_DESEMPENHO\01_app_notellm\data\downloads\PETROBRAS;CONTAINER;https://www.investidorpetrobras.com.br/resultados-e-comunicados/relatorios-trimestrais;83e3619ff2cc8feaee851e169dd871aa08448885bd238e6c38d9904c60da171f;SEM_DADOS;0;188;2026-10-05 21:20:00;2026-10-06 03:22:52;parser nao extraiu nenhuma linha numerica deste documento;C:\Users\diego\Downloads\CASE_DESEMPENHO\01_app_notellm\data\downloads\PETROBRAS\pbrfs2q26usd_6k.htm;0
2835;PETROBRAS;0001119639;HTML;.htm;pbrrmf2q26usd_6k.htm;C:\Users\diego\Downloads\CASE_DESEMPENHO\01_app_notellm\data\downloads\PETROBRAS;CONTAINER;https://www.investidorpetrobras.com.br/resultados-e-comunicados/relatorios-trimestrais;54bc6fa5f9ad77a7895159391ef81ef931c8c97c1ba8ad5efc754197df067709;SEM_DADOS;0;105;2026-10-05 21:20:00;2026-10-06 03:22:52;parser nao extraiu nenhuma linha numerica deste documento;C:\Users\diego\Downloads\CASE_DESEMPENHO\01_app_notellm\data\downloads\PETROBRAS\pbrrmf2q26usd_6k.htm;0
2836;SHELL;0001306965;HTML;.html;6-K;;SEC:6-K;https://www.sec.gov/Archives/edgar/data/1306965/000162828026050763/shel-20260630_d2.htm;;NAO_BAIXADO;0;;2026-10-05 21:43:41;2026-10-06 03:20:57;;;0
2117;SHELL;0001306965;JSON;.json;CIK0001306965.json;;MANUAL;https://data.sec.gov/api/xbrl/companyfacts/CIK0001306965.json;;NAO_BAIXADO;0;;2026-10-04 20:56:54;2026-10-06 03:21:24;;;15
2775;SHELL;0001306965;HTML;.html;shel;;MANUAL;https://investidor10.com.br/stocks/shel;;NAO_BAIXADO;0;;2026-10-04 20:58:52;2026-10-06 03:20:57;;;0
2109;SHELL;0001306965;DOC;.doc;shell-annual-report-2024.pdf;;MANUAL;https://www.shell.no/media/reports/shell-annual-report-2024.pdf;;NAO_BAIXADO;0;;2026-10-04 20:56:48;2026-10-06 03:21:24;;;0
2081;SHELL;0001306965;PDF;.pdf;q1-2026-slides-accessibility-version.pdf;C:\Users\diego\Downloads\CASE_DESEMPENHO\03_Conteiner\SHELL\2026_1T;MANUAL;https://www.shell.com/investors/results-and-reporting/quarterly-results.html;11573e482e7843e1aa1abe84f2ec04d42edba871e3d8bafd3c1894dae7cab60d;NAO_PROCESSADO;0;;2026-10-04 20:54:36;2026-10-06 03:21:25;PDF pulado: narrativo ('slides');C:\Users\diego\Downloads\CASE_DESEMPENHO\03_Conteiner\SHELL\2026_1T\q1-2026-slides-accessibility-version.pdf;0
2082;SHELL;0001306965;PDF;.pdf;q1-2026-slides.pdf;C:\Users\diego\Downloads\CASE_DESEMPENHO\03_Conteiner\SHELL\2026_1T;MANUAL;https://www.shell.com/investors/results-and-reporting/quarterly-results.html;6020f48f8b723844b03238abc59ae042d72bc13140fc9922860ea08e9ff45e9c;NAO_PROCESSADO;0;;2026-10-04 20:54:36;2026-10-06 03:21:25;PDF pulado: narrativo ('slides');C:\Users\diego\Downloads\CASE_DESEMPENHO\03_Conteiner\SHELL\2026_1T\q1-2026-slides.pdf;0
2083;SHELL;0001306965;PDF;.pdf;q1-2026-speech-transcript.pdf;C:\Users\diego\Downloads\CASE_DESEMPENHO\03_Conteiner\SHELL\2026_1T;MANUAL;https://www.shell.com/investors/results-and-reporting/quarterly-results.html;249ab800863156b53a9aeb0492518297ac2f12e1982c8882a9a8e10866db6049;NAO_PROCESSADO;0;;2026-10-04 20:54:36;2026-10-06 03:21:25;PDF pulado: narrativo ('speech');C:\Users\diego\Downloads\CASE_DESEMPENHO\03_Conteiner\SHELL\2026_1T\q1-2026-speech-transcript.pdf;0
2087;SHELL;0001306965;PDF;.pdf;q2-2026-slides-accessibility version.pdf;C:\Users\diego\Downloads\CASE_DESEMPENHO\03_Conteiner\SHELL\2026_2T;MANUAL;https://www.shell.com/investors/results-and-reporting/quarterly-results.html;32e38a8ed8ff887ebf19a0716aeae467f08f56c9fb56b9f0451901cff5e25112;NAO_PROCESSADO;0;;2026-10-04 20:54:36;2026-10-06 03:21:25;PDF pulado: narrativo ('slides');C:\Users\diego\Downloads\CASE_DESEMPENHO\03_Conteiner\SHELL\2026_2T\q2-2026-slides-accessibility version.pdf;0
2088;SHELL;0001306965;PDF;.pdf;q2-2026-slides.pdf;C:\Users\diego\Downloads\CASE_DESEMPENHO\03_Conteiner\SHELL\2026_2T;MANUAL;https://www.shell.com/investors/results-and-reporting/quarterly-results.html;1cb1bdeee639dca2f7ab08b8502aab4a5fb2b6dd0c1b09219906eb4a963acdc2;NAO_PROCESSADO;0;;2026-10-04 20:54:36;2026-10-06 03:21:25;PDF pulado: narrativo ('slides');C:\Users\diego\Downloads\CASE_DESEMPENHO\03_Conteiner\SHELL\2026_2T\q2-2026-slides.pdf;0
2089;SHELL;0001306965;PDF;.pdf;q2-2026-speech-transcript.pdf;C:\Users\diego\Downloads\CASE_DESEMPENHO\03_Conteiner\SHELL\2026_2T;MANUAL;https://www.shell.com/investors/results-and-reporting/quarterly-results.html;e50c467bbf81d99b51048ab97fe80d9f91c963c8df8ae9413d6317c76881904c;NAO_PROCESSADO;0;;2026-10-04 20:54:36;2026-10-06 03:21:25;PDF pulado: narrativo ('speech');C:\Users\diego\Downloads\CASE_DESEMPENHO\03_Conteiner\SHELL\2026_2T\q2-2026-speech-transcript.pdf;0
2075;SHELL;0001306965;PDF;.pdf;q4-2025-slides-with-accessibility.pdf;C:\Users\diego\Downloads\CASE_DESEMPENHO\03_Conteiner\SHELL\2025_4T;MANUAL;https://www.shell.com/investors/results-and-reporting/quarterly-results.html;322b5e2896bebc21584b241126d7d5d5831f86d7f4a4c83a9b19bf6b0a72c990;NAO_PROCESSADO;0;;2026-10-04 20:54:35;2026-10-06 03:21:25;PDF pulado: narrativo ('slides');C:\Users\diego\Downloads\CASE_DESEMPENHO\03_Conteiner\SHELL\2025_4T\q4-2025-slides-with-accessibility.pdf;0
2076;SHELL;0001306965;PDF;.pdf;q4-2025-slides.pdf;C:\Users\diego\Downloads\CASE_DESEMPENHO\03_Conteiner\SHELL\2025_4T;MANUAL;https://www.shell.com/investors/results-and-reporting/quarterly-results.html;93d42b854b97f7003124c0b70a2c66eb1c048d12e7a0f519bd7c4699c5f6fa32;NAO_PROCESSADO;0;;2026-10-04 20:54:35;2026-10-06 03:21:25;PDF pulado: narrativo ('slides');C:\Users\diego\Downloads\CASE_DESEMPENHO\03_Conteiner\SHELL\2025_4T\q4-2025-slides.pdf;0
2077;SHELL;0001306965;PDF;.pdf;q4-2025-speech-transcript.pdf;C:\Users\diego\Downloads\CASE_DESEMPENHO\03_Conteiner\SHELL\2025_4T;MANUAL;https://www.shell.com/investors/results-and-reporting/quarterly-results.html;db2c8ae26b7f85d747fe57f6f7b3dd37b770ed2f77d4a407e6def657481214e2;NAO_PROCESSADO;0;;2026-10-04 20:54:36;2026-10-06 03:21:25;PDF pulado: narrativo ('speech');C:\Users\diego\Downloads\CASE_DESEMPENHO\03_Conteiner\SHELL\2025_4T\q4-2025-speech-transcript.pdf;0
2079;SHELL;0001306965;XLSX;.xlsx;q1-2026-quarterly-databook.xlsx;C:\Users\diego\Downloads\CASE_DESEMPENHO\03_Conteiner\SHELL\2026_1T;MANUAL;https://www.shell.com/investors/results-and-reporting/quarterly-results.html;f5fbb7adeb1bf733ecc96f75fe0bbe6426f04f36361c633183c23e8d5d054aa4;PROCESSADO;231;2750;2026-10-04 20:54:36;2026-10-06 03:22:49;;C:\Users\diego\Downloads\CASE_DESEMPENHO\03_Conteiner\SHELL\2026_1T\q1-2026-quarterly-databook.xlsx;0
2080;SHELL;0001306965;PDF;.pdf;q1-2026-quarterly-press-release.pdf;C:\Users\diego\Downloads\CASE_DESEMPENHO\03_Conteiner\SHELL\2026_1T;MANUAL;https://www.shell.com/investors/results-and-reporting/quarterly-results.html;e34723cc794129f090b2e902c04275f7659640ff64aaf0efe151452297a7f363;PROCESSADO;15;139;2026-10-04 20:54:36;2026-10-06 03:22:58;;C:\Users\diego\Downloads\CASE_DESEMPENHO\03_Conteiner\SHELL\2026_1T\q1-2026-quarterly-press-release.pdf;0
2085;SHELL;0001306965;XLSX;.xlsx;q2-2026-quarterly-databook.xlsx;C:\Users\diego\Downloads\CASE_DESEMPENHO\03_Conteiner\SHELL\2026_2T;MANUAL;https://www.shell.com/investors/results-and-reporting/quarterly-results.html;af37add3d5a988b5c106596820a07e39fbc4bc2b6c1fb1b1224dfa1ed7e4980f;PROCESSADO;242;2719;2026-10-04 20:54:36;2026-10-06 03:22:50;;C:\Users\diego\Downloads\CASE_DESEMPENHO\03_Conteiner\SHELL\2026_2T\q2-2026-quarterly-databook.xlsx;36
2086;SHELL;0001306965;PDF;.pdf;q2-2026-quarterly-press-release.pdf;C:\Users\diego\Downloads\CASE_DESEMPENHO\03_Conteiner\SHELL\2026_2T;MANUAL;https://www.shell.com/investors/results-and-reporting/quarterly-results.html;9dbf8236746dcb3ef82b20aa2f1b4df3a779ba3c083df0b881f2c4dfad0ba2be;PROCESSADO;15;133;2026-10-04 20:54:36;2026-10-06 03:22:58;;C:\Users\diego\Downloads\CASE_DESEMPENHO\03_Conteiner\SHELL\2026_2T\q2-2026-quarterly-press-release.pdf;0
2073;SHELL;0001306965;XLSX;.xlsx;q4-2025-quarterly-databook.xlsx;C:\Users\diego\Downloads\CASE_DESEMPENHO\03_Conteiner\SHELL\2025_4T;MANUAL;https://www.shell.com/investors/results-and-reporting/quarterly-results.html;3e17753ec4960d63419627588d8230b4c14e67e74ec804fd00a049880ecf19ec;PROCESSADO;264;2929;2026-10-04 20:54:35;2026-10-06 03:22:48;;C:\Users\diego\Downloads\CASE_DESEMPENHO\03_Conteiner\SHELL\2025_4T\q4-2025-quarterly-databook.xlsx;0
2074;SHELL;0001306965;PDF;.pdf;q4-2025-quarterly-press-release.pdf;C:\Users\diego\Downloads\CASE_DESEMPENHO\03_Conteiner\SHELL\2025_4T;MANUAL;https://www.shell.com/investors/results-and-reporting/quarterly-results.html;f3bce2ef8b7a69a113d5b6882d0cc71d86a7643d19e64b21eb08e56f993875f6;PROCESSADO;15;161;2026-10-04 20:54:35;2026-10-06 03:22:58;;C:\Users\diego\Downloads\CASE_DESEMPENHO\03_Conteiner\SHELL\2025_4T\q4-2025-quarterly-press-release.pdf;0
2841;SHELL;0001306965;HTML;.htm;R14.htm;C:\Users\diego\Downloads\CASE_DESEMPENHO\01_app_notellm\data\downloads\SHELL;SEC:6-K/anexo;https://www.sec.gov/Archives/edgar/data/1306965/000162828026050763/R14.htm;1e354ae69beeb8d38b3258499a199f9b72b0c0a5a0ef6804873605929aa12f8f;SEM_DADOS;0;21;2026-10-05 22:49:50;2026-10-06 03:22:52;parser nao extraiu nenhuma linha numerica deste documento;C:\Users\diego\Downloads\CASE_DESEMPENHO\01_app_notellm\data\downloads\SHELL\R14.htm;0
2843;SHELL;0001306965;HTML;.htm;R17.htm;C:\Users\diego\Downloads\CASE_DESEMPENHO\01_app_notellm\data\downloads\SHELL;SEC:6-K/anexo;https://www.sec.gov/Archives/edgar/data/1306965/000162828026050763/R17.htm;1e6c6880032bd68a7e9a519d287745a2175bc86a9c6fa59ed0af3ef78fcd38bc;SEM_DADOS;0;23;2026-10-05 22:49:50;2026-10-06 03:22:52;parser nao extraiu nenhuma linha numerica deste documento;C:\Users\diego\Downloads\CASE_DESEMPENHO\01_app_notellm\data\downloads\SHELL\R17.htm;0
2844;SHELL;0001306965;HTML;.htm;R4.htm;C:\Users\diego\Downloads\CASE_DESEMPENHO\01_app_notellm\data\downloads\SHELL;SEC:6-K/anexo;https://www.sec.gov/Archives/edgar/data/1306965/000162828026050763/R4.htm;7713e0660391b94f2bfcfe3e21da3c737fc34e3dd14bafdac0c90f7a548fec74;SEM_DADOS;0;24;2026-10-05 22:49:50;2026-10-06 03:22:52;parser nao extraiu nenhuma linha numerica deste documento;C:\Users\diego\Downloads\CASE_DESEMPENHO\01_app_notellm\data\downloads\SHELL\R4.htm;0
2845;SHELL;0001306965;HTML;.htm;R6.htm;C:\Users\diego\Downloads\CASE_DESEMPENHO\01_app_notellm\data\downloads\SHELL;SEC:6-K/anexo;https://www.sec.gov/Archives/edgar/data/1306965/000162828026050763/R6.htm;e3b4fb13348208567505efa6a3a0a43bd4c4db83ada39a7e463f528f10322fa1;SEM_DADOS;0;13;2026-10-05 22:49:50;2026-10-06 03:22:52;parser nao extraiu nenhuma linha numerica deste documento;C:\Users\diego\Downloads\CASE_DESEMPENHO\01_app_notellm\data\downloads\SHELL\R6.htm;0
2842;SHELL;0001306965;HTML;.htm;R8.htm;C:\Users\diego\Downloads\CASE_DESEMPENHO\01_app_notellm\data\downloads\SHELL;SEC:6-K/anexo;https://www.sec.gov/Archives/edgar/data/1306965/000162828026050763/R8.htm;b4f77ba0f4bd9cdfcf4a9fed73d48e545d3375401ff90c4a358dcc7fc9be967c;SEM_DADOS;0;21;2026-10-05 22:49:50;2026-10-06 03:22:52;parser nao extraiu nenhuma linha numerica deste documento;C:\Users\diego\Downloads\CASE_DESEMPENHO\01_app_notellm\data\downloads\SHELL\R8.htm;0
2078;SHELL;0001306965;PDF;.pdf;q1-2026-qra-document.pdf;C:\Users\diego\Downloads\CASE_DESEMPENHO\03_Conteiner\SHELL\2026_1T;MANUAL;https://www.shell.com/investors/results-and-reporting/quarterly-results.html;a7647f5995c2a48363d504f28667be0120e3336af0de688a77dcf3a958dc6cd8;SEM_DADOS;12;182;2026-10-04 20:54:36;2026-10-06 03:22:58;"extraiu 12, mas nada foi gravado: 9 ignoradas: fato existente com confianca maior; 3 fora dos periodos-alvo";C:\Users\diego\Downloads\CASE_DESEMPENHO\03_Conteiner\SHELL\2026_1T\q1-2026-qra-document.pdf;0
2084;SHELL;0001306965;PDF;.pdf;q2-2026-qra-document.pdf;C:\Users\diego\Downloads\CASE_DESEMPENHO\03_Conteiner\SHELL\2026_2T;MANUAL;https://www.shell.com/investors/results-and-reporting/quarterly-results.html;102fb8a83376054d3b4f936744d0476c0f8629c84222482f7f7da0bdeb4b4a75;SEM_DADOS;8;191;2026-10-04 20:54:36;2026-10-06 03:22:58;"extraiu 8, mas nada foi gravado: 6 ignoradas: fato existente com confianca maior; 2 fora dos periodos-alvo";C:\Users\diego\Downloads\CASE_DESEMPENHO\03_Conteiner\SHELL\2026_2T\q2-2026-qra-document.pdf;0
2072;SHELL;0001306965;PDF;.pdf;q4-2025-qra-document.pdf;C:\Users\diego\Downloads\CASE_DESEMPENHO\03_Conteiner\SHELL\2025_4T;MANUAL;https://www.shell.com/investors/results-and-reporting/quarterly-results.html;86976d54c17bdd2f9407abf04c4aa38b6312ef6cde2040764f83313ae574dfc1;SEM_DADOS;6;354;2026-10-04 20:54:35;2026-10-06 03:22:58;"extraiu 6, mas nada foi gravado: 4 ignoradas: fato existente com confianca maior; 2 fora dos periodos-alvo";C:\Users\diego\Downloads\CASE_DESEMPENHO\03_Conteiner\SHELL\2025_4T\q4-2025-qra-document.pdf;0
2840;SHELL;0001306965;HTML;.htm;shel-20260630.htm;C:\Users\diego\Downloads\CASE_DESEMPENHO\01_app_notellm\data\downloads\SHELL;SEC:6-K/anexo;https://www.sec.gov/Archives/edgar/data/1306965/000162828026050763/shel-20260630.htm;581b9b849ef364bd8a01ba3d228ad4212865a2075a23bb1dbaafd52131f58fc2;SEM_DADOS;3;253;2026-10-05 22:49:49;2026-10-06 03:22:52;"extraiu 3, mas nada foi gravado: 2 ignoradas: fato existente com confianca maior; 1 fora dos periodos-alvo";C:\Users\diego\Downloads\CASE_DESEMPENHO\01_app_notellm\data\downloads\SHELL\shel-20260630.htm;0
2852;SHELL;0001306965;HTML;.htm;shel-20260630_d2.htm;C:\Users\diego\Downloads\CASE_DESEMPENHO\01_app_notellm\data\downloads\SHELL;CONTAINER;https://www.shell.com/investors/results-and-reporting/quarterly-results.html;a41b4da103452659fc12394d4e7ff4ed9e037b24dc6bfe6d4ae9dfd23cd5d374;SEM_DADOS;0;7;2026-10-05 22:55:21;2026-10-06 03:22:52;parser nao extraiu nenhuma linha numerica deste documento;C:\Users\diego\Downloads\CASE_DESEMPENHO\01_app_notellm\data\downloads\SHELL\shel-20260630_d2.htm;0
2355;TOTALENERGIES;0000879764;PDF;.pdf;02-12022015_dividend.pdf;;MANUAL;https://totalenergies.com/sites/g/files/nytnzq121/files/atoms/files/02-12022015_dividend.pdf;;NAO_BAIXADO;0;;2026-10-04 20:57:21;2026-10-06 03:21:13;;;0
2265;TOTALENERGIES;0000879764;PDF;.pdf;05052020-total-announces-the-first-2020-interim-dividend.pdf;;MANUAL;https://totalenergies.com/sites/g/files/nytnzq121/files/documents/2020-06/05052020-total-announces-the-first-2020-interim-dividend.pdf;;NAO_BAIXADO;0;;2026-10-04 20:57:15;2026-10-06 03:21:17;;;0
2238;TOTALENERGIES;0000879764;PDF;.pdf;10-28102021-total-energies-announces-the-third-2021-interim-dividend-stable-at-0-66-eur-per-share.pdf;;MANUAL;https://totalenergies.com/system/files/documents/2021-10/10-28102021-total-energies-announces-the-third-2021-interim-dividend-stable-at-0-66-eur-per-share.pdf;;NAO_BAIXADO;0;;2026-10-04 20:57:13;2026-10-06 03:21:18;;;0
2337;TOTALENERGIES;0000879764;PDF;.pdf;110216_total_proposes_a_fourth_quarter_2015_dividend_of_0.61_euros_per_share_.pdf;;MANUAL;https://totalenergies.com/sites/g/files/nytnzq121/files/atoms/files/110216_total_proposes_a_fourth_quarter_2015_dividend_of_0.61_euros_per_share_.pdf;;NAO_BAIXADO;0;;2026-10-04 20:57:19;2026-10-06 03:21:15;;;0
2303;TOTALENERGIES;0000879764;PDF;.pdf;180207_investors_day_a5_v5.pdf;;MANUAL;https://totalenergies.com/sites/g/files/nytnzq121/files/atoms/files/180207_investors_day_a5_v5.pdf;;NAO_BAIXADO;0;;2026-10-04 20:57:17;2026-10-06 03:21:16;;;0
2226;TOTALENERGIES;0000879764;PDF;.pdf;1Q22_Results.pdf;;MANUAL;https://totalenergies.com/system/files/documents/2022-04/1Q22_Results.pdf;;NAO_BAIXADO;0;;2026-10-04 20:57:12;2026-10-06 03:21:19;;;0
2366;TOTALENERGIES;0000879764;PDF;.pdf;1q14_notes.pdf;;MANUAL;https://totalenergies.com/sites/g/files/nytnzq121/files/atoms/files/1q14_notes.pdf;;NAO_BAIXADO;0;;2026-10-04 20:57:21;2026-10-06 03:21:14;;;0
2351;TOTALENERGIES;0000879764;PDF;.pdf;1q15-_interim-dividend.pdf;;MANUAL;https://totalenergies.com/sites/g/files/nytnzq121/files/atoms/files/1q15-_interim-dividend.pdf;;NAO_BAIXADO;0;;2026-10-04 20:57:20;2026-10-06 03:21:14;;;0
2349;TOTALENERGIES;0000879764;PDF;.pdf;1q15-accounts.pdf;;MANUAL;https://totalenergies.com/sites/g/files/nytnzq121/files/atoms/files/1q15-accounts.pdf;;NAO_BAIXADO;0;;2026-10-04 20:57:20;2026-10-06 03:21:14;;;0
2350;TOTALENERGIES;0000879764;PDF;.pdf;1q15-notes.pdf;;MANUAL;https://totalenergies.com/sites/g/files/nytnzq121/files/atoms/files/1q15-notes.pdf;;NAO_BAIXADO;0;;2026-10-04 20:57:20;2026-10-06 03:21:14;;;0
2348;TOTALENERGIES;0000879764;PDF;.pdf;1q15-results.pdf;;MANUAL;https://totalenergies.com/sites/g/files/nytnzq121/files/atoms/files/1q15-results.pdf;;NAO_BAIXADO;0;;2026-10-04 20:57:20;2026-10-06 03:21:14;;;0
2331;TOTALENERGIES;0000879764;PDF;.pdf;1q16-accounts.pdf;;MANUAL;https://totalenergies.com/sites/g/files/nytnzq121/files/atoms/files/1q16-accounts.pdf;;NAO_BAIXADO;0;;2026-10-04 20:57:19;2026-10-06 03:21:15;;;0
2333;TOTALENERGIES;0000879764;PDF;.pdf;1q16-dividend.pdf;;MANUAL;https://totalenergies.com/sites/g/files/nytnzq121/files/atoms/files/1q16-dividend.pdf;;NAO_BAIXADO;0;;2026-10-04 20:57:19;2026-10-06 03:21:15;;;0
2332;TOTALENERGIES;0000879764;PDF;.pdf;1q16-notes.pdf;;MANUAL;https://totalenergies.com/sites/g/files/nytnzq121/files/atoms/files/1q16-notes.pdf;;NAO_BAIXADO;0;;2026-10-04 20:57:19;2026-10-06 03:21:15;;;0
2330;TOTALENERGIES;0000879764;PDF;.pdf;1q16-results.pdf;;MANUAL;https://totalenergies.com/sites/g/files/nytnzq121/files/atoms/files/1q16-results.pdf;;NAO_BAIXADO;0;;2026-10-04 20:57:19;2026-10-06 03:21:15;;;0
2314;TOTALENERGIES;0000879764;PDF;.pdf;1q17_accounts_0.pdf;;MANUAL;https://totalenergies.com/sites/g/files/nytnzq121/files/atoms/files/1q17_accounts_0.pdf;;NAO_BAIXADO;0;;2026-10-04 20:57:18;2026-10-06 03:21:15;;;0
2315;TOTALENERGIES;0000879764;PDF;.pdf;1q17_notes.pdf;;MANUAL;https://totalenergies.com/sites/g/files/nytnzq121/files/atoms/files/1q17_notes.pdf;;NAO_BAIXADO;0;;2026-10-04 20:57:18;2026-10-06 03:21:15;;;0
2313;TOTALENERGIES;0000879764;PDF;.pdf;1q17_results.pdf;;MANUAL;https://totalenergies.com/sites/g/files/nytnzq121/files/atoms/files/1q17_results.pdf;;NAO_BAIXADO;0;;2026-10-04 20:57:18;2026-10-06 03:21:15;;;0
2297;TOTALENERGIES;0000879764;PDF;.pdf;1q18-accounts.pdf;;MANUAL;https://totalenergies.com/sites/g/files/nytnzq121/files/atoms/files/1q18-accounts.pdf;;NAO_BAIXADO;0;;2026-10-04 20:57:17;2026-10-06 03:21:15;;;0
2298;TOTALENERGIES;0000879764;PDF;.pdf;1q18-notes-to-the_accounts.pdf;;MANUAL;https://totalenergies.com/sites/g/files/nytnzq121/files/atoms/files/1q18-notes-to-the_accounts.pdf;;NAO_BAIXADO;0;;2026-10-04 20:57:17;2026-10-06 03:21:15;;;0
2296;TOTALENERGIES;0000879764;PDF;.pdf;1q18-results.pdf;;MANUAL;https://totalenergies.com/sites/g/files/nytnzq121/files/atoms/files/1q18-results.pdf;;NAO_BAIXADO;0;;2026-10-04 20:57:17;2026-10-06 03:21:15;;;0
2299;TOTALENERGIES;0000879764;PDF;.pdf;1q18-total-declares-its-first-interim-dividend-for-2018.pdf;;MANUAL;https://totalenergies.com/sites/g/files/nytnzq121/files/atoms/files/1q18-total-declares-its-first-interim-dividend-for-2018.pdf;;NAO_BAIXADO;0;;2026-10-04 20:57:17;2026-10-06 03:21:16;;;0
2280;TOTALENERGIES;0000879764;PDF;.pdf;1q19-accounts.pdf;;MANUAL;https://totalenergies.com/sites/g/files/nytnzq121/files/atoms/files/1q19-accounts.pdf;;NAO_BAIXADO;0;;2026-10-04 20:57:16;2026-10-06 03:21:16;;;0
2279;TOTALENERGIES;0000879764;PDF;.pdf;1q19-results.pdf;;MANUAL;https://totalenergies.com/sites/g/files/nytnzq121/files/atoms/files/1q19-results.pdf;;NAO_BAIXADO;0;;2026-10-04 20:57:16;2026-10-06 03:21:16;;;0
2263;TOTALENERGIES;0000879764;PDF;.pdf;1q20-accounts-en.pdf;;MANUAL;https://totalenergies.com/sites/g/files/nytnzq121/files/documents/2020-06/1q20-accounts-en.pdf;;NAO_BAIXADO;0;;2026-10-04 20:57:15;2026-10-06 03:21:17;;;0
2264;TOTALENERGIES;0000879764;PDF;.pdf;1q20-notes.pdf;;MANUAL;https://totalenergies.com/sites/g/files/nytnzq121/files/documents/2020-06/1q20-notes.pdf;;NAO_BAIXADO;0;;2026-10-04 20:57:15;2026-10-06 03:21:17;;;0
2262;TOTALENERGIES;0000879764;PDF;.pdf;1q20-results.pdf;;MANUAL;https://totalenergies.com/sites/g/files/nytnzq121/files/documents/2020-06/1q20-results.pdf;;NAO_BAIXADO;0;;2026-10-04 20:57:15;2026-10-06 03:21:17;;;0
2316;TOTALENERGIES;0000879764;PDF;.pdf;1t17_dividends.pdf;;MANUAL;https://totalenergies.com/sites/g/files/nytnzq121/files/atoms/files/1t17_dividends.pdf;;NAO_BAIXADO;0;;2026-10-04 20:57:18;2026-10-06 03:21:15;;;0
2390;TOTALENERGIES;0000879764;PDF;.pdf;201210331-accounts-notes-2012.pdf;;MANUAL;https://totalenergies.com/sites/g/files/nytnzq121/files/atoms/files/201210331-accounts-notes-2012.pdf;;NAO_BAIXADO;0;;2026-10-04 20:57:23;2026-10-06 03:21:12;;;0
2391;TOTALENERGIES;0000879764;PDF;.pdf;201210331-interim-dividend-2012.pdf;;MANUAL;https://totalenergies.com/sites/g/files/nytnzq121/files/atoms/files/201210331-interim-dividend-2012.pdf;;NAO_BAIXADO;0;;2026-10-04 20:57:23;2026-10-06 03:21:12;;;0
2267;TOTALENERGIES;0000879764;PDF;.pdf;2019_4T_accounts_EN.pdf;;MANUAL;https://totalenergies.com/sites/g/files/nytnzq121/files/documents/2023-12/2019_4T_accounts_EN.pdf;;NAO_BAIXADO;0;;2026-10-04 20:57:15;2026-10-06 03:21:17;;;0
2268;TOTALENERGIES;0000879764;PDF;.pdf;2019_4T_dividend_EN.pdf;;MANUAL;https://totalenergies.com/sites/g/files/nytnzq121/files/documents/2023-12/2019_4T_dividend_EN.pdf;;NAO_BAIXADO;0;;2026-10-04 20:57:15;2026-10-06 03:21:17;;;0
2266;TOTALENERGIES;0000879764;PDF;.pdf;2019_4T_results_EN.pdf;;MANUAL;https://totalenergies.com/sites/g/files/nytnzq121/files/documents/2023-12/2019_4T_results_EN.pdf;;NAO_BAIXADO;0;;2026-10-04 20:57:15;2026-10-06 03:21:17;;;0
2269;TOTALENERGIES;0000879764;PDF;.pdf;2019_results_and_outlook_february_2020_presentation.pdf;;MANUAL;https://totalenergies.com/sites/g/files/nytnzq121/files/documents/2023-12/2019_results_and_outlook_february_2020_presentation.pdf;;NAO_BAIXADO;0;;2026-10-04 20:57:15;2026-10-06 03:21:17;;;0
2251;TOTALENERGIES;0000879764;PDF;.pdf;2020_results_outlook.pdf;;MANUAL;https://totalenergies.com/system/files/documents/2021-02/2020_results_outlook.pdf;;NAO_BAIXADO;0;;2026-10-04 20:57:14;2026-10-06 03:21:17;;;0
2241;TOTALENERGIES;0000879764;PDF;.pdf;20210630_Annexe_Comptes_EN.pdf;;MANUAL;https://totalenergies.com/system/files/documents/2021-07/20210630_Annexe_Comptes_EN.pdf;;NAO_BAIXADO;0;;2026-10-04 20:57:13;2026-10-06 03:21:18;;;0
2240;TOTALENERGIES;0000879764;PDF;.pdf;20210630_Etats_financiers_EN.pdf;;MANUAL;https://totalenergies.com/system/files/documents/2021-07/20210630_Etats_financiers_EN.pdf;;NAO_BAIXADO;0;;2026-10-04 20:57:13;2026-10-06 03:21:18;;;0
2242;TOTALENERGIES;0000879764;PDF;.pdf;20210729_TotalEnergies-announces-the-second-2021-interim-dividend-stable_0.66-Eur-per-share.pdf;;MANUAL;https://totalenergies.com/system/files/documents/2021-07/20210729_TotalEnergies-announces-the-second-2021-interim-dividend-stable_0.66-Eur-per-share.pdf;;NAO_BAIXADO;0;;2026-10-04 20:57:13;2026-10-06 03:21:18;;;0
2225;TOTALENERGIES;0000879764;PDF;.pdf;2022-Jul-28-TotalEnergies_2Q22_conference_call_transcript.pdf;;MANUAL;https://totalenergies.com/sites/g/files/nytnzq121/files/documents/2022-08/2022-Jul-28-TotalEnergies_2Q22_conference_call_transcript.pdf;;NAO_BAIXADO;0;;2026-10-04 20:57:12;2026-10-06 03:21:19;;;0
2219;TOTALENERGIES;0000879764;PDF;.pdf;2022-oct-27_TotalEnergies_3Q22_conference_call_transcript.pdf;;MANUAL;https://totalenergies.com/sites/g/files/nytnzq121/files/documents/2022-11/2022-oct-27_TotalEnergies_3Q22_conference_call_transcript.pdf;;NAO_BAIXADO;0;;2026-10-04 20:57:12;2026-10-06 03:21:19;;;0
2232;TOTALENERGIES;0000879764;PDF;.pdf;20220210_TotalEnergies_February_9_2022_Board_of_Directors_decisions.pdf;;MANUAL;https://totalenergies.com/system/files/documents/2022-02/20220210_TotalEnergies_February_9_2022_Board_of_Directors_decisions.pdf;;NAO_BAIXADO;0;;2026-10-04 20:57:13;2026-10-06 03:21:18;;;0
2208;TOTALENERGIES;0000879764;PDF;.pdf;2023-Apr-27-TotalEnergies_1Q23_conference_call_transcript_0.pdf;;MANUAL;https://totalenergies.com/sites/g/files/nytnzq121/files/documents/2023-05/2023-Apr-27-TotalEnergies_1Q23_conference_call_transcript_0.pdf;;NAO_BAIXADO;0;;2026-10-04 20:57:11;2026-10-06 03:21:20;;;0
2202;TOTALENERGIES;0000879764;PDF;.pdf;2023-Jul-27-TotalEnergies_2Q23_conference_call_transcript.pdf;;MANUAL;https://totalenergies.com/sites/g/files/nytnzq121/files/documents/2023-07/2023-Jul-27-TotalEnergies_2Q23_conference_call_transcript.pdf;;NAO_BAIXADO;0;;2026-10-04 20:57:11;2026-10-06 03:21:19;;;0
2185;TOTALENERGIES;0000879764;PDF;.pdf;2023_Q4_TotalEnergies_Financial_statements.pdf;;MANUAL;https://totalenergies.com/sites/g/files/nytnzq121/files/documents/2024-02/2023_Q4_TotalEnergies_Financial_statements.pdf;;NAO_BAIXADO;0;;2026-10-04 20:57:10;2026-10-06 03:21:20;;;0
2233;TOTALENERGIES;0000879764;PDF;.pdf;220210_Master_Presentation_2021_Results_2022_Oultook.pdf;;MANUAL;https://totalenergies.com/sites/g/files/nytnzq121/files/documents/2022-02/220210_Master_Presentation_2021_Results_2022_Oultook.pdf;;NAO_BAIXADO;0;;2026-10-04 20:57:13;2026-10-06 03:21:18;;;0
2307;TOTALENERGIES;0000879764;PDF;.pdf;271017_total_announces_its_third_interim_dividend_for_2017.pdf;;MANUAL;https://totalenergies.com/sites/g/files/nytnzq121/files/atoms/files/271017_total_announces_its_third_interim_dividend_for_2017.pdf;;NAO_BAIXADO;0;;2026-10-04 20:57:17;2026-10-06 03:21:16;;;0
2218;TOTALENERGIES;0000879764;PDF;.pdf;27102022_TotalEnergies_announces_third_2022_interim_dividend_and_sets_terms_of_special_interim_dividend.pdf;;MANUAL;https://totalenergies.com/system/files/documents/2022-10/27102022_TotalEnergies_announces_third_2022_interim_dividend_and_sets_terms_of_special_interim_dividend.pdf;;NAO_BAIXADO;0;;2026-10-04 20:57:12;2026-10-06 03:21:19;;;0
2239;TOTALENERGIES;0000879764;PDF;.pdf;2Q21-Results.pdf;;MANUAL;https://totalenergies.com/system/files/documents/2021-07/2Q21-Results.pdf;;NAO_BAIXADO;0;;2026-10-04 20:57:13;2026-10-06 03:21:18;;;0
2220;TOTALENERGIES;0000879764;PDF;.pdf;2Q22_Results.pdf;;MANUAL;https://totalenergies.com/system/files/documents/2022-07/2Q22_Results.pdf;;NAO_BAIXADO;0;;2026-10-04 20:57:12;2026-10-06 03:21:19;;;0
2389;TOTALENERGIES;0000879764;PDF;.pdf;2Total-Consolidated-Financial-Statements-3Q2012.pdf;;MANUAL;https://totalenergies.com/sites/g/files/nytnzq121/files/atoms/file/2Total-Consolidated-Financial-Statements-3Q2012.pdf;;NAO_BAIXADO;0;;2026-10-04 20:57:22;2026-10-06 03:21:13;;;0
2309;TOTALENERGIES;0000879764;PDF;.pdf;2q-accounts.pdf;;MANUAL;https://totalenergies.com/sites/g/files/nytnzq121/files/atoms/files/2q-accounts.pdf;;NAO_BAIXADO;0;;2026-10-04 20:57:17;2026-10-06 03:21:16;;;0
2311;TOTALENERGIES;0000879764;PDF;.pdf;2q-dividend-cp.pdf;;MANUAL;https://totalenergies.com/sites/g/files/nytnzq121/files/atoms/files/2q-dividend-cp.pdf;;NAO_BAIXADO;0;;2026-10-04 20:57:17;2026-10-06 03:21:16;;;0
2344;TOTALENERGIES;0000879764;PDF;.pdf;2q15-accounts.pdf;;MANUAL;https://totalenergies.com/sites/g/files/nytnzq121/files/atoms/files/2q15-accounts.pdf;;NAO_BAIXADO;0;;2026-10-04 20:57:20;2026-10-06 03:21:14;;;0
2345;TOTALENERGIES;0000879764;PDF;.pdf;2q15-notes.pdf;;MANUAL;https://totalenergies.com/sites/g/files/nytnzq121/files/atoms/files/2q15-notes.pdf;;NAO_BAIXADO;0;;2026-10-04 20:57:20;2026-10-06 03:21:14;;;0
2343;TOTALENERGIES;0000879764;PDF;.pdf;2q15-results.pdf;;MANUAL;https://totalenergies.com/sites/g/files/nytnzq121/files/atoms/files/2q15-results.pdf;;NAO_BAIXADO;0;;2026-10-04 20:57:20;2026-10-06 03:21:14;;;0
2328;TOTALENERGIES;0000879764;PDF;.pdf;2q16-dividend.pdf;;MANUAL;https://totalenergies.com/sites/g/files/nytnzq121/files/atoms/files/2q16-dividend.pdf;;NAO_BAIXADO;0;;2026-10-04 20:57:19;2026-10-06 03:21:15;;;0
2308;TOTALENERGIES;0000879764;PDF;.pdf;2q17-results-final.pdf;;MANUAL;https://totalenergies.com/sites/g/files/nytnzq121/files/atoms/files/2q17-results-final.pdf;;NAO_BAIXADO;0;;2026-10-04 20:57:17;2026-10-06 03:21:16;;;0
2292;TOTALENERGIES;0000879764;PDF;.pdf;2q18-accounts.pdf;;MANUAL;https://totalenergies.com/sites/g/files/nytnzq121/files/atoms/files/2q18-accounts.pdf;;NAO_BAIXADO;0;;2026-10-04 20:57:16;2026-10-06 03:21:16;;;0
2293;TOTALENERGIES;0000879764;PDF;.pdf;2q18-notes.pdf;;MANUAL;https://totalenergies.com/sites/g/files/nytnzq121/files/atoms/files/2q18-notes.pdf;;NAO_BAIXADO;0;;2026-10-04 20:57:16;2026-10-06 03:21:16;;;0
2291;TOTALENERGIES;0000879764;PDF;.pdf;2q18-results.pdf;;MANUAL;https://totalenergies.com/sites/g/files/nytnzq121/files/atoms/files/2q18-results.pdf;;NAO_BAIXADO;0;;2026-10-04 20:57:16;2026-10-06 03:21:16;;;0
2275;TOTALENERGIES;0000879764;PDF;.pdf;2q19-accounts.pdf;;MANUAL;https://totalenergies.com/sites/g/files/nytnzq121/files/atoms/files/2q19-accounts.pdf;;NAO_BAIXADO;0;;2026-10-04 20:57:15;2026-10-06 03:21:17;;;0
2276;TOTALENERGIES;0000879764;PDF;.pdf;2q19-notes.pdf;;MANUAL;https://totalenergies.com/sites/g/files/nytnzq121/files/atoms/files/2q19-notes.pdf;;NAO_BAIXADO;0;;2026-10-04 20:57:15;2026-10-06 03:21:17;;;0
2274;TOTALENERGIES;0000879764;PDF;.pdf;2q19-results.pdf;;MANUAL;https://totalenergies.com/sites/g/files/nytnzq121/files/news/2q19-results.pdf;;NAO_BAIXADO;0;;2026-10-04 20:57:15;2026-10-06 03:21:17;;;0
2260;TOTALENERGIES;0000879764;PDF;.pdf;2q20-dividends.pdf;;MANUAL;https://totalenergies.com/system/files/documents/2020-07/2q20-dividends.pdf;;NAO_BAIXADO;0;;2026-10-04 20:57:14;2026-10-06 03:21:18;;;0
2257;TOTALENERGIES;0000879764;PDF;.pdf;2q20-results.pdf;;MANUAL;https://totalenergies.com/system/files/documents/2020-07/2q20-results.pdf;;NAO_BAIXADO;0;;2026-10-04 20:57:14;2026-10-06 03:21:18;;;0
2253;TOTALENERGIES;0000879764;PDF;.pdf;3Q20-Results.pdf;;MANUAL;https://totalenergies.com/system/files/documents/2020-10/3Q20-Results.pdf;;NAO_BAIXADO;0;;2026-10-04 20:57:14;2026-10-06 03:21:17;;;0
2215;TOTALENERGIES;0000879764;PDF;.pdf;3Q22_Results.pdf;;MANUAL;https://totalenergies.com/system/files/documents/2022-10/3Q22_Results.pdf;;NAO_BAIXADO;0;;2026-10-04 20:57:12;2026-10-06 03:21:18;;;0
2358;TOTALENERGIES;0000879764;PDF;.pdf;3q14-accounts.pdf;;MANUAL;https://totalenergies.com/sites/g/files/nytnzq121/files/atoms/files/3q14-accounts.pdf;;NAO_BAIXADO;0;;2026-10-04 20:57:21;2026-10-06 03:21:13;;;0
2359;TOTALENERGIES;0000879764;PDF;.pdf;3q14-notes.pdf;;MANUAL;https://totalenergies.com/sites/g/files/nytnzq121/files/atoms/files/3q14-notes.pdf;;NAO_BAIXADO;0;;2026-10-04 20:57:21;2026-10-06 03:21:13;;;0
2357;TOTALENERGIES;0000879764;PDF;.pdf;3q14-results.pdf;;MANUAL;https://totalenergies.com/sites/g/files/nytnzq121/files/atoms/files/3q14-results.pdf;;NAO_BAIXADO;0;;2026-10-04 20:57:21;2026-10-06 03:21:13;;;0
2340;TOTALENERGIES;0000879764;PDF;.pdf;3q15-accounts.pdf;;MANUAL;https://totalenergies.com/sites/g/files/nytnzq121/files/atoms/files/3q15-accounts.pdf;;NAO_BAIXADO;0;;2026-10-04 20:57:20;2026-10-06 03:21:14;;;0
2341;TOTALENERGIES;0000879764;PDF;.pdf;3q15-notes.pdf;;MANUAL;https://totalenergies.com/sites/g/files/nytnzq121/files/atoms/files/3q15-notes.pdf;;NAO_BAIXADO;0;;2026-10-04 20:57:20;2026-10-06 03:21:14;;;0
2339;TOTALENERGIES;0000879764;PDF;.pdf;3q15-results.pdf;;MANUAL;https://totalenergies.com/sites/g/files/nytnzq121/files/atoms/files/3q15-results.pdf;;NAO_BAIXADO;0;;2026-10-04 20:57:20;2026-10-06 03:21:14;;;0
2322;TOTALENERGIES;0000879764;PDF;.pdf;3q16-accounts.pdf;;MANUAL;https://totalenergies.com/sites/g/files/nytnzq121/files/atoms/files/3q16-accounts.pdf;;NAO_BAIXADO;0;;2026-10-04 20:57:18;2026-10-06 03:21:15;;;0
2324;TOTALENERGIES;0000879764;PDF;.pdf;3q16-dividend.pdf;;MANUAL;https://totalenergies.com/sites/g/files/nytnzq121/files/atoms/files/3q16-dividend.pdf;;NAO_BAIXADO;0;;2026-10-04 20:57:18;2026-10-06 03:21:15;;;0
2323;TOTALENERGIES;0000879764;PDF;.pdf;3q16-notes.pdf;;MANUAL;https://totalenergies.com/sites/g/files/nytnzq121/files/atoms/files/3q16-notes.pdf;;NAO_BAIXADO;0;;2026-10-04 20:57:18;2026-10-06 03:21:15;;;0
2321;TOTALENERGIES;0000879764;PDF;.pdf;3q16-results.pdf;;MANUAL;https://totalenergies.com/sites/g/files/nytnzq121/files/atoms/files/3q16-results.pdf;;NAO_BAIXADO;0;;2026-10-04 20:57:18;2026-10-06 03:21:15;;;0
2305;TOTALENERGIES;0000879764;PDF;.pdf;3q17_accounts.pdf;;MANUAL;https://totalenergies.com/sites/g/files/nytnzq121/files/atoms/files/3q17_accounts.pdf;;NAO_BAIXADO;0;;2026-10-04 20:57:17;2026-10-06 03:21:16;;;0
2306;TOTALENERGIES;0000879764;PDF;.pdf;3q17_notes.pdf;;MANUAL;https://totalenergies.com/sites/g/files/nytnzq121/files/atoms/files/3q17_notes.pdf;;NAO_BAIXADO;0;;2026-10-04 20:57:17;2026-10-06 03:21:16;;;0
2304;TOTALENERGIES;0000879764;PDF;.pdf;3q17_results.pdf;;MANUAL;https://totalenergies.com/sites/g/files/nytnzq121/files/atoms/files/3q17_results.pdf;;NAO_BAIXADO;0;;2026-10-04 20:57:17;2026-10-06 03:21:16;;;0
2288;TOTALENERGIES;0000879764;PDF;.pdf;3q18_accounts.pdf;;MANUAL;https://totalenergies.com/sites/g/files/nytnzq121/files/atoms/files/3q18_accounts.pdf;;NAO_BAIXADO;0;;2026-10-04 20:57:16;2026-10-06 03:21:16;;;0
2289;TOTALENERGIES;0000879764;PDF;.pdf;3q18_notes.pdf;;MANUAL;https://totalenergies.com/sites/g/files/nytnzq121/files/atoms/files/3q18_notes.pdf;;NAO_BAIXADO;0;;2026-10-04 20:57:16;2026-10-06 03:21:16;;;0
2287;TOTALENERGIES;0000879764;PDF;.pdf;3q18_results.pdf;;MANUAL;https://totalenergies.com/sites/g/files/nytnzq121/files/atoms/files/3q18_results.pdf;;NAO_BAIXADO;0;;2026-10-04 20:57:16;2026-10-06 03:21:16;;;0
2271;TOTALENERGIES;0000879764;PDF;.pdf;3q19_accounts.pdf;;MANUAL;https://totalenergies.com/sites/g/files/nytnzq121/files/atoms/files/3q19_accounts.pdf;;NAO_BAIXADO;0;;2026-10-04 20:57:15;2026-10-06 03:21:17;;;0
2272;TOTALENERGIES;0000879764;PDF;.pdf;3q19_notes.pdf;;MANUAL;https://totalenergies.com/sites/g/files/nytnzq121/files/atoms/files/3q19_notes.pdf;;NAO_BAIXADO;0;;2026-10-04 20:57:15;2026-10-06 03:21:17;;;0
2270;TOTALENERGIES;0000879764;PDF;.pdf;3q19_results.pdf;;MANUAL;https://totalenergies.com/sites/g/files/nytnzq121/files/atoms/files/3q19_results.pdf;;NAO_BAIXADO;0;;2026-10-04 20:57:15;2026-10-06 03:21:17;;;0
2256;TOTALENERGIES;0000879764;PDF;.pdf;3q20-dividends.pdf;;MANUAL;https://totalenergies.com/system/files/documents/2020-10/3q20-dividends.pdf;;NAO_BAIXADO;0;;2026-10-04 20:57:14;2026-10-06 03:21:18;;;0
2230;TOTALENERGIES;0000879764;PDF;.pdf;4Q21-Results.pdf;;MANUAL;https://totalenergies.com/system/files/documents/2022-02/4Q21-Results.pdf;;NAO_BAIXADO;0;;2026-10-04 20:57:12;2026-10-06 03:21:19;;;0
2353;TOTALENERGIES;0000879764;PDF;.pdf;4q14-accounts.pdf;;MANUAL;https://totalenergies.com/sites/g/files/nytnzq121/files/atoms/files/4q14-accounts.pdf;;NAO_BAIXADO;0;;2026-10-04 20:57:20;2026-10-06 03:21:14;;;0
2352;TOTALENERGIES;0000879764;PDF;.pdf;4q14-results.pdf;;MANUAL;https://totalenergies.com/sites/g/files/nytnzq121/files/atoms/files/4q14-results.pdf;;NAO_BAIXADO;0;;2026-10-04 20:57:20;2026-10-06 03:21:14;;;0
2334;TOTALENERGIES;0000879764;PDF;.pdf;4q15_results.pdf;;MANUAL;https://totalenergies.com/sites/g/files/nytnzq121/files/atoms/files/4q15_results.pdf;;NAO_BAIXADO;0;;2026-10-04 20:57:19;2026-10-06 03:21:15;;;0
2317;TOTALENERGIES;0000879764;PDF;.pdf;4q16_results.pdf;;MANUAL;https://totalenergies.com/sites/g/files/nytnzq121/files/atoms/files/4q16_results.pdf;;NAO_BAIXADO;0;;2026-10-04 20:57:18;2026-10-06 03:21:15;;;0
2301;TOTALENERGIES;0000879764;PDF;.pdf;4q17_accounts.pdf;;MANUAL;https://totalenergies.com/sites/g/files/nytnzq121/files/atoms/files/4q17_accounts.pdf;;NAO_BAIXADO;0;;2026-10-04 20:57:17;2026-10-06 03:21:16;;;0
2300;TOTALENERGIES;0000879764;PDF;.pdf;4q17_results.pdf;;MANUAL;https://totalenergies.com/sites/g/files/nytnzq121/files/atoms/files/4q17_results.pdf;;NAO_BAIXADO;0;;2026-10-04 20:57:17;2026-10-06 03:21:16;;;0
2284;TOTALENERGIES;0000879764;PDF;.pdf;4q18-accounts.pdf;;MANUAL;https://totalenergies.com/sites/g/files/nytnzq121/files/atoms/files/4q18-accounts.pdf;;NAO_BAIXADO;0;;2026-10-04 20:57:16;2026-10-06 03:21:16;;;0
2283;TOTALENERGIES;0000879764;PDF;.pdf;4q18-results.pdf;;MANUAL;https://totalenergies.com/sites/g/files/nytnzq121/files/atoms/files/4q18-results.pdf;;NAO_BAIXADO;0;;2026-10-04 20:57:16;2026-10-06 03:21:16;;;0
2356;TOTALENERGIES;0000879764;PDF;.pdf;4t14-presentation-2014-and-outlook.pdf;;MANUAL;https://totalenergies.com/sites/g/files/nytnzq121/files/atoms/files/4t14-presentation-2014-and-outlook.pdf;;NAO_BAIXADO;0;;2026-10-04 20:57:21;2026-10-06 03:21:13;;;0
2319;TOTALENERGIES;0000879764;PDF;.pdf;4t16_dividend.pdf;;MANUAL;https://totalenergies.com/sites/g/files/nytnzq121/files/atoms/files/4t16_dividend.pdf;;NAO_BAIXADO;0;;2026-10-04 20:57:18;2026-10-06 03:21:15;;;0
2221;TOTALENERGIES;0000879764;PDF;.pdf;Accounts_30-06-2022_EN.pdf;;MANUAL;https://totalenergies.com/system/files/documents/2022-07/Accounts_30-06-2022_EN.pdf;;NAO_BAIXADO;0;;2026-10-04 20:57:12;2026-10-06 03:21:19;;;0
2227;TOTALENERGIES;0000879764;PDF;.pdf;Accounts_31_march_2022.pdf;;MANUAL;https://totalenergies.com/system/files/documents/2022-04/Accounts_31_march_2022.pdf;;NAO_BAIXADO;0;;2026-10-04 20:57:12;2026-10-06 03:21:19;;;0
2197;TOTALENERGIES;0000879764;PDF;.pdf;Accounts_Q2_2023.pdf;;MANUAL;https://totalenergies.com/system/files/documents/2023-07/Accounts_Q2_2023.pdf;;NAO_BAIXADO;0;;2026-10-04 20:57:11;2026-10-06 03:21:19;;;0
2198;TOTALENERGIES;0000879764;PDF;.pdf;Accounts_Q2_2023_Appendixes.pdf;;MANUAL;https://totalenergies.com/system/files/documents/2023-07/Accounts_Q2_2023_Appendixes.pdf;;NAO_BAIXADO;0;;2026-10-04 20:57:11;2026-10-06 03:21:19;;;0
2191;TOTALENERGIES;0000879764;PDF;.pdf;Accounts_Q3_2023.pdf;;MANUAL;https://totalenergies.com/system/files/documents/2023-10/Accounts_Q3_2023.pdf;;NAO_BAIXADO;0;;2026-10-04 20:57:10;2026-10-06 03:21:20;;;0
2192;TOTALENERGIES;0000879764;PDF;.pdf;Accounts_Q3_2023_Appendixes.pdf;;MANUAL;https://totalenergies.com/system/files/documents/2023-10/Accounts_Q3_2023_Appendixes.pdf;;NAO_BAIXADO;0;;2026-10-04 20:57:10;2026-10-06 03:21:20;;;0
2255;TOTALENERGIES;0000879764;PDF;.pdf;Annexe-Comptes-30092020_EN.pdf;;MANUAL;https://totalenergies.com/system/files/documents/2020-10/Annexe-Comptes-30092020_EN.pdf;;NAO_BAIXADO;0;;2026-10-04 20:57:14;2026-10-06 03:21:17;;;0
2121;TOTALENERGIES;0000879764;JSON;.json;CIK0000879764.json;;MANUAL;https://data.sec.gov/api/xbrl/companyfacts/CIK0000879764.json;;NAO_BAIXADO;0;;2026-10-04 20:56:57;2026-10-06 03:21:23;;;12
2194;TOTALENERGIES;0000879764;PDF;.pdf;CP_3Q2023_Dividend.pdf;;MANUAL;https://totalenergies.com/system/files/documents/2023-10/CP_3Q2023_Dividend.pdf;;NAO_BAIXADO;0;;2026-10-04 20:57:10;2026-10-06 03:21:20;;;0
2196;TOTALENERGIES;0000879764;PDF;.pdf;CP_Q2_2023_Results.pdf;;MANUAL;https://totalenergies.com/system/files/documents/2023-07/CP_Q2_2023_Results.pdf;;NAO_BAIXADO;0;;2026-10-04 20:57:11;2026-10-06 03:21:19;;;0
2190;TOTALENERGIES;0000879764;PDF;.pdf;CP_Q3_2023_Results.pdf;;MANUAL;https://totalenergies.com/system/files/documents/2023-10/CP_Q3_2023_Results.pdf;;NAO_BAIXADO;0;;2026-10-04 20:57:10;2026-10-06 03:21:20;;;0
2200;TOTALENERGIES;0000879764;PDF;.pdf;EN_TotalEnergies_annouces_the_second_interim_dividend_of_074_euros_per_share_for_fiscal_year_2023.pdf;;MANUAL;https://totalenergies.com/system/files/documents/2023-07/EN_TotalEnergies_annouces_the_second_interim_dividend_of_074_euros_per_share_for_fiscal_year_2023.pdf;;NAO_BAIXADO;0;;2026-10-04 20:57:11;2026-10-06 03:21:19;;;0
2254;TOTALENERGIES;0000879764;PDF;.pdf;Etats-financiers-30092020_EN_complets.pdf;;MANUAL;https://totalenergies.com/system/files/documents/2020-10/Etats-financiers-30092020_EN_complets.pdf;;NAO_BAIXADO;0;;2026-10-04 20:57:14;2026-10-06 03:21:17;;;0
2231;TOTALENERGIES;0000879764;PDF;.pdf;Etats-financiers-31122021_EN.pdf;;MANUAL;https://totalenergies.com/system/files/documents/2022-02/Etats-financiers-31122021_EN.pdf;;NAO_BAIXADO;0;;2026-10-04 20:57:13;2026-10-06 03:21:18;;;0
2243;TOTALENERGIES;0000879764;PDF;.pdf;Financial-report-first-half-2021.pdf;;MANUAL;https://totalenergies.com/sites/g/files/nytnzq121/files/documents/2021-07/Financial-report-first-half-2021.pdf;;NAO_BAIXADO;0;;2026-10-04 20:57:13;2026-10-06 03:21:18;;;0
2217;TOTALENERGIES;0000879764;PDF;.pdf;Notes_consolidated_financial_statements_first_9_months_2022.pdf;;MANUAL;https://totalenergies.com/system/files/documents/2022-10/Notes_consolidated_financial_statements_first_9_months_2022.pdf;;NAO_BAIXADO;0;;2026-10-04 20:57:12;2026-10-06 03:21:19;;;0
2228;TOTALENERGIES;0000879764;PDF;.pdf;Notes_to_the_accounts_31_march_2022.pdf;;MANUAL;https://totalenergies.com/system/files/documents/2022-04/Notes_to_the_accounts_31_march_2022.pdf;;NAO_BAIXADO;0;;2026-10-04 20:57:12;2026-10-06 03:21:19;;;0
2222;TOTALENERGIES;0000879764;PDF;.pdf;Notes_to_the_consolidated_financial_statements_for_the_first_six_months_of_2022.pdf;;MANUAL;https://totalenergies.com/system/files/documents/2022-07/Notes_to_the_consolidated_financial_statements_for_the_first_six_months_of_2022.pdf;;NAO_BAIXADO;0;;2026-10-04 20:57:12;2026-10-06 03:21:19;;;0
2199;TOTALENERGIES;0000879764;XLSX;.xlsx;Results_Q2_2023.xlsx;;MANUAL;https://totalenergies.com/system/files/documents/2023-07/Results_Q2_2023.xlsx;;NAO_BAIXADO;0;;2026-10-04 20:57:11;2026-10-06 03:21:19;;;0
2193;TOTALENERGIES;0000879764;XLSX;.xlsx;Results_Q3_2023.xlsx;;MANUAL;https://totalenergies.com/system/files/documents/2023-10/Results_Q3_2023.xlsx;;NAO_BAIXADO;0;;2026-10-04 20:57:10;2026-10-06 03:21:20;;;0
2186;TOTALENERGIES;0000879764;XLSX;.xlsx;Results_Q4_2023.xlsx;;MANUAL;https://totalenergies.com/system/files/documents/2024-02/Results_Q4_2023.xlsx;;NAO_BAIXADO;0;;2026-10-04 20:57:10;2026-10-06 03:21:20;;;0
2392;TOTALENERGIES;0000879764;PDF;.pdf;Total-2012-en-2Q-Results-120727-pr.pdf;;MANUAL;https://totalenergies.com/sites/g/files/nytnzq121/files/atoms/file/Total-2012-en-2Q-Results-120727-pr.pdf;;NAO_BAIXADO;0;;2026-10-04 20:57:23;2026-10-06 03:21:12;;;0
2372;TOTALENERGIES;0000879764;PDF;.pdf;Total-2013-en-3Q-Results-311013-Accounts.pdf;;MANUAL;https://totalenergies.com/sites/g/files/nytnzq121/files/atoms/file/Total-2013-en-3Q-Results-311013-Accounts.pdf;;NAO_BAIXADO;0;;2026-10-04 20:57:22;2026-10-06 03:21:13;;;0
2374;TOTALENERGIES;0000879764;PDF;.pdf;Total-2013-en-3Q-Results-311013-Interim-dividend.pdf;;MANUAL;https://totalenergies.com/sites/g/files/nytnzq121/files/atoms/file/Total-2013-en-3Q-Results-311013-Interim-dividend.pdf;;NAO_BAIXADO;0;;2026-10-04 20:57:22;2026-10-06 03:21:13;;;0
2373;TOTALENERGIES;0000879764;PDF;.pdf;Total-2013-en-3Q-Results-311013-Notes.pdf;;MANUAL;https://totalenergies.com/sites/g/files/nytnzq121/files/atoms/file/Total-2013-en-3Q-Results-311013-Notes.pdf;;NAO_BAIXADO;0;;2026-10-04 20:57:22;2026-10-06 03:21:13;;;0
2371;TOTALENERGIES;0000879764;PDF;.pdf;Total-2013-en-3Q-Results-311013-pr.pdf;;MANUAL;https://totalenergies.com/sites/g/files/nytnzq121/files/atoms/file/Total-2013-en-3Q-Results-311013-pr.pdf;;NAO_BAIXADO;0;;2026-10-04 20:57:22;2026-10-06 03:21:13;;;0
2183;TOTALENERGIES;0000879764;PDF;.pdf;TotalEnergies_1Q24-conference-call-2024-Apr-29-transcript_PDF.pdf;;MANUAL;https://totalenergies.com/sites/g/files/nytnzq121/files/documents/2024-05/TotalEnergies_1Q24-conference-call-2024-Apr-29-transcript_PDF.pdf;;NAO_BAIXADO;0;;2026-10-04 20:57:10;2026-10-06 03:21:20;;;0
2252;TOTALENERGIES;0000879764;PDF;.pdf;TotalEnergies_2020_Results_and_2021_Outlook_transcript_en_pdf.pdf;;MANUAL;https://totalenergies.com/sites/g/files/nytnzq121/files/documents/2024-06/TotalEnergies_2020_Results_and_2021_Outlook_transcript_en_pdf.pdf;;NAO_BAIXADO;0;;2026-10-04 20:57:14;2026-10-06 03:21:17;;;0
2234;TOTALENERGIES;0000879764;PDF;.pdf;TotalEnergies_2021_Results_and_2022_Outlook_transcript.pdf;;MANUAL;https://totalenergies.com/sites/g/files/nytnzq121/files/documents/2022-02/TotalEnergies_2021_Results_and_2022_Outlook_transcript.pdf;;NAO_BAIXADO;0;;2026-10-04 20:57:13;2026-10-06 03:21:18;;;0
2213;TOTALENERGIES;0000879764;PDF;.pdf;TotalEnergies_2022_Results_2023_Objectives-presentation.pdf;;MANUAL;https://totalenergies.com/system/files/documents/2023-02/TotalEnergies_2022_Results_2023_Objectives-presentation.pdf;;NAO_BAIXADO;0;;2026-10-04 20:57:12;2026-10-06 03:21:18;;;0
2214;TOTALENERGIES;0000879764;PDF;.pdf;TotalEnergies_2022_Results_and_2023_Objectives_transcript.pdf;;MANUAL;https://totalenergies.com/sites/g/files/nytnzq121/files/documents/2023-02/TotalEnergies_2022_Results_and_2023_Objectives_transcript.pdf;;NAO_BAIXADO;0;;2026-10-04 20:57:12;2026-10-06 03:21:18;;;0
2189;TOTALENERGIES;0000879764;PDF;.pdf;TotalEnergies_2023_Results_and_2024_Objectives_Transcript.pdf;;MANUAL;https://totalenergies.com/sites/g/files/nytnzq121/files/documents/2024-02/TotalEnergies_2023_Results_and_2024_Objectives_Transcript.pdf;;NAO_BAIXADO;0;;2026-10-04 20:57:10;2026-10-06 03:21:20;;;0
2188;TOTALENERGIES;0000879764;PDF;.pdf;TotalEnergies_2023_Results_and_2024_Objectives_presentation.pdf;;MANUAL;https://totalenergies.com/sites/g/files/nytnzq121/files/documents/2024-02/TotalEnergies_2023_Results_and_2024_Objectives_presentation.pdf;;NAO_BAIXADO;0;;2026-10-04 20:57:10;2026-10-06 03:21:20;;;0
2177;TOTALENERGIES;0000879764;PDF;.pdf;TotalEnergies_2Q24_conference_call_transcript_pdf_1.pdf;;MANUAL;https://totalenergies.com/sites/g/files/nytnzq121/files/documents/2024-07/TotalEnergies_2Q24_conference_call_transcript_pdf_1.pdf;;NAO_BAIXADO;0;;2026-10-04 20:57:09;2026-10-06 03:21:21;;;0
2195;TOTALENERGIES;0000879764;PDF;.pdf;TotalEnergies_3Q23_Conference_Call_Transcript.pdf;;MANUAL;https://totalenergies.com/sites/g/files/nytnzq121/files/documents/2023-10/TotalEnergies_3Q23_Conference_Call_Transcript.pdf;;NAO_BAIXADO;0;;2026-10-04 20:57:10;2026-10-06 03:21:20;;;0
2209;TOTALENERGIES;0000879764;PDF;.pdf;TotalEnergies_4Q22_Results.pdf;;MANUAL;https://totalenergies.com/system/files/documents/2023-02/TotalEnergies_4Q22_Results.pdf;;NAO_BAIXADO;0;;2026-10-04 20:57:11;2026-10-06 03:21:20;;;0
2211;TOTALENERGIES;0000879764;XLSX;.xlsx;TotalEnergies_4Q22_Results_Tables.xlsx;;MANUAL;https://totalenergies.com/system/files/documents/2023-02/TotalEnergies_4Q22_Results_Tables.xlsx;;NAO_BAIXADO;0;;2026-10-04 20:57:11;2026-10-06 03:21:20;;;0
2224;TOTALENERGIES;0000879764;PDF;.pdf;TotalEnergies_Financial_report_first_half_2022.pdf;;MANUAL;https://totalenergies.com/sites/g/files/nytnzq121/files/documents/2022-07/TotalEnergies_Financial_report_first_half_2022.pdf;;NAO_BAIXADO;0;;2026-10-04 20:57:12;2026-10-06 03:21:19;;;0
2187;TOTALENERGIES;0000879764;PDF;.pdf;TotalEnergies_PR_4Q23_Dividend.pdf;;MANUAL;https://totalenergies.com/system/files/documents/2024-02/TotalEnergies_PR_4Q23_Dividend.pdf;;NAO_BAIXADO;0;;2026-10-04 20:57:10;2026-10-06 03:21:20;;;0
2184;TOTALENERGIES;0000879764;PDF;.pdf;TotalEnergies_PR_4Q23_Results.pdf;;MANUAL;https://totalenergies.com/sites/g/files/nytnzq121/files/documents/2024-02/TotalEnergies_PR_4Q23_Results.pdf;;NAO_BAIXADO;0;;2026-10-04 20:57:10;2026-10-06 03:21:20;;;0
2229;TOTALENERGIES;0000879764;PDF;.pdf;TotalEnergies_announces_the_first_2022_interim_dividend.pdf;;MANUAL;https://totalenergies.com/system/files/documents/2022-04/TotalEnergies_announces_the_first_2022_interim_dividend.pdf;;NAO_BAIXADO;0;;2026-10-04 20:57:12;2026-10-06 03:21:19;;;0
2207;TOTALENERGIES;0000879764;PDF;.pdf;TotalEnergies_announces_the_first_2023_interim_dividend.pdf;;MANUAL;https://totalenergies.com/system/files/documents/2023-04/TotalEnergies_announces_the_first_2023_interim_dividend.pdf;;NAO_BAIXADO;0;;2026-10-04 20:57:11;2026-10-06 03:21:20;;;0
2210;TOTALENERGIES;0000879764;PDF;.pdf;TotalEnergies_consolidated_statement_of_incomes_31122022.pdf;;MANUAL;https://totalenergies.com/system/files/documents/2023-02/TotalEnergies_consolidated_statement_of_incomes_31122022.pdf;;NAO_BAIXADO;0;;2026-10-04 20:57:11;2026-10-06 03:21:20;;;0
2201;TOTALENERGIES;0000879764;PDF;.pdf;TotalEnergies_financial_report_first_half_2023.pdf;;MANUAL;https://totalenergies.com/sites/g/files/nytnzq121/files/documents/2023-07/TotalEnergies_financial_report_first_half_2023.pdf;;NAO_BAIXADO;0;;2026-10-04 20:57:11;2026-10-06 03:21:19;;;0
2176;TOTALENERGIES;0000879764;PDF;.pdf;TotalEnergies_rapport_financier_semestriel_2024_en_pdf.pdf;;MANUAL;https://totalenergies.com/sites/g/files/nytnzq121/files/documents/2024-07/TotalEnergies_rapport_financier_semestriel_2024_en_pdf.pdf;;NAO_BAIXADO;0;;2026-10-04 20:57:09;2026-10-06 03:21:21;;;0
2182;TOTALENERGIES;0000879764;PDF;.pdf;Totalenergies_Dividend_1T24_EN_PDF.pdf;;MANUAL;https://totalenergies.com/system/files/documents/2024-04/Totalenergies_Dividend_1T24_EN_PDF.pdf;;NAO_BAIXADO;0;;2026-10-04 20:57:10;2026-10-06 03:21:20;;;0
2326;TOTALENERGIES;0000879764;PDF;.pdf;accounts-2q16.pdf;;MANUAL;https://totalenergies.com/sites/g/files/nytnzq121/files/atoms/files/accounts-2q16.pdf;;NAO_BAIXADO;0;;2026-10-04 20:57:19;2026-10-06 03:21:14;;;0
2216;TOTALENERGIES;0000879764;PDF;.pdf;accounts_30-09-2022_EN.pdf;;MANUAL;https://totalenergies.com/system/files/documents/2022-10/accounts_30-09-2022_EN.pdf;;NAO_BAIXADO;0;;2026-10-04 20:57:12;2026-10-06 03:21:18;;;0
2335;TOTALENERGIES;0000879764;PDF;.pdf;accounts_4q15.pdf;;MANUAL;https://totalenergies.com/sites/g/files/nytnzq121/files/atoms/files/accounts_4q15.pdf;;NAO_BAIXADO;0;;2026-10-04 20:57:19;2026-10-06 03:21:15;;;0
2318;TOTALENERGIES;0000879764;PDF;.pdf;accounts_4q16_0.pdf;;MANUAL;https://totalenergies.com/sites/g/files/nytnzq121/files/atoms/files/accounts_4q16_0.pdf;;NAO_BAIXADO;0;;2026-10-04 20:57:18;2026-10-06 03:21:15;;;0
2249;TOTALENERGIES;0000879764;PDF;.pdf;accounts_q4_2020.pdf;;MANUAL;https://totalenergies.com/system/files/documents/2021-02/accounts_q4_2020.pdf;;NAO_BAIXADO;0;;2026-10-04 20:57:14;2026-10-06 03:21:17;;;0
2259;TOTALENERGIES;0000879764;PDF;.pdf;annexe-30-06-2020-en_0.pdf;;MANUAL;https://totalenergies.com/system/files/documents/2020-07/annexe-30-06-2020-en_0.pdf;;NAO_BAIXADO;0;;2026-10-04 20:57:14;2026-10-06 03:21:18;;;0
2310;TOTALENERGIES;0000879764;PDF;.pdf;annexe-au-30-juin-2017-en-def.pdf;;MANUAL;https://totalenergies.com/sites/g/files/nytnzq121/files/atoms/files/annexe-au-30-juin-2017-en-def.pdf;;NAO_BAIXADO;0;;2026-10-04 20:57:17;2026-10-06 03:21:16;;;0
2237;TOTALENERGIES;0000879764;PDF;.pdf;annexe_comptes_30-09-2021_EN.pdf;;MANUAL;https://totalenergies.com/system/files/documents/2021-10/annexe_comptes_30-09-2021_EN.pdf;;NAO_BAIXADO;0;;2026-10-04 20:57:13;2026-10-06 03:21:18;;;0
2246;TOTALENERGIES;0000879764;PDF;.pdf;appendix-q1-2021.pdf;;MANUAL;https://totalenergies.com/system/files/documents/2021-04/appendix-q1-2021.pdf;;NAO_BAIXADO;0;;2026-10-04 20:57:14;2026-10-06 03:21:17;;;0
2385;TOTALENERGIES;0000879764;PDF;.pdf;comptes-consolides.pdf;;MANUAL;https://totalenergies.com/sites/g/files/nytnzq121/files/atoms/file/comptes-consolides.pdf;;NAO_BAIXADO;0;;2026-10-04 20:57:22;2026-10-06 03:21:13;;;0
2384;TOTALENERGIES;0000879764;PDF;.pdf;cp-7en.pdf;;MANUAL;https://totalenergies.com/sites/g/files/nytnzq121/files/atoms/files/cp-7en.pdf;;NAO_BAIXADO;0;;2026-10-04 20:57:22;2026-10-06 03:21:13;;;0
2250;TOTALENERGIES;0000879764;PDF;.pdf;dividend_q4_2020.pdf;;MANUAL;https://totalenergies.com/system/files/documents/2021-02/dividend_q4_2020.pdf;;NAO_BAIXADO;0;;2026-10-04 20:57:14;2026-10-06 03:21:17;;;0
2285;TOTALENERGIES;0000879764;PDF;.pdf;en_total-announces-its-final-2018-dividend-and-the-end-of-the-scrip-dividend-option.pdf;;MANUAL;https://totalenergies.com/sites/g/files/nytnzq121/files/atoms/files/en_total-announces-its-final-2018-dividend-and-the-end-of-the-scrip-dividend-option.pdf;;NAO_BAIXADO;0;;2026-10-04 20:57:16;2026-10-06 03:21:16;;;0
2273;TOTALENERGIES;0000879764;PDF;.pdf;en_total-declares-its-third-interim-dividend-for-2019.pdf;;MANUAL;https://totalenergies.com/sites/g/files/nytnzq121/files/atoms/files/en_total-declares-its-third-interim-dividend-for-2019.pdf;;NAO_BAIXADO;0;;2026-10-04 20:57:15;2026-10-06 03:21:17;;;0
2258;TOTALENERGIES;0000879764;PDF;.pdf;etats-financiers-30-06-2020-en-complets.pdf;;MANUAL;https://totalenergies.com/system/files/documents/2020-07/etats-financiers-30-06-2020-en-complets.pdf;;NAO_BAIXADO;0;;2026-10-04 20:57:14;2026-10-06 03:21:18;;;0
2236;TOTALENERGIES;0000879764;PDF;.pdf;etats_financiers_30-09-2021_EN.pdf;;MANUAL;https://totalenergies.com/system/files/documents/2021-10/etats_financiers_30-09-2021_EN.pdf;;NAO_BAIXADO;0;;2026-10-04 20:57:13;2026-10-06 03:21:18;;;0
2245;TOTALENERGIES;0000879764;PDF;.pdf;financial-statements-q1-2021.pdf;;MANUAL;https://totalenergies.com/system/files/documents/2021-04/financial-statements-q1-2021.pdf;;NAO_BAIXADO;0;;2026-10-04 20:57:13;2026-10-06 03:21:18;;;0
2347;TOTALENERGIES;0000879764;PDF;.pdf;first-half-2015-financial-report.pdf;;MANUAL;https://totalenergies.com/sites/g/files/nytnzq121/files/atoms/files/first-half-2015-financial-report.pdf;;NAO_BAIXADO;0;;2026-10-04 20:57:20;2026-10-06 03:21:14;;;0
2278;TOTALENERGIES;0000879764;PDF;.pdf;first-half-2019-financial-report.pdf;;MANUAL;https://totalenergies.com/sites/g/files/nytnzq121/files/atoms/files/first-half-2019-financial-report.pdf;;NAO_BAIXADO;0;;2026-10-04 20:57:16;2026-10-06 03:21:16;;;0
2295;TOTALENERGIES;0000879764;PDF;.pdf;first-half_2018-financial-report_0.pdf;;MANUAL;https://totalenergies.com/sites/g/files/nytnzq121/files/atoms/files/first-half_2018-financial-report_0.pdf;;NAO_BAIXADO;0;;2026-10-04 20:57:16;2026-10-06 03:21:17;;;0
2364;TOTALENERGIES;0000879764;PDF;.pdf;first-quarter-results-2014-pr.pdf;;MANUAL;https://totalenergies.com/sites/g/files/nytnzq121/files/atoms/files/first-quarter-results-2014-pr.pdf;;NAO_BAIXADO;0;;2026-10-04 20:57:21;2026-10-06 03:21:14;;;0
2365;TOTALENERGIES;0000879764;PDF;.pdf;firts-quarter-results-2014-accounts.pdf;;MANUAL;https://totalenergies.com/sites/g/files/nytnzq121/files/atoms/files/firts-quarter-results-2014-accounts.pdf;;NAO_BAIXADO;0;;2026-10-04 20:57:21;2026-10-06 03:21:14;;;0
2261;TOTALENERGIES;0000879764;PDF;.pdf;half-year-report-2020.pdf;;MANUAL;https://totalenergies.com/system/files/documents/2020-07/half-year-report-2020.pdf;;NAO_BAIXADO;0;;2026-10-04 20:57:14;2026-10-06 03:21:18;;;0
2327;TOTALENERGIES;0000879764;PDF;.pdf;notes-2q16.pdf;;MANUAL;https://totalenergies.com/sites/g/files/nytnzq121/files/atoms/files/notes-2q16.pdf;;NAO_BAIXADO;0;;2026-10-04 20:57:19;2026-10-06 03:21:15;;;0
2281;TOTALENERGIES;0000879764;PDF;.pdf;notes-to-the-accounts.pdf;;MANUAL;https://totalenergies.com/sites/g/files/nytnzq121/files/atoms/files/notes-to-the-accounts.pdf;;NAO_BAIXADO;0;;2026-10-04 20:57:16;2026-10-06 03:21:16;;;0
2247;TOTALENERGIES;0000879764;PDF;.pdf;pr-dividend-1q-21.pdf;;MANUAL;https://totalenergies.com/system/files/documents/2021-04/pr-dividend-1q-21.pdf;;NAO_BAIXADO;0;;2026-10-04 20:57:14;2026-10-06 03:21:17;;;0
2212;TOTALENERGIES;0000879764;PDF;.pdf;pr-total-energies-proposes-an-ordinary-dividend-of-2-81e-per-share-for-2022.pdf;;MANUAL;https://totalenergies.com/system/files/documents/2023-02/pr-total-energies-proposes-an-ordinary-dividend-of-2-81e-per-share-for-2022.pdf;;NAO_BAIXADO;0;;2026-10-04 20:57:11;2026-10-06 03:21:20;;;0
2387;TOTALENERGIES;0000879764;PDF;.pdf;presentation-globale.pdf;;MANUAL;https://totalenergies.com/sites/g/files/nytnzq121/files/atoms/file/presentation-globale.pdf;;NAO_BAIXADO;0;;2026-10-04 20:57:22;2026-10-06 03:21:13;;;0
2386;TOTALENERGIES;0000879764;PDF;.pdf;rapport-des-commissaires-aux-comptes.pdf;;MANUAL;https://totalenergies.com/sites/g/files/nytnzq121/files/atoms/file/rapport-des-commissaires-aux-comptes.pdf;;NAO_BAIXADO;0;;2026-10-04 20:57:22;2026-10-06 03:21:13;;;0
2329;TOTALENERGIES;0000879764;PDF;.pdf;rapport-semestriel-va-2016_0.pdf;;MANUAL;https://totalenergies.com/sites/g/files/nytnzq121/files/atoms/files/rapport-semestriel-va-2016_0.pdf;;NAO_BAIXADO;0;;2026-10-04 20:57:19;2026-10-06 03:21:15;;;0
2312;TOTALENERGIES;0000879764;PDF;.pdf;rapport-semestriel-va.pdf;;MANUAL;https://totalenergies.com/sites/g/files/nytnzq121/files/atoms/files/rapport-semestriel-va.pdf;;NAO_BAIXADO;0;;2026-10-04 20:57:18;2026-10-06 03:21:15;;;0
2363;TOTALENERGIES;0000879764;PDF;.pdf;resultats-1s-2014-rapport_financier_en.pdf;;MANUAL;https://totalenergies.com/sites/g/files/nytnzq121/files/atoms/files/resultats-1s-2014-rapport_financier_en.pdf;;NAO_BAIXADO;0;;2026-10-04 20:57:21;2026-10-06 03:21:14;;;0
2362;TOTALENERGIES;0000879764;PDF;.pdf;resultats-2t-2014-annexes_en.pdf;;MANUAL;https://totalenergies.com/sites/g/files/nytnzq121/files/atoms/files/resultats-2t-2014-annexes_en.pdf;;NAO_BAIXADO;0;;2026-10-04 20:57:21;2026-10-06 03:21:14;;;0
2361;TOTALENERGIES;0000879764;PDF;.pdf;resultats-2t-2014-comptes_en.pdf;;MANUAL;https://totalenergies.com/sites/g/files/nytnzq121/files/atoms/files/resultats-2t-2014-comptes_en.pdf;;NAO_BAIXADO;0;;2026-10-04 20:57:21;2026-10-06 03:21:14;;;0
2360;TOTALENERGIES;0000879764;PDF;.pdf;resultats-2t-2014-cp_en-v2.pdf;;MANUAL;https://totalenergies.com/sites/g/files/nytnzq121/files/atoms/files/resultats-2t-2014-cp_en-v2.pdf;;NAO_BAIXADO;0;;2026-10-04 20:57:21;2026-10-06 03:21:13;;;0
2286;TOTALENERGIES;0000879764;PDF;.pdf;results-2018-and-outlook-presentation.pdf;;MANUAL;https://totalenergies.com/sites/g/files/nytnzq121/files/atoms/files/results-2018-and-outlook-presentation.pdf;;NAO_BAIXADO;0;;2026-10-04 20:57:16;2026-10-06 03:21:16;;;0
2325;TOTALENERGIES;0000879764;PDF;.pdf;results-2q16-conso.pdf;;MANUAL;https://totalenergies.com/sites/g/files/nytnzq121/files/atoms/files/results-2q16-conso.pdf;;NAO_BAIXADO;0;;2026-10-04 20:57:19;2026-10-06 03:21:14;;;0
2338;TOTALENERGIES;0000879764;PDF;.pdf;results-outlook-2015.pdf;;MANUAL;https://totalenergies.com/sites/g/files/nytnzq121/files/atoms/files/results-outlook-2015.pdf;;NAO_BAIXADO;0;;2026-10-04 20:57:20;2026-10-06 03:21:14;;;0
2244;TOTALENERGIES;0000879764;PDF;.pdf;results_q1_2021_en.pdf;;MANUAL;https://totalenergies.com/system/files/documents/2021-04/results_q1_2021_en.pdf;;NAO_BAIXADO;0;;2026-10-04 20:57:13;2026-10-06 03:21:18;;;0
2235;TOTALENERGIES;0000879764;PDF;.pdf;results_q3_2021_en.pdf;;MANUAL;https://totalenergies.com/system/files/documents/2021-10/results_q3_2021_en.pdf;;NAO_BAIXADO;0;;2026-10-04 20:57:13;2026-10-06 03:21:18;;;0
2248;TOTALENERGIES;0000879764;PDF;.pdf;results_q4_2020_en.pdf;;MANUAL;https://totalenergies.com/system/files/documents/2021-02/results_q4_2020_en.pdf;;NAO_BAIXADO;0;;2026-10-04 20:57:14;2026-10-06 03:21:17;;;0
2369;TOTALENERGIES;0000879764;PDF;.pdf;statutory-auditors-report-on-the-consolidated-financial-statements-2013.pdf;;MANUAL;https://totalenergies.com/sites/g/files/nytnzq121/files/atoms/files/statutory-auditors-report-on-the-consolidated-financial-statements-2013.pdf;;NAO_BAIXADO;0;;2026-10-04 20:57:21;2026-10-06 03:21:14;;;0
2354;TOTALENERGIES;0000879764;PDF;.pdf;statutory-auditors-report-on-the-consolidated-financial-statements-2014.pdf;;MANUAL;https://totalenergies.com/sites/g/files/nytnzq121/files/atoms/files/statutory-auditors-report-on-the-consolidated-financial-statements-2014.pdf;;NAO_BAIXADO;0;;2026-10-04 20:57:21;2026-10-06 03:21:13;;;0
2336;TOTALENERGIES;0000879764;PDF;.pdf;statutory-auditors-report-on-the-consolidated-financial-statements-2015.pdf;;MANUAL;https://totalenergies.com/sites/g/files/nytnzq121/files/atoms/files/statutory-auditors-report-on-the-consolidated-financial-statements-2015.pdf;;NAO_BAIXADO;0;;2026-10-04 20:57:19;2026-10-06 03:21:15;;;0
2398;TOTALENERGIES;0000879764;PDF;.pdf;total-2012-en-1q-results-120427-accounts_0.pdf;;MANUAL;https://totalenergies.com/sites/g/files/nytnzq121/files/atoms/files/total-2012-en-1q-results-120427-accounts_0.pdf;;NAO_BAIXADO;0;;2026-10-04 20:57:23;2026-10-06 03:21:12;;;0
2400;TOTALENERGIES;0000879764;PDF;.pdf;total-2012-en-1q-results-120427-interim-dividend.pdf;;MANUAL;https://totalenergies.com/sites/g/files/nytnzq121/files/atoms/files/total-2012-en-1q-results-120427-interim-dividend.pdf;;NAO_BAIXADO;0;;2026-10-04 20:57:23;2026-10-06 03:21:13;;;0
2399;TOTALENERGIES;0000879764;PDF;.pdf;total-2012-en-1q-results-120427-notes.pdf;;MANUAL;https://totalenergies.com/sites/g/files/nytnzq121/files/atoms/files/total-2012-en-1q-results-120427-notes.pdf;;NAO_BAIXADO;0;;2026-10-04 20:57:23;2026-10-06 03:21:12;;;0
2397;TOTALENERGIES;0000879764;PDF;.pdf;total-2012-en-1q-results-120427-pr-v2.pdf;;MANUAL;https://totalenergies.com/sites/g/files/nytnzq121/files/atoms/files/total-2012-en-1q-results-120427-pr-v2.pdf;;NAO_BAIXADO;0;;2026-10-04 20:57:23;2026-10-06 03:21:12;;;0
2396;TOTALENERGIES;0000879764;PDF;.pdf;total-2012-financial-report-1sem.pdf;;MANUAL;https://totalenergies.com/sites/g/files/nytnzq121/files/atoms/files/total-2012-financial-report-1sem.pdf;;NAO_BAIXADO;0;;2026-10-04 20:57:23;2026-10-06 03:21:12;;;0
2395;TOTALENERGIES;0000879764;PDF;.pdf;total-20120727-2q-2012-interim-dividend.pdf;;MANUAL;https://totalenergies.com/sites/g/files/nytnzq121/files/atoms/files/total-20120727-2q-2012-interim-dividend.pdf;;NAO_BAIXADO;0;;2026-10-04 20:57:23;2026-10-06 03:21:12;;;0
2394;TOTALENERGIES;0000879764;PDF;.pdf;total-20120727-2q-notes_0.pdf;;MANUAL;https://totalenergies.com/sites/g/files/nytnzq121/files/atoms/files/total-20120727-2q-notes_0.pdf;;NAO_BAIXADO;0;;2026-10-04 20:57:23;2026-10-06 03:21:12;;;0
2393;TOTALENERGIES;0000879764;PDF;.pdf;total-20120727-2q-results-accounts.pdf;;MANUAL;https://totalenergies.com/sites/g/files/nytnzq121/files/atoms/files/total-20120727-2q-results-accounts.pdf;;NAO_BAIXADO;0;;2026-10-04 20:57:23;2026-10-06 03:21:12;;;0
2388;TOTALENERGIES;0000879764;PDF;.pdf;total-20121031-sem3-pr.pdf;;MANUAL;https://totalenergies.com/sites/g/files/nytnzq121/files/atoms/files/total-20121031-sem3-pr.pdf;;NAO_BAIXADO;0;;2026-10-04 20:57:22;2026-10-06 03:21:13;;;0
2376;TOTALENERGIES;0000879764;PDF;.pdf;total-2013-en-2q-results-260713-accounts.pdf;;MANUAL;https://totalenergies.com/sites/g/files/nytnzq121/files/atoms/files/total-2013-en-2q-results-260713-accounts.pdf;;NAO_BAIXADO;0;;2026-10-04 20:57:22;2026-10-06 03:21:13;;;0
2379;TOTALENERGIES;0000879764;PDF;.pdf;total-2013-en-2q-results-260713-financial-report-1h13.pdf;;MANUAL;https://totalenergies.com/sites/g/files/nytnzq121/files/atoms/files/total-2013-en-2q-results-260713-financial-report-1h13.pdf;;NAO_BAIXADO;0;;2026-10-04 20:57:22;2026-10-06 03:21:13;;;0
2378;TOTALENERGIES;0000879764;PDF;.pdf;total-2013-en-2q-results-260713-interim-dividend.pdf;;MANUAL;https://totalenergies.com/sites/g/files/nytnzq121/files/atoms/files/total-2013-en-2q-results-260713-interim-dividend.pdf;;NAO_BAIXADO;0;;2026-10-04 20:57:22;2026-10-06 03:21:13;;;0
2377;TOTALENERGIES;0000879764;PDF;.pdf;total-2013-en-2q-results-260713-notes.pdf;;MANUAL;https://totalenergies.com/sites/g/files/nytnzq121/files/atoms/files/total-2013-en-2q-results-260713-notes.pdf;;NAO_BAIXADO;0;;2026-10-04 20:57:22;2026-10-06 03:21:13;;;0
2375;TOTALENERGIES;0000879764;PDF;.pdf;total-2013-en-2q-results-260713-pr.pdf;;MANUAL;https://totalenergies.com/sites/g/files/nytnzq121/files/atoms/files/total-2013-en-2q-results-260713-pr.pdf;;NAO_BAIXADO;0;;2026-10-04 20:57:22;2026-10-06 03:21:13;;;0
2370;TOTALENERGIES;0000879764;PDF;.pdf;total-2013-en-outlook.pdf;;MANUAL;https://totalenergies.com/sites/g/files/nytnzq121/files/atoms/files/total-2013-en-outlook.pdf;;NAO_BAIXADO;0;;2026-10-04 20:57:22;2026-10-06 03:21:13;;;0
2368;TOTALENERGIES;0000879764;PDF;.pdf;total-2013-en-results-accounts.pdf;;MANUAL;https://totalenergies.com/sites/g/files/nytnzq121/files/atoms/files/total-2013-en-results-accounts.pdf;;NAO_BAIXADO;0;;2026-10-04 20:57:21;2026-10-06 03:21:14;;;0
2367;TOTALENERGIES;0000879764;PDF;.pdf;total-2013-en-results-pr.pdf;;MANUAL;https://totalenergies.com/sites/g/files/nytnzq121/files/atoms/files/total-2013-en-results-pr.pdf;;NAO_BAIXADO;0;;2026-10-04 20:57:21;2026-10-06 03:21:14;;;0
2381;TOTALENERGIES;0000879764;PDF;.pdf;total-20130426-1q-accounts.pdf;;MANUAL;https://totalenergies.com/sites/g/files/nytnzq121/files/atoms/files/total-20130426-1q-accounts.pdf;;NAO_BAIXADO;0;;2026-10-04 20:57:22;2026-10-06 03:21:13;;;0
2383;TOTALENERGIES;0000879764;PDF;.pdf;total-20130426-1q-dividend.pdf;;MANUAL;https://totalenergies.com/sites/g/files/nytnzq121/files/atoms/files/total-20130426-1q-dividend.pdf;;NAO_BAIXADO;0;;2026-10-04 20:57:22;2026-10-06 03:21:13;;;0
2382;TOTALENERGIES;0000879764;PDF;.pdf;total-20130426-1q-notes.pdf;;MANUAL;https://totalenergies.com/sites/g/files/nytnzq121/files/atoms/files/total-20130426-1q-notes.pdf;;NAO_BAIXADO;0;;2026-10-04 20:57:22;2026-10-06 03:21:13;;;0
2380;TOTALENERGIES;0000879764;PDF;.pdf;total-20130426-1q-pr.pdf;;MANUAL;https://totalenergies.com/sites/g/files/nytnzq121/files/atoms/files/total-20130426-1q-pr.pdf;;NAO_BAIXADO;0;;2026-10-04 20:57:22;2026-10-06 03:21:13;;;0
2320;TOTALENERGIES;0000879764;PDF;.pdf;total-2016-results-outlook-presentation_1.pdf;;MANUAL;https://totalenergies.com/sites/g/files/nytnzq121/files/atoms/files/total-2016-results-outlook-presentation_1.pdf;;NAO_BAIXADO;0;;2026-10-04 20:57:18;2026-10-06 03:21:15;;;0
2290;TOTALENERGIES;0000879764;PDF;.pdf;total-announces-its-2018-third-interim-dividend.pdf;;MANUAL;https://totalenergies.com/sites/g/files/nytnzq121/files/atoms/files/total-announces-its-2018-third-interim-dividend.pdf;;NAO_BAIXADO;0;;2026-10-04 20:57:16;2026-10-06 03:21:16;;;0
2346;TOTALENERGIES;0000879764;PDF;.pdf;total-announces-its-second-quarter-2015-interim-dividend.pdf;;MANUAL;https://totalenergies.com/sites/g/files/nytnzq121/files/atoms/files/total-announces-its-second-quarter-2015-interim-dividend.pdf;;NAO_BAIXADO;0;;2026-10-04 20:57:20;2026-10-06 03:21:14;;;0
2342;TOTALENERGIES;0000879764;PDF;.pdf;total-announces-its-third-quarter-2015-interim-dividend.pdf;;MANUAL;https://totalenergies.com/sites/g/files/nytnzq121/files/atoms/files/total-announces-its-third-quarter-2015-interim-dividend.pdf;;NAO_BAIXADO;0;;2026-10-04 20:57:20;2026-10-06 03:21:14;;;0
2302;TOTALENERGIES;0000879764;PDF;.pdf;total-board-of-directors-announces-shareholder-return-policy-for-next-3-years.pdf;;MANUAL;https://totalenergies.com/sites/g/files/nytnzq121/files/atoms/files/total-board-of-directors-announces-shareholder-return-policy-for-next-3-years.pdf;;NAO_BAIXADO;0;;2026-10-04 20:57:17;2026-10-06 03:21:16;;;0
2282;TOTALENERGIES;0000879764;PDF;.pdf;total-declares-its-first-interim-dividend-for-2019.pdf;;MANUAL;https://totalenergies.com/sites/g/files/nytnzq121/files/atoms/files/total-declares-its-first-interim-dividend-for-2019.pdf;;NAO_BAIXADO;0;;2026-10-04 20:57:16;2026-10-06 03:21:16;;;0
2294;TOTALENERGIES;0000879764;PDF;.pdf;total-declares-its-second-interim-dividend-for-2018.pdf;;MANUAL;https://totalenergies.com/sites/g/files/nytnzq121/files/atoms/files/total-declares-its-second-interim-dividend-for-2018.pdf;;NAO_BAIXADO;0;;2026-10-04 20:57:16;2026-10-06 03:21:17;;;0
2277;TOTALENERGIES;0000879764;PDF;.pdf;total-declares-its-second-interim-dividend-for-2019.pdf;;MANUAL;https://totalenergies.com/sites/g/files/nytnzq121/files/news/total-declares-its-second-interim-dividend-for-2019.pdf;;NAO_BAIXADO;0;;2026-10-04 20:57:15;2026-10-06 03:21:17;;;0
2159;TOTALENERGIES;0000879764;PDF;.pdf;totalEnergies_q1-2025-results-transcript_2025_en.pdf;;MANUAL;https://totalenergies.com/sites/g/files/nytnzq121/files/documents/totalEnergies_q1-2025-results-transcript_2025_en.pdf;;NAO_BAIXADO;0;;2026-10-04 20:57:08;2026-10-06 03:21:22;;;0
2135;TOTALENERGIES;0000879764;PDF;.pdf;totalEnergies_q1-2026-results-transcript_2026_en.pdf;;MANUAL;https://totalenergies.com/sites/g/files/nytnzq121/files/documents/totalEnergies_q1-2026-results-transcript_2026_en.pdf;;NAO_BAIXADO;0;;2026-10-04 20:57:07;2026-10-06 03:21:22;;;0
2206;TOTALENERGIES;0000879764;XLSX;.xlsx;totalenergies-1q23-results-tables.xlsx;;MANUAL;https://totalenergies.com/system/files/documents/2023-04/totalenergies-1q23-results-tables.xlsx;;NAO_BAIXADO;0;;2026-10-04 20:57:11;2026-10-06 03:21:20;;;0
2203;TOTALENERGIES;0000879764;PDF;.pdf;totalenergies-1q23-results.pdf;;MANUAL;https://totalenergies.com/system/files/documents/2023-04/totalenergies-1q23-results.pdf;;NAO_BAIXADO;0;;2026-10-04 20:57:11;2026-10-06 03:21:19;;;0
2223;TOTALENERGIES;0000879764;PDF;.pdf;totalenergies-announces-second-2022-interim-dividend-eu069share-increase.pdf;;MANUAL;https://totalenergies.com/sites/g/files/nytnzq121/files/documents/2022-07/totalenergies-announces-second-2022-interim-dividend-eu069share-increase.pdf;;NAO_BAIXADO;0;;2026-10-04 20:57:12;2026-10-06 03:21:19;;;0
2204;TOTALENERGIES;0000879764;PDF;.pdf;totalenergies-consolidated-statement-of-income-q1-2023.pdf;;MANUAL;https://totalenergies.com/system/files/documents/2023-04/totalenergies-consolidated-statement-of-income-q1-2023.pdf;;NAO_BAIXADO;0;;2026-10-04 20:57:11;2026-10-06 03:21:19;;;0
2205;TOTALENERGIES;0000879764;PDF;.pdf;totalenergies-notes-q1-2023.pdf;;MANUAL;https://totalenergies.com/system/files/documents/2023-04/totalenergies-notes-q1-2023.pdf;;NAO_BAIXADO;0;;2026-10-04 20:57:11;2026-10-06 03:21:19;;;0
2155;TOTALENERGIES;0000879764;PDF;.pdf;totalenergies_1q25-consolidated-statement-of-income_2025.pdf;;MANUAL;https://totalenergies.com/system/files/documents/totalenergies_1q25-consolidated-statement-of-income_2025.pdf;;NAO_BAIXADO;0;;2026-10-04 20:57:08;2026-10-06 03:21:22;;;0
2156;TOTALENERGIES;0000879764;PDF;.pdf;totalenergies_1q25-notes-to-the-consolidated-financial-statements_2025.pdf;;MANUAL;https://totalenergies.com/system/files/documents/totalenergies_1q25-notes-to-the-consolidated-financial-statements_2025.pdf;;NAO_BAIXADO;0;;2026-10-04 20:57:08;2026-10-06 03:21:22;;;0
2157;TOTALENERGIES;0000879764;XLSX;.xlsx;totalenergies_1q25-results-databook_2025.xlsx;;MANUAL;https://totalenergies.com/system/files/documents/totalenergies_1q25-results-databook_2025.xlsx;;NAO_BAIXADO;0;;2026-10-04 20:57:08;2026-10-06 03:21:22;;;0
2154;TOTALENERGIES;0000879764;PDF;.pdf;totalenergies_1q25-results-press-release_2025.pdf;;MANUAL;https://totalenergies.com/system/files/documents/totalenergies_1q25-results-press-release_2025.pdf;;NAO_BAIXADO;0;;2026-10-04 20:57:08;2026-10-06 03:21:22;;;0
2131;TOTALENERGIES;0000879764;PDF;.pdf;totalenergies_1q26-consolidated-statement-of-income_2026.pdf;;MANUAL;https://totalenergies.com/system/files/documents/totalenergies_1q26-consolidated-statement-of-income_2026.pdf;;NAO_BAIXADO;0;;2026-10-04 20:57:06;2026-10-06 03:21:23;;;0
2132;TOTALENERGIES;0000879764;PDF;.pdf;totalenergies_1q26-notes-to-the-consolidated-financial-statements_2026.pdf;;MANUAL;https://totalenergies.com/system/files/documents/totalenergies_1q26-notes-to-the-consolidated-financial-statements_2026.pdf;;NAO_BAIXADO;0;;2026-10-04 20:57:07;2026-10-06 03:21:22;;;0
2133;TOTALENERGIES;0000879764;XLSX;.xlsx;totalenergies_1q26-results-databook_2026.xlsx;;MANUAL;https://totalenergies.com/system/files/documents/totalenergies_1q26-results-databook_2026.xlsx;;NAO_BAIXADO;0;;2026-10-04 20:57:07;2026-10-06 03:21:22;;;0
2130;TOTALENERGIES;0000879764;PDF;.pdf;totalenergies_1q26-results-press-release_2026.pdf;;MANUAL;https://totalenergies.com/system/files/documents/totalenergies_1q26-results-press-release_2026.pdf;;NAO_BAIXADO;0;;2026-10-04 20:57:06;2026-10-06 03:21:23;;;0
2165;TOTALENERGIES;0000879764;PDF;.pdf;totalenergies_2024-results-2025-objectives-transcript_2025_en.pdf;;MANUAL;https://totalenergies.com/sites/g/files/nytnzq121/files/documents/totalenergies_2024-results-2025-objectives-transcript_2025_en.pdf;;NAO_BAIXADO;0;;2026-10-04 20:57:09;2026-10-06 03:21:20;;;0
2164;TOTALENERGIES;0000879764;PDF;.pdf;totalenergies_2024_Results_and_2025_Objectives_presentation.pdf;;MANUAL;https://totalenergies.com/system/files/documents/totalenergies_2024_Results_and_2025_Objectives_presentation.pdf;;NAO_BAIXADO;0;;2026-10-04 20:57:09;2026-10-06 03:21:20;;;0
2141;TOTALENERGIES;0000879764;PDF;.pdf;totalenergies_2025-results-2026-objectives-transcript_2026_en.pdf;;MANUAL;https://totalenergies.com/sites/g/files/nytnzq121/files/documents/totalenergies_2025-results-2026-objectives-transcript_2026_en.pdf;;NAO_BAIXADO;0;;2026-10-04 20:57:07;2026-10-06 03:21:22;;;0
2140;TOTALENERGIES;0000879764;PDF;.pdf;totalenergies_2025-results-and-2026-objectives-presentation_2026_en.pdf;;MANUAL;https://totalenergies.com/sites/g/files/nytnzq121/files/documents/totalenergies_2025-results-and-2026-objectives-presentation_2026_en.pdf;;NAO_BAIXADO;0;;2026-10-04 20:57:07;2026-10-06 03:21:22;;;0
2148;TOTALENERGIES;0000879764;PDF;.pdf;totalenergies_2Q25-results-press-release_2025_en.pdf;;MANUAL;https://totalenergies.com/system/files/documents/totalenergies_2Q25-results-press-release_2025_en.pdf;;NAO_BAIXADO;0;;2026-10-04 20:57:08;2026-10-06 03:21:21;;;0
2173;TOTALENERGIES;0000879764;PDF;.pdf;totalenergies_2q-2024-financial-statements_2024_en_pdf.pdf;;MANUAL;https://totalenergies.com/system/files/documents/2024-07/totalenergies_2q-2024-financial-statements_2024_en_pdf.pdf;;NAO_BAIXADO;0;;2026-10-04 20:57:09;2026-10-06 03:21:21;;;0
2174;TOTALENERGIES;0000879764;XLSX;.xlsx;totalenergies_2q-2024-results-databook_2024_en_xlsx.xlsx;;MANUAL;https://totalenergies.com/system/files/documents/2024-07/totalenergies_2q-2024-results-databook_2024_en_xlsx.xlsx;;NAO_BAIXADO;0;;2026-10-04 20:57:09;2026-10-06 03:21:21;;;0
2172;TOTALENERGIES;0000879764;PDF;.pdf;totalenergies_2q-2024-results-press-release_2024_en_pdf.pdf;;MANUAL;https://totalenergies.com/system/files/documents/2024-07/totalenergies_2q-2024-results-press-release_2024_en_pdf.pdf;;NAO_BAIXADO;0;;2026-10-04 20:57:09;2026-10-06 03:21:21;;;0
2153;TOTALENERGIES;0000879764;PDF;.pdf;totalenergies_2q2025-results-transcript_2025_en.pdf;;MANUAL;https://totalenergies.com/sites/g/files/nytnzq121/files/documents/totalenergies_2q2025-results-transcript_2025_en.pdf;;NAO_BAIXADO;0;;2026-10-04 20:57:08;2026-10-06 03:21:21;;;0
2129;TOTALENERGIES;0000879764;PDF;.pdf;totalenergies_2q26-results-transcript_2026.pdf;;MANUAL;https://totalenergies.com/sites/g/files/nytnzq121/files/documents/totalenergies_2q26-results-transcript_2026.pdf;;NAO_BAIXADO;0;;2026-10-04 20:57:06;2026-10-06 03:21:23;;;0
2147;TOTALENERGIES;0000879764;PDF;.pdf;totalenergies_3q2025-results-transcript_2025_en.pdf;;MANUAL;https://totalenergies.com/sites/g/files/nytnzq121/files/documents/totalenergies_3q2025-results-transcript_2025_en.pdf;;NAO_BAIXADO;0;;2026-10-04 20:57:08;2026-10-06 03:21:21;;;0
2143;TOTALENERGIES;0000879764;PDF;.pdf;totalenergies_3q25-accounts_2025_en.pdf;;MANUAL;https://totalenergies.com/system/files/documents/totalenergies_3q25-accounts_2025_en.pdf;;NAO_BAIXADO;0;;2026-10-04 20:57:07;2026-10-06 03:21:23;;;0
2145;TOTALENERGIES;0000879764;XLSX;.xlsx;totalenergies_3q25-databook_2025_en.xlsx;;MANUAL;https://totalenergies.com/system/files/documents/totalenergies_3q25-databook_2025_en.xlsx;;NAO_BAIXADO;0;;2026-10-04 20:57:07;2026-10-06 03:21:23;;;0
2144;TOTALENERGIES;0000879764;PDF;.pdf;totalenergies_3q25-notes_2025_en.pdf;;MANUAL;https://totalenergies.com/system/files/documents/totalenergies_3q25-notes_2025_en.pdf;;NAO_BAIXADO;0;;2026-10-04 20:57:07;2026-10-06 03:21:23;;;0
2175;TOTALENERGIES;0000879764;PDF;.pdf;totalenergies_Dividende-2T24_en_pdf.pdf;;MANUAL;https://totalenergies.com/system/files/documents/2024-07/totalenergies_Dividende-2T24_en_pdf.pdf;;NAO_BAIXADO;0;;2026-10-04 20:57:09;2026-10-06 03:21:21;;;0
2158;TOTALENERGIES;0000879764;PDF;.pdf;totalenergies_PR_1Q25_Dividend_en.pdf;;MANUAL;https://totalenergies.com/system/files/documents/totalenergies_PR_1Q25_Dividend_en.pdf;;NAO_BAIXADO;0;;2026-10-04 20:57:08;2026-10-06 03:21:22;;;0
2163;TOTALENERGIES;0000879764;PDF;.pdf;totalenergies_PR_4Q24_Dividend_en.pdf;;MANUAL;https://totalenergies.com/system/files/documents/totalenergies_PR_4Q24_Dividend_en.pdf;;NAO_BAIXADO;0;;2026-10-04 20:57:08;2026-10-06 03:21:22;;;0
2171;TOTALENERGIES;0000879764;PDF;.pdf;totalenergies_TotalEnergies_3Q24_conference_call_transcript_pdf.pdf;;MANUAL;https://totalenergies.com/sites/g/files/nytnzq121/files/documents/totalenergies_TotalEnergies_3Q24_conference_call_transcript_pdf.pdf;;NAO_BAIXADO;0;;2026-10-04 20:57:09;2026-10-06 03:21:21;;;0
2180;TOTALENERGIES;0000879764;PDF;.pdf;totalenergies_accounts-appendixes-q1-2024_2024_en_pdf.pdf;;MANUAL;https://totalenergies.com/system/files/documents/2024-04/totalenergies_accounts-appendixes-q1-2024_2024_en_pdf.pdf;;NAO_BAIXADO;0;;2026-10-04 20:57:09;2026-10-06 03:21:21;;;0
2168;TOTALENERGIES;0000879764;PDF;.pdf;totalenergies_accounts-appendixes-q3-2024_2024_en_pdf.pdf;;MANUAL;https://totalenergies.com/system/files/documents/totalenergies_accounts-appendixes-q3-2024_2024_en_pdf.pdf;;NAO_BAIXADO;0;;2026-10-04 20:57:09;2026-10-06 03:21:20;;;0
2179;TOTALENERGIES;0000879764;PDF;.pdf;totalenergies_accounts-q1-2024_2024_en_pdf.pdf;;MANUAL;https://totalenergies.com/system/files/documents/2024-04/totalenergies_accounts-q1-2024_2024_en_pdf.pdf;;NAO_BAIXADO;0;;2026-10-04 20:57:09;2026-10-06 03:21:21;;;0
2167;TOTALENERGIES;0000879764;PDF;.pdf;totalenergies_accounts-q3-2024_2024_en_pdf.pdf;;MANUAL;https://totalenergies.com/system/files/documents/totalenergies_accounts-q3-2024_2024_en_pdf.pdf;;NAO_BAIXADO;0;;2026-10-04 20:57:09;2026-10-06 03:21:20;;;0
2161;TOTALENERGIES;0000879764;PDF;.pdf;totalenergies_accounts-q4-2024_2025_en.pdf;;MANUAL;https://totalenergies.com/system/files/documents/totalenergies_accounts-q4-2024_2025_en.pdf;;NAO_BAIXADO;0;;2026-10-04 20:57:08;2026-10-06 03:21:22;;;0
2137;TOTALENERGIES;0000879764;PDF;.pdf;totalenergies_accounts-q4-2025_2026_en.pdf;;MANUAL;https://totalenergies.com/system/files/documents/totalenergies_accounts-q4-2025_2026_en.pdf;;NAO_BAIXADO;0;;2026-10-04 20:57:07;2026-10-06 03:21:22;;;0
2125;TOTALENERGIES;0000879764;PDF;.pdf;totalenergies_accounts-results-2q26_2026_en.pdf;;MANUAL;https://totalenergies.com/system/files/documents/totalenergies_accounts-results-2q26_2026_en.pdf;;NAO_BAIXADO;0;;2026-10-04 20:57:06;2026-10-06 03:21:23;;;0
2150;TOTALENERGIES;0000879764;XLSX;.xlsx;totalenergies_databook-2Q25-results_2025_en.xlsx;;MANUAL;https://totalenergies.com/sites/g/files/nytnzq121/files/documents/totalenergies_databook-2Q25-results_2025_en.xlsx;;NAO_BAIXADO;0;;2026-10-04 20:57:08;2026-10-06 03:21:21;;;0
2138;TOTALENERGIES;0000879764;XLSX;.xlsx;totalenergies_databook-q4-2025_2026_en.xlsx;;MANUAL;https://totalenergies.com/system/files/documents/totalenergies_databook-q4-2025_2026_en.xlsx;;NAO_BAIXADO;0;;2026-10-04 20:57:07;2026-10-06 03:21:22;;;0
2126;TOTALENERGIES;0000879764;XLSX;.xlsx;totalenergies_databook-results-2q26_2026_en.xlsx;;MANUAL;https://totalenergies.com/system/files/documents/totalenergies_databook-results-2q26_2026_en.xlsx;;NAO_BAIXADO;0;;2026-10-04 20:57:06;2026-10-06 03:21:23;;;0
2170;TOTALENERGIES;0000879764;PDF;.pdf;totalenergies_dividend-3Q24_en_pdf.pdf;;MANUAL;https://totalenergies.com/system/files/documents/totalenergies_dividend-3Q24_en_pdf.pdf;;NAO_BAIXADO;0;;2026-10-04 20:57:09;2026-10-06 03:21:21;;;0
2146;TOTALENERGIES;0000879764;PDF;.pdf;totalenergies_dividend-3Q25_2025_en.pdf;;MANUAL;https://totalenergies.com/system/files/documents/totalenergies_dividend-3Q25_2025_en.pdf;;NAO_BAIXADO;0;;2026-10-04 20:57:07;2026-10-06 03:21:23;;;0
2139;TOTALENERGIES;0000879764;PDF;.pdf;totalenergies_dividend-4Q25_2026_en.pdf;;MANUAL;https://totalenergies.com/system/files/documents/totalenergies_dividend-4Q25_2026_en.pdf;;NAO_BAIXADO;0;;2026-10-04 20:57:07;2026-10-06 03:21:22;;;0
2149;TOTALENERGIES;0000879764;PDF;.pdf;totalenergies_financial-statements-2Q25_2025_en.pdf;;MANUAL;https://totalenergies.com/system/files/documents/totalenergies_financial-statements-2Q25_2025_en.pdf;;NAO_BAIXADO;0;;2026-10-04 20:57:08;2026-10-06 03:21:21;;;0
2152;TOTALENERGIES;0000879764;PDF;.pdf;totalenergies_half-year-financial-report_2025_en.pdf;;MANUAL;https://totalenergies.com/sites/g/files/nytnzq121/files/documents/totalenergies_half-year-financial-report_2025_en.pdf;;NAO_BAIXADO;0;;2026-10-04 20:57:08;2026-10-06 03:21:21;;;0
2128;TOTALENERGIES;0000879764;PDF;.pdf;totalenergies_half-year-financial-report_2026_en.pdf;;MANUAL;https://totalenergies.com/system/files/documents/totalenergies_half-year-financial-report_2026_en.pdf;;NAO_BAIXADO;0;;2026-10-04 20:57:06;2026-10-06 03:21:23;;;0
2134;TOTALENERGIES;0000879764;PDF;.pdf;totalenergies_pr-dividend-1Q26_2026_en.pdf;;MANUAL;https://totalenergies.com/system/files/documents/totalenergies_pr-dividend-1Q26_2026_en.pdf;;NAO_BAIXADO;0;;2026-10-04 20:57:07;2026-10-06 03:21:22;;;0
2151;TOTALENERGIES;0000879764;PDF;.pdf;totalenergies_pr-dividend-2Q25_2025_en.pdf;;MANUAL;https://totalenergies.com/system/files/documents/totalenergies_pr-dividend-2Q25_2025_en.pdf;;NAO_BAIXADO;0;;2026-10-04 20:57:08;2026-10-06 03:21:21;;;0
2127;TOTALENERGIES;0000879764;PDF;.pdf;totalenergies_pr-dividend-2Q26_2026_en.pdf;;MANUAL;https://totalenergies.com/system/files/documents/totalenergies_pr-dividend-2Q26_2026_en.pdf;;NAO_BAIXADO;0;;2026-10-04 20:57:06;2026-10-06 03:21:23;;;0
2124;TOTALENERGIES;0000879764;PDF;.pdf;totalenergies_pr-results-2q26_2026_en.pdf;;MANUAL;https://totalenergies.com/system/files/documents/totalenergies_pr-results-2q26_2026_en.pdf;;NAO_BAIXADO;0;;2026-10-04 20:57:06;2026-10-06 03:21:23;;;0
2142;TOTALENERGIES;0000879764;PDF;.pdf;totalenergies_pr-results-3q25_2025_en.pdf;;MANUAL;https://totalenergies.com/system/files/documents/totalenergies_pr-results-3q25_2025_en.pdf;;NAO_BAIXADO;0;;2026-10-04 20:57:07;2026-10-06 03:21:23;;;0
2178;TOTALENERGIES;0000879764;PDF;.pdf;totalenergies_pr-results-q1-2024_2024_en_pdf.pdf;;MANUAL;https://totalenergies.com/system/files/documents/2024-04/totalenergies_pr-results-q1-2024_2024_en_pdf.pdf;;NAO_BAIXADO;0;;2026-10-04 20:57:09;2026-10-06 03:21:21;;;0
2166;TOTALENERGIES;0000879764;PDF;.pdf;totalenergies_pr-results-q3-2024_2024_en_pdf.pdf;;MANUAL;https://totalenergies.com/system/files/documents/totalenergies_pr-results-q3-2024_2024_en_pdf.pdf;;NAO_BAIXADO;0;;2026-10-04 20:57:09;2026-10-06 03:21:20;;;0
2160;TOTALENERGIES;0000879764;PDF;.pdf;totalenergies_pr-results-q4-2024_2025_en.pdf;;MANUAL;https://totalenergies.com/system/files/documents/totalenergies_pr-results-q4-2024_2025_en.pdf;;NAO_BAIXADO;0;;2026-10-04 20:57:08;2026-10-06 03:21:22;;;0
2136;TOTALENERGIES;0000879764;PDF;.pdf;totalenergies_pr-results-q4-2025_2026_en.pdf;;MANUAL;https://totalenergies.com/system/files/documents/totalenergies_pr-results-q4-2025_2026_en.pdf;;NAO_BAIXADO;0;;2026-10-04 20:57:07;2026-10-06 03:21:22;;;0
2181;TOTALENERGIES;0000879764;XLSX;.xlsx;totalenergies_results-q1-2024_2024_en_xlsx.xlsx;;MANUAL;https://totalenergies.com/system/files/documents/2024-04/totalenergies_results-q1-2024_2024_en_xlsx.xlsx;;NAO_BAIXADO;0;;2026-10-04 20:57:09;2026-10-06 03:21:21;;;0
2169;TOTALENERGIES;0000879764;XLSX;.xlsx;totalenergies_results-q3-2024_2024_en_xlsx.xlsx;;MANUAL;https://totalenergies.com/system/files/documents/totalenergies_results-q3-2024_2024_en_xlsx.xlsx;;NAO_BAIXADO;0;;2026-10-04 20:57:09;2026-10-06 03:21:20;;;0
2162;TOTALENERGIES;0000879764;XLSX;.xlsx;totalenergies_results-q4-2024_2025_en.xlsx;;MANUAL;https://totalenergies.com/system/files/documents/totalenergies_results-q4-2024_2025_en.xlsx;;NAO_BAIXADO;0;;2026-10-04 20:57:08;2026-10-06 03:21:22;;;0
2123;TOTALENERGIES;0000879764;PDF;.pdf;totalenergies_sustainability-climate-2026-progress-report_2026_en.pdf;;MANUAL;https://totalenergies.com/system/files/documents/totalenergies_sustainability-climate-2026-progress-report_2026_en.pdf;;NAO_BAIXADO;0;;2026-10-04 20:57:06;2026-10-06 03:21:23;;;0
2114;TOTALENERGIES;0000879764;DOC;.doc;totalenergies_universal-registration-document-2025_2026_en.pdf;;MANUAL;https://totalenergies.com/system/files/documents/totalenergies_universal-registration-document-2025_2026_en.pdf;;NAO_BAIXADO;0;;2026-10-04 20:56:48;2026-10-06 03:21:24;;;0
2774;TOTALENERGIES;0000879764;HTML;.html;tte;;MANUAL;https://investidor10.com.br/stocks/tte;;NAO_BAIXADO;0;;2026-10-04 20:58:44;2026-10-06 03:20:57;;;0
2101;TOTALENERGIES;0000879764;PDF;.pdf;totalEnergies_q1-2026-results-transcript_2026_en.pdf;C:\Users\diego\Downloads\CASE_DESEMPENHO\03_Conteiner\TOTALENERGIES\2026_1T;MANUAL;https://totalenergies.com/investors/results;e3ad6bd78a39dfdee84723f84eb100a76568e59e5505dae94889a9d710f6dc80;NAO_PROCESSADO;0;;2026-10-04 20:54:37;2026-10-06 03:20:56;PDF pulado: narrativo ('transcript');C:\Users\diego\Downloads\CASE_DESEMPENHO\03_Conteiner\TOTALENERGIES\2026_1T\totalEnergies_q1-2026-results-transcript_2026_en.pdf;0
2090;TOTALENERGIES;0000879764;PDF;.pdf;totalenergies_2025-results-2026-objectives-transcript_2026_en.pdf;C:\Users\diego\Downloads\CASE_DESEMPENHO\03_Conteiner\TOTALENERGIES\2025_4T;MANUAL;https://totalenergies.com/investors/results;d694acf6e7ff778a0c14cc459d211cb00d3732be39f79a3f12fcf5a1ae8ef9f2;NAO_PROCESSADO;0;;2026-10-04 20:54:36;2026-10-06 03:20:56;PDF pulado: narrativo ('transcript');C:\Users\diego\Downloads\CASE_DESEMPENHO\03_Conteiner\TOTALENERGIES\2025_4T\totalenergies_2025-results-2026-objectives-transcript_2026_en.pdf;0
2091;TOTALENERGIES;0000879764;PDF;.pdf;totalenergies_2025-results-and-2026-objectives-presentation_2026_en.pdf;C:\Users\diego\Downloads\CASE_DESEMPENHO\03_Conteiner\TOTALENERGIES\2025_4T;MANUAL;https://totalenergies.com/investors/results;35ebf02e36af91c9b1a904e3f04b994425b86c15b004192e5f64bfa20e5737b6;NAO_PROCESSADO;0;;2026-10-04 20:54:36;2026-10-06 03:20:56;PDF pulado: narrativo ('presentation');C:\Users\diego\Downloads\CASE_DESEMPENHO\03_Conteiner\TOTALENERGIES\2025_4T\totalenergies_2025-results-and-2026-objectives-presentation_2026_en.pdf;0
2102;TOTALENERGIES;0000879764;PDF;.pdf;totalenergies_2q26-results-transcript_2026.pdf;C:\Users\diego\Downloads\CASE_DESEMPENHO\03_Conteiner\TOTALENERGIES\2026_2T;MANUAL;https://totalenergies.com/investors/results;ea0620a68dfb3246487d8703d520d2c51411c26b8ce0d8d8bd6ab7098a0c2629;NAO_PROCESSADO;0;;2026-10-04 20:54:37;2026-10-06 03:20:56;PDF pulado: narrativo ('transcript');C:\Users\diego\Downloads\CASE_DESEMPENHO\03_Conteiner\TOTALENERGIES\2026_2T\totalenergies_2q26-results-transcript_2026.pdf;0
2098;TOTALENERGIES;0000879764;XLSX;.xlsx;totalenergies_1q26-results-databook_2026.xlsx;C:\Users\diego\Downloads\CASE_DESEMPENHO\03_Conteiner\TOTALENERGIES\2026_1T;MANUAL;https://totalenergies.com/investors/results;b805cbaa2a15efb69c79af5811010cdc064b01afb8375989e1cda7a20b363b3b;PROCESSADO;27;651;2026-10-04 20:54:37;2026-10-06 03:22:51;;C:\Users\diego\Downloads\CASE_DESEMPENHO\03_Conteiner\TOTALENERGIES\2026_1T\totalenergies_1q26-results-databook_2026.xlsx;8
2093;TOTALENERGIES;0000879764;XLSX;.xlsx;totalenergies_databook-q4-2025_2026_en.xlsx;C:\Users\diego\Downloads\CASE_DESEMPENHO\03_Conteiner\TOTALENERGIES\2025_4T;MANUAL;https://totalenergies.com/investors/results;344a7731e7ed383712269925cd192d4be0535009ccb873663af35cf15d0d8b24;PROCESSADO;5;676;2026-10-04 20:54:37;2026-10-06 03:22:50;;C:\Users\diego\Downloads\CASE_DESEMPENHO\03_Conteiner\TOTALENERGIES\2025_4T\totalenergies_databook-q4-2025_2026_en.xlsx;0
2104;TOTALENERGIES;0000879764;XLSX;.xlsx;totalenergies_databook-results-2q26_2026_en.xlsx;C:\Users\diego\Downloads\CASE_DESEMPENHO\03_Conteiner\TOTALENERGIES\2026_2T;MANUAL;https://totalenergies.com/investors/results;1b949ba47dcef27baec7ba789e19d94286219525a5c3838ba299a0e3b5131704;PROCESSADO;43;620;2026-10-04 20:54:37;2026-10-06 03:22:52;;C:\Users\diego\Downloads\CASE_DESEMPENHO\03_Conteiner\TOTALENERGIES\2026_2T\totalenergies_databook-results-2q26_2026_en.xlsx;16
2096;TOTALENERGIES;0000879764;PDF;.pdf;totalenergies_1q26-consolidated-statement-of-income_2026.pdf;C:\Users\diego\Downloads\CASE_DESEMPENHO\03_Conteiner\TOTALENERGIES\2026_1T;MANUAL;https://totalenergies.com/investors/results;3b2817f86080c5e79ea30cd42b349c7f663fa96f245a3ccc99ea177556f7b2c9;SEM_DADOS;0;2938;2026-10-04 20:54:37;2026-10-06 03:22:58;parser nao extraiu nenhuma linha numerica deste documento;C:\Users\diego\Downloads\CASE_DESEMPENHO\03_Conteiner\TOTALENERGIES\2026_1T\totalenergies_1q26-consolidated-statement-of-income_2026.pdf;0
2097;TOTALENERGIES;0000879764;PDF;.pdf;totalenergies_1q26-notes-to-the-consolidated-financial-statements_2026.pdf;C:\Users\diego\Downloads\CASE_DESEMPENHO\03_Conteiner\TOTALENERGIES\2026_1T;MANUAL;https://totalenergies.com/investors/results;82ea7b522f361c42937f8f8a13eda893c7fb29cf411fa68f872dccbb740c237e;SEM_DADOS;0;3671;2026-10-04 20:54:37;2026-10-06 03:22:58;parser nao extraiu nenhuma linha numerica deste documento;C:\Users\diego\Downloads\CASE_DESEMPENHO\03_Conteiner\TOTALENERGIES\2026_1T\totalenergies_1q26-notes-to-the-consolidated-financial-statements_2026.pdf;0
2099;TOTALENERGIES;0000879764;PDF;.pdf;totalenergies_1q26-results-press-release_2026.pdf;C:\Users\diego\Downloads\CASE_DESEMPENHO\03_Conteiner\TOTALENERGIES\2026_1T;MANUAL;https://totalenergies.com/investors/results;eb476f097d6722cc743c96ae5c8fc89ce770e0e61c5ea2d84f1b05306451d1e1;SEM_DADOS;1;126;2026-10-04 20:54:37;2026-10-06 03:22:51;extraiu 1, mas nada foi gravado: 1 ignoradas: fato existente com confianca maior;C:\Users\diego\Downloads\CASE_DESEMPENHO\03_Conteiner\TOTALENERGIES\2026_1T\totalenergies_1q26-results-press-release_2026.pdf;0
2092;TOTALENERGIES;0000879764;PDF;.pdf;totalenergies_accounts-q4-2025_2026_en.pdf;C:\Users\diego\Downloads\CASE_DESEMPENHO\03_Conteiner\TOTALENERGIES\2025_4T;MANUAL;https://totalenergies.com/investors/results;979d28a69ee470cf974641aacbdb5698b813b1be9df5b5537187984265ab0a5a;SEM_DADOS;0;1132;2026-10-04 20:54:36;2026-10-06 03:22:58;parser nao extraiu nenhuma linha numerica deste documento;C:\Users\diego\Downloads\CASE_DESEMPENHO\03_Conteiner\TOTALENERGIES\2025_4T\totalenergies_accounts-q4-2025_2026_en.pdf;0
2103;TOTALENERGIES;0000879764;PDF;.pdf;totalenergies_accounts-results-2q26_2026_en.pdf;C:\Users\diego\Downloads\CASE_DESEMPENHO\03_Conteiner\TOTALENERGIES\2026_2T;MANUAL;https://totalenergies.com/investors/results;4968ae9972738558aa8e894caa24ade305c75bba731f3f2b0a19f8b7d8e5bc30;SEM_DADOS;0;4149;2026-10-04 20:54:37;2026-10-06 03:22:51;parser nao extraiu nenhuma linha numerica deste documento;C:\Users\diego\Downloads\CASE_DESEMPENHO\03_Conteiner\TOTALENERGIES\2026_2T\totalenergies_accounts-results-2q26_2026_en.pdf;0
2094;TOTALENERGIES;0000879764;PDF;.pdf;totalenergies_dividend-4Q25_2026_en.pdf;C:\Users\diego\Downloads\CASE_DESEMPENHO\03_Conteiner\TOTALENERGIES\2025_4T;MANUAL;https://totalenergies.com/investors/results;793e9d2a59d88c78ef83e4b4065e4e0e22b78493fae2fd7710890fb0ca3ff870;SEM_DADOS;0;988;2026-10-04 20:54:37;2026-10-06 03:22:58;parser nao extraiu nenhuma linha numerica deste documento;C:\Users\diego\Downloads\CASE_DESEMPENHO\03_Conteiner\TOTALENERGIES\2025_4T\totalenergies_dividend-4Q25_2026_en.pdf;0
2105;TOTALENERGIES;0000879764;PDF;.pdf;totalenergies_half-year-financial-report_2026_en.pdf;C:\Users\diego\Downloads\CASE_DESEMPENHO\03_Conteiner\TOTALENERGIES\2026_2T;MANUAL;https://totalenergies.com/investors/results;902ab4d61e5b6fe69cdf852147a3dcc70ef27a4d95c350854e3bf23b1957470a;SEM_DADOS;0;5266;2026-10-04 20:54:37;2026-10-06 03:22:59;parser nao extraiu nenhuma linha numerica deste documento;C:\Users\diego\Downloads\CASE_DESEMPENHO\03_Conteiner\TOTALENERGIES\2026_2T\totalenergies_half-year-financial-report_2026_en.pdf;0
2100;TOTALENERGIES;0000879764;PDF;.pdf;totalenergies_pr-dividend-1Q26_2026_en.pdf;C:\Users\diego\Downloads\CASE_DESEMPENHO\03_Conteiner\TOTALENERGIES\2026_1T;MANUAL;https://totalenergies.com/investors/results;d168afa6b48a1dfd5d24f65c7c02770b7edda11e662494475128e1646d3b33f5;SEM_DADOS;0;1185;2026-10-04 20:54:37;2026-10-06 03:22:58;parser nao extraiu nenhuma linha numerica deste documento;C:\Users\diego\Downloads\CASE_DESEMPENHO\03_Conteiner\TOTALENERGIES\2026_1T\totalenergies_pr-dividend-1Q26_2026_en.pdf;0
2106;TOTALENERGIES;0000879764;PDF;.pdf;totalenergies_pr-dividend-2Q26_2026_en.pdf;C:\Users\diego\Downloads\CASE_DESEMPENHO\03_Conteiner\TOTALENERGIES\2026_2T;MANUAL;https://totalenergies.com/investors/results;29f523e0e77c769c0d3a89973f9a1fc6bc259395345afebaac0530bd29f0237b;SEM_DADOS;0;1052;2026-10-04 20:54:37;2026-10-06 03:22:59;parser nao extraiu nenhuma linha numerica deste documento;C:\Users\diego\Downloads\CASE_DESEMPENHO\03_Conteiner\TOTALENERGIES\2026_2T\totalenergies_pr-dividend-2Q26_2026_en.pdf;0
2107;TOTALENERGIES;0000879764;PDF;.pdf;totalenergies_pr-results-2q26_2026_en.pdf;C:\Users\diego\Downloads\CASE_DESEMPENHO\03_Conteiner\TOTALENERGIES\2026_2T;MANUAL;https://totalenergies.com/investors/results;05cad9780fd9fb98d6f8cfd5801bde73ceca3bea76acda548be709be0c7213b1;SEM_DADOS;1;107;2026-10-04 20:54:37;2026-10-06 03:22:52;extraiu 1, mas nada foi gravado: 1 ignoradas: fato existente com confianca maior;C:\Users\diego\Downloads\CASE_DESEMPENHO\03_Conteiner\TOTALENERGIES\2026_2T\totalenergies_pr-results-2q26_2026_en.pdf;0
2095;TOTALENERGIES;0000879764;PDF;.pdf;totalenergies_pr-results-q4-2025_2026_en.pdf;C:\Users\diego\Downloads\CASE_DESEMPENHO\03_Conteiner\TOTALENERGIES\2025_4T;MANUAL;https://totalenergies.com/investors/results;e339b5d433a3a525de66b7465354a918f914bbd254fcbb0e0450937fc88473a7;SEM_DADOS;1;147;2026-10-04 20:54:37;2026-10-06 03:22:50;extraiu 1, mas nada foi gravado: 1 ignoradas: fato existente com confianca maior;C:\Users\diego\Downloads\CASE_DESEMPENHO\03_Conteiner\TOTALENERGIES\2025_4T\totalenergies_pr-results-q4-2025_2026_en.pdf;0
