company,source_id,site,title,url,ext,periodo,score,autoridade,via
EQUINOR,EQUINOR_RI,https://www.equinor.com/investors/quarterly-results,Q2 2026 Press release,https://www.equinor.com/investors/quarterly-results#2014,(pagina),2T2026,60,OFFICIAL_SUBDOMAIN,pagina-RI
EQUINOR,EQUINOR_RI,https://www.equinor.com/investors/quarterly-results,Q2 2026 webcast,https://www.equinor.com/investors/quarterly-results#2013,(pagina),2T2026,60,OFFICIAL_SUBDOMAIN,pagina-RI
EQUINOR,EQUINOR_RI,https://www.equinor.com/investors/quarterly-results,Q2 2025 webcast,https://www.equinor.com/news/equinor-first-quarter-2026-results,(pagina),2T2025,60,OFFICIAL_SUBDOMAIN,pagina-RI
EQUINOR,EQUINOR_RI,https://www.equinor.com/investors/quarterly-results,Q2 2024 press release,https://www.equinor.com/news/equinor-second-quarter-2025-results,(pagina),2T2024,60,OFFICIAL_SUBDOMAIN,pagina-RI
EQUINOR,EQUINOR_RI,https://www.equinor.com/investors/quarterly-results,Q2 2023 press release,https://www.equinor.com/news/equinor-second-quarter-2024-results,(pagina),2T2023,60,OFFICIAL_SUBDOMAIN,pagina-RI
EQUINOR,EQUINOR_RI,https://www.equinor.com/investors/quarterly-results,Q2 2022 press release,https://www.equinor.com/news/equinor-second-quarter-2023,(pagina),2T2022,60,OFFICIAL_SUBDOMAIN,pagina-RI
EQUINOR,EQUINOR_RI,https://www.equinor.com/investors/quarterly-results,Q2 2021 press release,https://www.equinor.com/news/equinor-second-quarter-2022,(pagina),2T2021,60,OFFICIAL_SUBDOMAIN,pagina-RI
EQUINOR,EQUINOR_RI,https://www.equinor.com/investors/quarterly-results,Q2 2020 press release,https://www.equinor.com/news/archive/equinor-third-quarter-2021-result,(pagina),2T2020,60,OFFICIAL_SUBDOMAIN,pagina-RI
EQUINOR,EQUINOR_RI,https://www.equinor.com/investors/quarterly-results,Q2 2019 press release,https://www.equinor.com/news/archive/equinor-q4-2020-results,(pagina),2T2019,60,OFFICIAL_SUBDOMAIN,pagina-RI
EQUINOR,EQUINOR_RI,https://www.equinor.com/investors/quarterly-results,Q2 2018 press release,https://www.equinor.com/news/archive/q3-2019-results,(pagina),2T2018,60,OFFICIAL_SUBDOMAIN,pagina-RI
EQUINOR,EQUINOR_RI,https://www.equinor.com/investors/quarterly-results,Q2 2017 press release,https://www.equinor.com/news/archive/third-quarter-2018,(pagina),2T2017,60,OFFICIAL_SUBDOMAIN,pagina-RI
EQUINOR,EQUINOR_RI,https://www.equinor.com/investors/quarterly-results,Q1 2017 webcast (YouTube),https://www.equinor.com/news/archive/q2-2018-results,(pagina),1T2017,60,OFFICIAL_SUBDOMAIN,pagina-RI
EQUINOR,EQUINOR_RI,https://www.equinor.com/investors/quarterly-results,Q4 2014 webcast (YouTube),https://www.equinor.com/news/archive/2017-2q-results,(pagina),4T2014,60,OFFICIAL_SUBDOMAIN,pagina-RI
EQUINOR,EQUINOR_RI,https://www.equinor.com/investors/quarterly-results,Q1 2026 Press release,https://www.equinor.com/investors/quarterly-results#2012,(pagina),1T2026,55,OFFICIAL_SUBDOMAIN,pagina-RI
EQUINOR,EQUINOR_RI,https://www.equinor.com/investors/quarterly-results,Q1 2026 webcast,https://www.equinor.com/investors/quarterly-results#2011,(pagina),1T2026,55,OFFICIAL_SUBDOMAIN,pagina-RI
EQUINOR,EQUINOR_RI,https://www.equinor.com/investors/quarterly-results,Q4 2025 press release,https://www.equinor.com/investors/quarterly-results#2009,(pagina),4T2025,55,OFFICIAL_SUBDOMAIN,pagina-RI
EQUINOR,EQUINOR_RI,https://www.equinor.com/investors/quarterly-results,Q4 2025 webcast,https://www.equinor.com/investors/quarterly-results#2008,(pagina),4T2025,55,OFFICIAL_SUBDOMAIN,pagina-RI
EQUINOR,EQUINOR_RI,https://www.equinor.com/investors/quarterly-results,Q3 2025 Press release,https://www.equinor.com/investors/quarterly-results#2007,(pagina),3T2025,55,OFFICIAL_SUBDOMAIN,pagina-RI
EQUINOR,EQUINOR_RI,https://www.equinor.com/investors/quarterly-results,Q3 2025 webcast,https://www.equinor.com/news/equinor-second-quarter-2026-results,(pagina),3T2025,55,OFFICIAL_SUBDOMAIN,pagina-RI
EQUINOR,EQUINOR_RI,https://www.equinor.com/investors/quarterly-results,Q3 2024 press release,https://www.equinor.com/news/equinor-third-quarter-2025-results,(pagina),3T2024,55,OFFICIAL_SUBDOMAIN,pagina-RI
EQUINOR,EQUINOR_RI,https://www.equinor.com/investors/quarterly-results,Q1 2024 press release,https://www.equinor.com/news/equinor-first-quarter-2025-results,(pagina),1T2024,55,OFFICIAL_SUBDOMAIN,pagina-RI
EQUINOR,EQUINOR_RI,https://www.equinor.com/investors/quarterly-results,Q4 2023 press release,https://www.equinor.com/news/equinor-fourth-quarter-and-full-year-2024-results,(pagina),4T2023,55,OFFICIAL_SUBDOMAIN,pagina-RI
EQUINOR,EQUINOR_RI,https://www.equinor.com/investors/quarterly-results,Q3 2023 press release,https://www.equinor.com/news/equinor-third-quarter-2024-results,(pagina),3T2023,55,OFFICIAL_SUBDOMAIN,pagina-RI
EQUINOR,EQUINOR_RI,https://www.equinor.com/investors/quarterly-results,Q1 2023 press release,https://www.equinor.com/news/equinor-first-quarter-2024,(pagina),1T2023,55,OFFICIAL_SUBDOMAIN,pagina-RI
EQUINOR,EQUINOR_RI,https://www.equinor.com/investors/quarterly-results,Q4 2022 press release,https://www.equinor.com/news/equinor-fourth-quarter-and-full-year-2023-results,(pagina),4T2022,55,OFFICIAL_SUBDOMAIN,pagina-RI
EQUINOR,EQUINOR_RI,https://www.equinor.com/investors/quarterly-results,Q3 2022 press release,https://www.equinor.com/news/equinor-third-quarter-2023,(pagina),3T2022,55,OFFICIAL_SUBDOMAIN,pagina-RI
EQUINOR,EQUINOR_RI,https://www.equinor.com/investors/quarterly-results,Q1 2022 press release,https://www.equinor.com/news/equinor-first-quarter-2023,(pagina),1T2022,55,OFFICIAL_SUBDOMAIN,pagina-RI
EQUINOR,EQUINOR_RI,https://www.equinor.com/investors/quarterly-results,Q4 2021 press release,https://www.equinor.com/news/equinor-fourth-quarter-2022-and-year-end-results,(pagina),4T2021,55,OFFICIAL_SUBDOMAIN,pagina-RI
EQUINOR,EQUINOR_RI,https://www.equinor.com/investors/quarterly-results,Q3 2021 press release,https://www.equinor.com/news/equinor-third-quarter-2022,(pagina),3T2021,55,OFFICIAL_SUBDOMAIN,pagina-RI
EQUINOR,EQUINOR_RI,https://www.equinor.com/investors/quarterly-results,Q1 2021 press release,https://www.equinor.com/news/equinor-first-quarter-2022-results,(pagina),1T2021,55,OFFICIAL_SUBDOMAIN,pagina-RI
EQUINOR,EQUINOR_RI,https://www.equinor.com/investors/quarterly-results,Q4 2020 press release,https://www.equinor.com/news/archive/fourth-quarter-2021-results-and-capital-markets-update-2022,(pagina),4T2020,55,OFFICIAL_SUBDOMAIN,pagina-RI
EQUINOR,EQUINOR_RI,https://www.equinor.com/investors/quarterly-results,Q1 2020 webcast (Vimeo),https://www.equinor.com/news/archive/equinor-second-quarter-2021-result,(pagina),1T2020,55,OFFICIAL_SUBDOMAIN,pagina-RI
EQUINOR,EQUINOR_RI,https://www.equinor.com/investors/quarterly-results,Q3 2019 press release,https://www.equinor.com/news/archive/equinor-first-quarter-2021-results,(pagina),3T2019,55,OFFICIAL_SUBDOMAIN,pagina-RI
EQUINOR,EQUINOR_RI,https://www.equinor.com/investors/quarterly-results,Q1 2019 press release,https://www.equinor.com/news/archive/equinor-third-quarter-2020-results,(pagina),1T2019,55,OFFICIAL_SUBDOMAIN,pagina-RI
EQUINOR,EQUINOR_RI,https://www.equinor.com/investors/quarterly-results,Q1 2019 webcast (YouTube),https://www.equinor.com/news/archive/equinor-second-quarter-2020-results,(pagina),1T2019,55,OFFICIAL_SUBDOMAIN,pagina-RI
EQUINOR,EQUINOR_RI,https://www.equinor.com/investors/quarterly-results,Q4 2018 press release,https://www.equinor.com/news/archive/equinor-first-quarter-2020-results,(pagina),4T2018,55,OFFICIAL_SUBDOMAIN,pagina-RI
EQUINOR,EQUINOR_RI,https://www.equinor.com/investors/quarterly-results,Q3 2018 webcast (YouTube),https://www.equinor.com/news/archive/fourth-quarter-2019-results-and-capital-markets-update-2020,(pagina),3T2018,55,OFFICIAL_SUBDOMAIN,pagina-RI
EQUINOR,EQUINOR_RI,https://www.equinor.com/investors/quarterly-results,Q1 2018 press release,https://www.equinor.com/news/archive/equinor-second-quarter-2019-results,(pagina),1T2018,55,OFFICIAL_SUBDOMAIN,pagina-RI
EQUINOR,EQUINOR_RI,https://www.equinor.com/investors/quarterly-results,Q4 2017 press release,https://www.equinor.com/news/archive/first-quarter-2019,(pagina),4T2017,55,OFFICIAL_SUBDOMAIN,pagina-RI
EQUINOR,EQUINOR_RI,https://www.equinor.com/investors/quarterly-results,Q3 2017 webcast (YouTube),https://www.equinor.com/news/archive/fourth-quarter-2018-results-and-capital-markets-update-2019,(pagina),3T2017,55,OFFICIAL_SUBDOMAIN,pagina-RI
EQUINOR,EQUINOR_RI,https://www.equinor.com/investors/quarterly-results,Q3 2016 press release,https://www.equinor.com/news/archive/fourth-quarter-2017-results-and-capital-markets-update-2018,(pagina),3T2016,55,OFFICIAL_SUBDOMAIN,pagina-RI
EQUINOR,EQUINOR_RI,https://www.equinor.com/investors/quarterly-results,(sem titulo),https://www.equinor.com/news/archive/q1-2017-results,(pagina),1T2017,55,OFFICIAL_SUBDOMAIN,pagina-RI
EQUINOR,EQUINOR_RI,https://www.equinor.com/investors/quarterly-results,Contact us,https://www.equinor.com/investors/quarterly-results#mainTitle,(pagina),—,40,OFFICIAL_SUBDOMAIN,pagina-RI
EQUINOR,EQUINOR_RI,https://www.equinor.com/investors/quarterly-results,2025,https://www.equinor.com/investors/quarterly-results,(pagina),—,40,OFFICIAL_SUBDOMAIN,pagina-RI
EQUINOR,EQUINOR_RI,https://www.equinor.com/investors/quarterly-results,2018,https://www.equinor.com/investors/quarterly-results#2026,(pagina),—,40,OFFICIAL_SUBDOMAIN,pagina-RI
EQUINOR,EQUINOR_RI,https://www.equinor.com/investors/quarterly-results,2017,https://www.equinor.com/investors/quarterly-results#2025,(pagina),—,40,OFFICIAL_SUBDOMAIN,pagina-RI
EQUINOR,EQUINOR_RI,https://www.equinor.com/investors/quarterly-results,2016,https://www.equinor.com/investors/quarterly-results#2024,(pagina),—,40,OFFICIAL_SUBDOMAIN,pagina-RI
EQUINOR,EQUINOR_RI,https://www.equinor.com/investors/quarterly-results,2015,https://www.equinor.com/investors/quarterly-results#2023,(pagina),—,40,OFFICIAL_SUBDOMAIN,pagina-RI
EQUINOR,EQUINOR_RI,https://www.equinor.com/investors/quarterly-results,2014,https://www.equinor.com/investors/quarterly-results#2022,(pagina),—,40,OFFICIAL_SUBDOMAIN,pagina-RI
EQUINOR,EQUINOR_RI,https://www.equinor.com/investors/quarterly-results,2013,https://www.equinor.com/investors/quarterly-results#2021,(pagina),—,40,OFFICIAL_SUBDOMAIN,pagina-RI
EQUINOR,EQUINOR_RI,https://www.equinor.com/investors/quarterly-results,2012,https://www.equinor.com/investors/quarterly-results#2020,(pagina),—,40,OFFICIAL_SUBDOMAIN,pagina-RI
EQUINOR,EQUINOR_RI,https://www.equinor.com/investors/quarterly-results,2011,https://www.equinor.com/investors/quarterly-results#2019,(pagina),—,40,OFFICIAL_SUBDOMAIN,pagina-RI
EQUINOR,EQUINOR_RI,https://www.equinor.com/investors/quarterly-results,2010,https://www.equinor.com/investors/quarterly-results#2018,(pagina),—,40,OFFICIAL_SUBDOMAIN,pagina-RI
EQUINOR,EQUINOR_RI,https://www.equinor.com/investors/quarterly-results,2009,https://www.equinor.com/investors/quarterly-results#2017,(pagina),—,40,OFFICIAL_SUBDOMAIN,pagina-RI
EQUINOR,EQUINOR_RI,https://www.equinor.com/investors/quarterly-results,2008,https://www.equinor.com/investors/quarterly-results#2016,(pagina),—,40,OFFICIAL_SUBDOMAIN,pagina-RI
EQUINOR,EQUINOR_RI,https://www.equinor.com/investors/quarterly-results,2007,https://www.equinor.com/investors/quarterly-results#2015,(pagina),—,40,OFFICIAL_SUBDOMAIN,pagina-RI
EQUINOR,EQUINOR_RI,https://www.equinor.com/investors/quarterly-results,Capital markets updateFind information about our capital markets updates,https://www.equinor.com/investors/quarterly-results#2010,(pagina),—,40,OFFICIAL_SUBDOMAIN,pagina-RI
EQUINOR,EQUINOR_RI,https://www.equinor.com/investors/quarterly-results,Press release,https://www.equinor.com/news/equinor-fourth-quarter-and-full-year-2025-results,(pagina),—,40,OFFICIAL_SUBDOMAIN,pagina-RI
EQUINOR,EQUINOR_RI,https://www.equinor.com/investors/quarterly-results,(sem titulo),https://www.equinor.com/news/archive/fourt-quarter-2016-results-and-capital-markets-update-2017,(pagina),—,40,OFFICIAL_SUBDOMAIN,pagina-RI
EQUINOR,EQUINOR_RI,https://www.equinor.com/investors/quarterly-results,(sem titulo),https://www.equinor.com/news/archive/2016-second-quarter-results,(pagina),—,40,OFFICIAL_SUBDOMAIN,pagina-RI
SHELL,SHELL_RI,https://www.shell.com/investors/results-and-reporting.html,(sem titulo),https://www.shell.com/news-and-insights/newsroom/news-and-media-releases/2024/advance-notice-q2-2024-result.html,.html,2T2024,60,OFFICIAL_SUBDOMAIN,sitemap
SHELL,SHELL_RI,https://www.shell.com/investors/results-and-reporting.html,(sem titulo),https://www.shell.com/news-and-insights/newsroom/news-and-media-releases/2025/advance-notice-q2-2025-result.html,.html,2T2025,60,OFFICIAL_SUBDOMAIN,sitemap
SHELL,SHELL_RI,https://www.shell.com/investors/results-and-reporting.html,(sem titulo),https://www.shell.com/news-and-insights/newsroom/news-and-media-releases/2024/advance-notice-q1-2024-result.html,.html,1T2024,55,OFFICIAL_SUBDOMAIN,sitemap
SHELL,SHELL_RI,https://www.shell.com/investors/results-and-reporting.html,(sem titulo),https://www.shell.com/news-and-insights/newsroom/news-and-media-releases/2024/advance-notice-q3-2024-result.html,.html,3T2024,55,OFFICIAL_SUBDOMAIN,sitemap
SHELL,SHELL_RI,https://www.shell.com/investors/results-and-reporting.html,(sem titulo),https://www.shell.com/news-and-insights/newsroom/news-and-media-releases/2024/advance-notice-q4-2024-result.html,.html,4T2024,55,OFFICIAL_SUBDOMAIN,sitemap
SHELL,SHELL_RI,https://www.shell.com/investors/results-and-reporting.html,(sem titulo),https://www.shell.com/news-and-insights/newsroom/news-and-media-releases/2025/advance-notice-q1-2025-result.html,.html,1T2025,55,OFFICIAL_SUBDOMAIN,sitemap
SHELL,SHELL_RI,https://www.shell.com/investors/results-and-reporting.html,(sem titulo),https://www.shell.com/news-and-insights/newsroom/news-and-media-releases/2025/advance-notice-q3-2025-result.html,.html,3T2025,55,OFFICIAL_SUBDOMAIN,sitemap
SHELL,SHELL_RI,https://www.shell.com/investors/results-and-reporting.html,(sem titulo),https://www.shell.com/investors/results-and-reporting.model.json,.json,—,40,OFFICIAL_SUBDOMAIN,pagina-RI
SHELL,SHELL_RI,https://www.shell.com/investors/results-and-reporting.html,(sem titulo),https://www.shell.com/investors/results-and-reporting.html,.html,—,40,OFFICIAL_SUBDOMAIN,pagina-RI
SHELL,SHELL_RI,https://www.shell.com/investors/results-and-reporting.html,(sem titulo),https://www.shell.com/who-we-are/contact-us/report-an-issue-with-our-website.html,.html,—,40,OFFICIAL_SUBDOMAIN,sitemap
SHELL,SHELL_RI,https://www.shell.com/investors/results-and-reporting.html,(sem titulo),https://www.shell.com/what-we-do/our-strategy/sustainability/our-approach/tax-transparency/tax-contribution-report.html,.html,—,40,OFFICIAL_SUBDOMAIN,sitemap
SHELL,SHELL_RI,https://www.shell.com/investors/results-and-reporting.html,(sem titulo),https://www.shell.com/what-we-do/our-strategy/sustainability/advocacy-and-political-activity/climate-and-energy-transition-lobbying-report-2025.html,.html,—,40,OFFICIAL_SUBDOMAIN,sitemap
SHELL,SHELL_RI,https://www.shell.com/investors/results-and-reporting.html,(sem titulo),https://www.shell.com/what-we-do/our-strategy/sustainability/reporting-centre.html,.html,—,40,OFFICIAL_SUBDOMAIN,sitemap
SHELL,SHELL_RI,https://www.shell.com/investors/results-and-reporting.html,(sem titulo),https://www.shell.com/what-we-do/our-strategy/sustainability/reporting-centre/reporting-centre-archive.html,.html,—,40,OFFICIAL_SUBDOMAIN,sitemap
SHELL,SHELL_RI,https://www.shell.com/investors/results-and-reporting.html,(sem titulo),https://www.shell.com/what-we-do/our-strategy/sustainability/reporting-centre/reporting-standards-and-esg-ratings.html,.html,—,40,OFFICIAL_SUBDOMAIN,sitemap
SHELL,SHELL_RI,https://www.shell.com/investors/results-and-reporting.html,(sem titulo),https://www.shell.com/news-and-insights/newsroom/news-and-media-releases.html,.html,—,40,OFFICIAL_SUBDOMAIN,sitemap
SHELL,SHELL_RI,https://www.shell.com/investors/results-and-reporting.html,(sem titulo),https://www.shell.com/news-and-insights/newsroom/news-and-media-releases/2024.html,.html,—,40,OFFICIAL_SUBDOMAIN,sitemap
SHELL,SHELL_RI,https://www.shell.com/investors/results-and-reporting.html,(sem titulo),https://www.shell.com/news-and-insights/newsroom/news-and-media-releases/2024/shell-fourth-quarter-2023-update-note.html,.html,—,40,OFFICIAL_SUBDOMAIN,sitemap
SHELL,SHELL_RI,https://www.shell.com/investors/results-and-reporting.html,(sem titulo),https://www.shell.com/news-and-insights/newsroom/news-and-media-releases/2024/shell-agrees-to-sell-nigerian-onshore-subsidiary-spdc.html,.html,—,40,OFFICIAL_SUBDOMAIN,sitemap
SHELL,SHELL_RI,https://www.shell.com/investors/results-and-reporting.html,(sem titulo),https://www.shell.com/news-and-insights/newsroom/news-and-media-releases/2024/advance-notice-shell-lng-outlook-2024-webcast.html,.html,—,40,OFFICIAL_SUBDOMAIN,sitemap
SHELL,SHELL_RI,https://www.shell.com/investors/results-and-reporting.html,(sem titulo),https://www.shell.com/news-and-insights/newsroom/news-and-media-releases/2024/shell-invests-to-repurpose-german-energy-and-chemicals-park-rheinland.html,.html,—,40,OFFICIAL_SUBDOMAIN,sitemap
SHELL,SHELL_RI,https://www.shell.com/investors/results-and-reporting.html,(sem titulo),https://www.shell.com/news-and-insights/newsroom/news-and-media-releases/2024/fourth-quarter-2023-results-announcement.html,.html,—,40,OFFICIAL_SUBDOMAIN,sitemap
SHELL,SHELL_RI,https://www.shell.com/investors/results-and-reporting.html,(sem titulo),https://www.shell.com/news-and-insights/newsroom/news-and-media-releases/2024/global-lng-demand-to-grow-beyond-2040.html,.html,—,40,OFFICIAL_SUBDOMAIN,sitemap
SHELL,SHELL_RI,https://www.shell.com/investors/results-and-reporting.html,(sem titulo),https://www.shell.com/news-and-insights/newsroom/news-and-media-releases/2024/shell-plc-fourth-quarter-2023-euro-and-gbp-equivalent-dividend-payments.html,.html,—,40,OFFICIAL_SUBDOMAIN,sitemap
SHELL,SHELL_RI,https://www.shell.com/investors/results-and-reporting.html,(sem titulo),https://www.shell.com/news-and-insights/newsroom/news-and-media-releases/2024/shell-plc-published-annual-report-and-accounts.html,.html,—,40,OFFICIAL_SUBDOMAIN,sitemap
SHELL,SHELL_RI,https://www.shell.com/investors/results-and-reporting.html,(sem titulo),https://www.shell.com/news-and-insights/newsroom/news-and-media-releases/2024/shell-plc-filed-form-20-f-with-sec.html,.html,—,40,OFFICIAL_SUBDOMAIN,sitemap
SHELL,SHELL_RI,https://www.shell.com/investors/results-and-reporting.html,(sem titulo),https://www.shell.com/news-and-insights/newsroom/news-and-media-releases/2024/shell-publishes-energy-transition-strategy-2024.html,.html,—,40,OFFICIAL_SUBDOMAIN,sitemap
SHELL,SHELL_RI,https://www.shell.com/investors/results-and-reporting.html,(sem titulo),https://www.shell.com/news-and-insights/newsroom/news-and-media-releases/2024/shell-publishes-reports-on-sustainability-and-payments-to-governments.html,.html,—,40,OFFICIAL_SUBDOMAIN,sitemap
SHELL,SHELL_RI,https://www.shell.com/investors/results-and-reporting.html,(sem titulo),https://www.shell.com/news-and-insights/newsroom/news-and-media-releases/2024/shell-first-quarter-2024-update-note.html,.html,—,40,OFFICIAL_SUBDOMAIN,sitemap
SHELL,SHELL_RI,https://www.shell.com/investors/results-and-reporting.html,(sem titulo),https://www.shell.com/news-and-insights/newsroom/news-and-media-releases/2024/first-quarter-2024-results-announcement.html,.html,—,40,OFFICIAL_SUBDOMAIN,sitemap
SHELL,SHELL_RI,https://www.shell.com/investors/results-and-reporting.html,(sem titulo),https://www.shell.com/news-and-insights/newsroom/news-and-media-releases/2024/shell-to-sell-interest-in-singapore-energy-and-chemical-park.html,.html,—,40,OFFICIAL_SUBDOMAIN,sitemap
SHELL,SHELL_RI,https://www.shell.com/investors/results-and-reporting.html,(sem titulo),https://www.shell.com/news-and-insights/newsroom/news-and-media-releases/2024/atapu-consortium-takes-final-investment-decision-on-atapu-two-project-in-brazils-pre-salt.html,.html,—,40,OFFICIAL_SUBDOMAIN,sitemap
SHELL,SHELL_RI,https://www.shell.com/investors/results-and-reporting.html,(sem titulo),https://www.shell.com/news-and-insights/newsroom/news-and-media-releases/2024/shell-plc-first-quarter-2024-euro-and-gbp-equivalent-dividend-payments.html,.html,—,40,OFFICIAL_SUBDOMAIN,sitemap
SHELL,SHELL_RI,https://www.shell.com/investors/results-and-reporting.html,(sem titulo),https://www.shell.com/news-and-insights/newsroom/news-and-media-releases/2024/shell-signs-agreement-to-acquire-pavilion-energy.html,.html,—,40,OFFICIAL_SUBDOMAIN,sitemap
SHELL,SHELL_RI,https://www.shell.com/investors/results-and-reporting.html,(sem titulo),https://www.shell.com/news-and-insights/newsroom/news-and-media-releases/2024/shell-to-build-carbon-capture-and-storage-projects-in-canada.html,.html,—,40,OFFICIAL_SUBDOMAIN,sitemap
SHELL,SHELL_RI,https://www.shell.com/investors/results-and-reporting.html,(sem titulo),https://www.shell.com/news-and-insights/newsroom/news-and-media-releases/2024/shell-to-temporarily-pause-on-site-construction-of-european-biofuels-facility.html,.html,—,40,OFFICIAL_SUBDOMAIN,sitemap
SHELL,SHELL_RI,https://www.shell.com/investors/results-and-reporting.html,(sem titulo),https://www.shell.com/news-and-insights/newsroom/news-and-media-releases/2024/shell-second-quarter-2024-update-note.html,.html,—,40,OFFICIAL_SUBDOMAIN,sitemap
SHELL,SHELL_RI,https://www.shell.com/investors/results-and-reporting.html,(sem titulo),https://www.shell.com/news-and-insights/newsroom/news-and-media-releases/2024/shell-boosts-lng-business-with-manatee-fid-in-trinidad-and-tobago.html,.html,—,40,OFFICIAL_SUBDOMAIN,sitemap
SHELL,SHELL_RI,https://www.shell.com/investors/results-and-reporting.html,(sem titulo),https://www.shell.com/news-and-insights/newsroom/news-and-media-releases/2024/first-gas-achieved-at-jerun-gas-field-malaysia.html,.html,—,40,OFFICIAL_SUBDOMAIN,sitemap
SHELL,SHELL_RI,https://www.shell.com/investors/results-and-reporting.html,(sem titulo),https://www.shell.com/news-and-insights/newsroom/news-and-media-releases/2024/shell-to-invest-in-ruwais-lng-project-in-abu-dhabi.html,.html,—,40,OFFICIAL_SUBDOMAIN,sitemap
SHELL,SHELL_RI,https://www.shell.com/investors/results-and-reporting.html,(sem titulo),https://www.shell.com/news-and-insights/newsroom/news-and-media-releases/2024/second-quarter-2024-results-announcement.html,.html,—,40,OFFICIAL_SUBDOMAIN,sitemap
SHELL,SHELL_RI,https://www.shell.com/investors/results-and-reporting.html,(sem titulo),https://www.shell.com/news-and-insights/newsroom/news-and-media-releases/2024/shell-invests-in-phase-two-of-surat-gas-project-in-australia.html,.html,—,40,OFFICIAL_SUBDOMAIN,sitemap
SHELL,SHELL_RI,https://www.shell.com/investors/results-and-reporting.html,(sem titulo),https://www.shell.com/news-and-insights/newsroom/news-and-media-releases/2024/shell-invests-in-water-injection-at-gulf-of-mexico-field.html,.html,—,40,OFFICIAL_SUBDOMAIN,sitemap
SHELL,SHELL_RI,https://www.shell.com/investors/results-and-reporting.html,(sem titulo),https://www.shell.com/news-and-insights/newsroom/news-and-media-releases/2024/shell-plc-second-quarter-2024-euro-and-gbp-equivalent-dividend-payments.html,.html,—,40,OFFICIAL_SUBDOMAIN,sitemap
SHELL,SHELL_RI,https://www.shell.com/investors/results-and-reporting.html,(sem titulo),https://www.shell.com/news-and-insights/newsroom/news-and-media-releases/2024/shell-third-quarter-2024-update-note.html,.html,—,40,OFFICIAL_SUBDOMAIN,sitemap
SHELL,SHELL_RI,https://www.shell.com/investors/results-and-reporting.html,(sem titulo),https://www.shell.com/news-and-insights/newsroom/news-and-media-releases/2024/shell-to-acquire-combined-cycle-power-plant-in-priority-us-trading-market.html,.html,—,40,OFFICIAL_SUBDOMAIN,sitemap
SHELL,SHELL_RI,https://www.shell.com/investors/results-and-reporting.html,(sem titulo),https://www.shell.com/news-and-insights/newsroom/news-and-media-releases/2024/third-quarter-2024-results-announcement.html,.html,—,40,OFFICIAL_SUBDOMAIN,sitemap
SHELL,SHELL_RI,https://www.shell.com/investors/results-and-reporting.html,(sem titulo),https://www.shell.com/news-and-insights/newsroom/news-and-media-releases/2024/libra-consortium-announces-first-oil-at-third-fpso-in-brazil-pre-salt.html,.html,—,40,OFFICIAL_SUBDOMAIN,sitemap
SHELL,SHELL_RI,https://www.shell.com/investors/results-and-reporting.html,(sem titulo),https://www.shell.com/news-and-insights/newsroom/news-and-media-releases/2024/shell-welcomes-dutch-court-of-appeal-ruling.html,.html,—,40,OFFICIAL_SUBDOMAIN,sitemap
SHELL,SHELL_RI,https://www.shell.com/investors/results-and-reporting.html,(sem titulo),https://www.shell.com/news-and-insights/newsroom/news-and-media-releases/2024/shell-and-equinor-to-create-the-uk-largest-independent-oil-and-gas-company.html,.html,—,40,OFFICIAL_SUBDOMAIN,sitemap
SHELL,SHELL_RI,https://www.shell.com/investors/results-and-reporting.html,(sem titulo),https://www.shell.com/news-and-insights/newsroom/news-and-media-releases/2024/shell-plc-third-quarter-2024-euro-and-gbp-equivalent-dividend-payments.html,.html,—,40,OFFICIAL_SUBDOMAIN,sitemap
SHELL,SHELL_RI,https://www.shell.com/investors/results-and-reporting.html,(sem titulo),https://www.shell.com/news-and-insights/newsroom/news-and-media-releases/2024/shell-invests-in-bonga-north-deep-water-project-nigeria.html,.html,—,40,OFFICIAL_SUBDOMAIN,sitemap
SHELL,SHELL_RI,https://www.shell.com/investors/results-and-reporting.html,(sem titulo),https://www.shell.com/news-and-insights/newsroom/news-and-media-releases/2025.html,.html,—,40,OFFICIAL_SUBDOMAIN,sitemap
SHELL,SHELL_RI,https://www.shell.com/investors/results-and-reporting.html,(sem titulo),https://www.shell.com/news-and-insights/newsroom/news-and-media-releases/2025/shell-completes-acquisition-of-working-interest-in-gulf-of-america.html,.html,—,40,OFFICIAL_SUBDOMAIN,sitemap
SHELL,SHELL_RI,https://www.shell.com/investors/results-and-reporting.html,(sem titulo),https://www.shell.com/news-and-insights/newsroom/news-and-media-releases/2025/first-quarter-2025-results-announcement.html,.html,—,40,OFFICIAL_SUBDOMAIN,sitemap
SHELL,SHELL_RI,https://www.shell.com/investors/results-and-reporting.html,(sem titulo),https://www.shell.com/news-and-insights/newsroom/news-and-media-releases/2025/shell-publishes-report-on-payments-to-governments.html,.html,—,40,OFFICIAL_SUBDOMAIN,sitemap
SHELL,SHELL_RI,https://www.shell.com/investors/results-and-reporting.html,(sem titulo),https://www.shell.com/news-and-insights/newsroom/news-and-media-releases/2025/libra-consortium-announces-first-oil-from-mero-four-fpso-in-brazil-pre-salt.html,.html,—,40,OFFICIAL_SUBDOMAIN,sitemap
SHELL,SHELL_RI,https://www.shell.com/investors/results-and-reporting.html,(sem titulo),https://www.shell.com/news-and-insights/newsroom/news-and-media-releases/2025/shell-to-increase-interest-in-nigerias-deep-water-bonga-field.html,.html,—,40,OFFICIAL_SUBDOMAIN,sitemap
SHELL,SHELL_RI,https://www.shell.com/investors/results-and-reporting.html,(sem titulo),https://www.shell.com/news-and-insights/newsroom/news-and-media-releases/2025/shell-fourth-quarter-2024-update-note.html,.html,—,40,OFFICIAL_SUBDOMAIN,sitemap
SHELL,SHELL_RI,https://www.shell.com/investors/results-and-reporting.html,(sem titulo),https://www.shell.com/news-and-insights/newsroom/news-and-media-releases/2025/shell-starts-production-at-whale-in-the-us-gulf-of-mexico.html,.html,—,40,OFFICIAL_SUBDOMAIN,sitemap
SHELL,SHELL_RI,https://www.shell.com/investors/results-and-reporting.html,(sem titulo),https://www.shell.com/news-and-insights/newsroom/news-and-media-releases/2025/cspc-a-shell-cnooc-jv-invests-in-petrochemical-complex-expansion-in-china.html,.html,—,40,OFFICIAL_SUBDOMAIN,sitemap
SHELL,SHELL_RI,https://www.shell.com/investors/results-and-reporting.html,(sem titulo),https://www.shell.com/news-and-insights/newsroom/news-and-media-releases/2025/shell-plc-announces-changes-to-the-executive-committee.html,.html,—,40,OFFICIAL_SUBDOMAIN,sitemap
SHELL,SHELL_RI,https://www.shell.com/investors/results-and-reporting.html,(sem titulo),https://www.shell.com/news-and-insights/newsroom/news-and-media-releases/2025/shell-completes-acquisition-combined-cycle-power-plant-us-trading-market.html,.html,—,40,OFFICIAL_SUBDOMAIN,sitemap
SHELL,SHELL_RI,https://www.shell.com/investors/results-and-reporting.html,(sem titulo),https://www.shell.com/news-and-insights/newsroom/news-and-media-releases/2025/fourth-quarter-2024-results-announcement.html,.html,—,40,OFFICIAL_SUBDOMAIN,sitemap
SHELL,SHELL_RI,https://www.shell.com/investors/results-and-reporting.html,(sem titulo),https://www.shell.com/news-and-insights/newsroom/news-and-media-releases/2025/shell-starts-up-new-facility-in-uk-north-sea-restoring-production-from-the-penguins-field.html,.html,—,40,OFFICIAL_SUBDOMAIN,sitemap
SHELL,SHELL_RI,https://www.shell.com/investors/results-and-reporting.html,(sem titulo),https://www.shell.com/news-and-insights/newsroom/news-and-media-releases/2025/lng-demand-expected-rise-by-sixty-percent-by-2040.html,.html,—,40,OFFICIAL_SUBDOMAIN,sitemap
SHELL,SHELL_RI,https://www.shell.com/investors/results-and-reporting.html,(sem titulo),https://www.shell.com/news-and-insights/newsroom/news-and-media-releases/2025/shell-grow-working-interest-ursa-platform-gulf-america.html,.html,—,40,OFFICIAL_SUBDOMAIN,sitemap
SHELL,SHELL_RI,https://www.shell.com/investors/results-and-reporting.html,(sem titulo),https://www.shell.com/news-and-insights/newsroom/news-and-media-releases/2025/shell-plc-announces-changes-to-the-ec.html,.html,—,40,OFFICIAL_SUBDOMAIN,sitemap
SHELL,SHELL_RI,https://www.shell.com/investors/results-and-reporting.html,(sem titulo),https://www.shell.com/news-and-insights/newsroom/news-and-media-releases/2025/shell-completes-sale-of-spdc.html,.html,—,40,OFFICIAL_SUBDOMAIN,sitemap
SHELL,SHELL_RI,https://www.shell.com/investors/results-and-reporting.html,(sem titulo),https://www.shell.com/news-and-insights/newsroom/news-and-media-releases/2025/shell-completes-sale-of-spdc/spdc-sale.html,.html,—,40,OFFICIAL_SUBDOMAIN,sitemap
SHELL,SHELL_RI,https://www.shell.com/investors/results-and-reporting.html,(sem titulo),https://www.shell.com/news-and-insights/newsroom/news-and-media-releases/2025/shell-invests-in-the-gato-do-mato-project-in-brazils-pre-salt.html,.html,—,40,OFFICIAL_SUBDOMAIN,sitemap
SHELL,SHELL_RI,https://www.shell.com/investors/results-and-reporting.html,(sem titulo),https://www.shell.com/news-and-insights/newsroom/news-and-media-releases/2025/shell-plc-publishes-2024-annual-report-and-accounts.html,.html,—,40,OFFICIAL_SUBDOMAIN,sitemap
SHELL,SHELL_RI,https://www.shell.com/investors/results-and-reporting.html,(sem titulo),https://www.shell.com/news-and-insights/newsroom/news-and-media-releases/2025/shell-plc-filed-2024-form-20-f-with-sec.html,.html,—,40,OFFICIAL_SUBDOMAIN,sitemap
SHELL,SHELL_RI,https://www.shell.com/investors/results-and-reporting.html,(sem titulo),https://www.shell.com/news-and-insights/newsroom/news-and-media-releases/2025/shell-accelerates-strategy-to-deliver-more-value-with-less-emissions.html,.html,—,40,OFFICIAL_SUBDOMAIN,sitemap
SHELL,SHELL_RI,https://www.shell.com/investors/results-and-reporting.html,(sem titulo),https://www.shell.com/news-and-insights/newsroom/news-and-media-releases/2025/shell-completes-acquisition-of-pavilion-energy.html,.html,—,40,OFFICIAL_SUBDOMAIN,sitemap
SHELL,SHELL_RI,https://www.shell.com/investors/results-and-reporting.html,(sem titulo),https://www.shell.com/news-and-insights/newsroom/news-and-media-releases/2025/shell-completes-sale-of-interest-in-singapore-energy-and-chemicals-park.html,.html,—,40,OFFICIAL_SUBDOMAIN,sitemap
SHELL,SHELL_RI,https://www.shell.com/investors/results-and-reporting.html,(sem titulo),https://www.shell.com/news-and-insights/newsroom/news-and-media-releases/2025/shell-to-sell-interest-in-colonial-enterprises-inc-to-brookfield-subsidiary.html,.html,—,40,OFFICIAL_SUBDOMAIN,sitemap
SHELL,SHELL_RI,https://www.shell.com/investors/results-and-reporting.html,(sem titulo),https://www.shell.com/news-and-insights/newsroom/news-and-media-releases/2025/shell-first-quarter-2025-update-note.html,.html,—,40,OFFICIAL_SUBDOMAIN,sitemap
SHELL,SHELL_RI,https://www.shell.com/investors/results-and-reporting.html,(sem titulo),https://www.shell.com/news-and-insights/newsroom/news-and-media-releases/2025/shell-plc-first-quarter-2025-euro-and-gbp-equivalent-dividend-payment.html,.html,—,40,OFFICIAL_SUBDOMAIN,sitemap
SHELL,SHELL_RI,https://www.shell.com/investors/results-and-reporting.html,(sem titulo),https://www.shell.com/news-and-insights/newsroom/news-and-media-releases/2025/shell-plc-fourth-quarter-2024-euro-and-gbp-equivalent-dividend-payments.html,.html,—,40,OFFICIAL_SUBDOMAIN,sitemap
SHELL,SHELL_RI,https://www.shell.com/investors/results-and-reporting.html,(sem titulo),https://www.shell.com/news-and-insights/newsroom/news-and-media-releases/2025/shell-plc-statement-re-bp-plc.html,.html,—,40,OFFICIAL_SUBDOMAIN,sitemap
SHELL,SHELL_RI,https://www.shell.com/investors/results-and-reporting.html,(sem titulo),https://www.shell.com/news-and-insights/newsroom/news-and-media-releases/2025/first-cargo-leaves-lng-canada.html,.html,—,40,OFFICIAL_SUBDOMAIN,sitemap
SHELL,SHELL_RI,https://www.shell.com/investors/results-and-reporting.html,(sem titulo),https://www.shell.com/news-and-insights/newsroom/news-and-media-releases/2025/shell-to-update-2023-and-2024-form20-fs.html,.html,—,40,OFFICIAL_SUBDOMAIN,sitemap
SHELL,SHELL_RI,https://www.shell.com/investors/results-and-reporting.html,(sem titulo),https://www.shell.com/news-and-insights/newsroom/news-and-media-releases/2025/shell-plc-filed-amendments-form-20-f-with-sec-for-2023-2024-with-sec.html,.html,—,40,OFFICIAL_SUBDOMAIN,sitemap
SHELL,SHELL_RI,https://www.shell.com/investors/results-and-reporting.html,(sem titulo),https://www.shell.com/news-and-insights/newsroom/news-and-media-releases/2025/shell-second-quarter-2025-update-note.html,.html,—,40,OFFICIAL_SUBDOMAIN,sitemap
SHELL,SHELL_RI,https://www.shell.com/investors/results-and-reporting.html,(sem titulo),https://www.shell.com/news-and-insights/newsroom/news-and-media-releases/2025/second-quarter-2025-results-announcement.html,.html,—,40,OFFICIAL_SUBDOMAIN,sitemap
SHELL,SHELL_RI,https://www.shell.com/investors/results-and-reporting.html,(sem titulo),https://www.shell.com/news-and-insights/newsroom/news-and-media-releases/2025/shell-completes-sale-of-interest-in-colonial-enterprises-inc-to-brookfield-subsidiary.html,.html,—,40,OFFICIAL_SUBDOMAIN,sitemap
SHELL,SHELL_RI,https://www.shell.com/investors/results-and-reporting.html,(sem titulo),https://www.shell.com/news-and-insights/newsroom/news-and-media-releases/2025/shell-not-restart-construction-rotterdam-biofuels-plant.html,.html,—,40,OFFICIAL_SUBDOMAIN,sitemap
SHELL,SHELL_RI,https://www.shell.com/investors/results-and-reporting.html,(sem titulo),https://www.shell.com/news-and-insights/newsroom/news-and-media-releases/2025/shell-plc-second-quarter-2025-euro-and-gbp-equivalent-dividend-payment.html,.html,—,40,OFFICIAL_SUBDOMAIN,sitemap
SHELL,SHELL_RI,https://www.shell.com/investors/results-and-reporting.html,(sem titulo),https://www.shell.com/news-and-insights/newsroom/news-and-media-releases/2025/shell-third-quarter-2025-update-note.html,.html,—,40,OFFICIAL_SUBDOMAIN,sitemap
SHELL,SHELL_RI,https://www.shell.com/investors/results-and-reporting.html,(sem titulo),https://www.shell.com/news-and-insights/newsroom/news-and-media-releases/2025/shell-invests-in-nigeria-offshore-gas-development.html,.html,—,40,OFFICIAL_SUBDOMAIN,sitemap
SHELL,SHELL_RI,https://www.shell.com/investors/results-and-reporting.html,(sem titulo),https://www.shell.com/news-and-insights/newsroom/news-and-media-releases/2025/third-quarter-2025-results-announcement.html,.html,—,40,OFFICIAL_SUBDOMAIN,sitemap
SHELL,SHELL_RI,https://www.shell.com/investors/results-and-reporting.html,(sem titulo),https://www.shell.com/news-and-insights/newsroom/news-and-media-releases/2025/shell-completes-acquisition-of-increased-interest-in-nigerias-deep-water-bonga-field.html,.html,—,40,OFFICIAL_SUBDOMAIN,sitemap
SHELL,SHELL_RI,https://www.shell.com/investors/results-and-reporting.html,(sem titulo),https://www.shell.com/news-and-insights/newsroom/news-and-media-releases/2025/shell-and-equinor-complete-formation-of-adura.html,.html,—,40,OFFICIAL_SUBDOMAIN,sitemap
SHELL,SHELL_RI,https://www.shell.com/investors/results-and-reporting.html,(sem titulo),https://www.shell.com/news-and-insights/newsroom/news-and-media-releases/2025/advance-notice-of-fourth-quarter-2025-results-and-fourth-quarter-2025-interim-dividend-announcement.html,.html,—,40,OFFICIAL_SUBDOMAIN,sitemap
SHELL,SHELL_RI,https://www.shell.com/investors/results-and-reporting.html,(sem titulo),https://www.shell.com/news-and-insights/newsroom/news-and-media-releases/2025/shell-plc-third-quarter-2025-euro-and-gbp-equivalent-dividend-payments.html,.html,—,40,OFFICIAL_SUBDOMAIN,sitemap
SHELL,SHELL_RI,https://www.shell.com/investors/results-and-reporting.html,(sem titulo),https://www.shell.com/news-and-insights/newsroom/news-and-media-releases/2025/shell-grows-interest-in-atapu-and-mero-units-offshore-brazil.html,.html,—,40,OFFICIAL_SUBDOMAIN,sitemap
SHELL,SHELL_RI,https://www.shell.com/investors/results-and-reporting.html,(sem titulo),https://www.shell.com/news-and-insights/newsroom/news-and-media-releases/2025/shell-invests-in-kaikias-waterflood-to-unlock-production-in-gulf-of-america.html,.html,—,40,OFFICIAL_SUBDOMAIN,sitemap
SHELL,SHELL_RI,https://www.shell.com/investors/results-and-reporting.html,(sem titulo),https://www.shell.com/news-and-insights/newsroom/news-and-media-releases/2026.html,.html,—,40,OFFICIAL_SUBDOMAIN,sitemap
SHELL,SHELL_RI,https://www.shell.com/investors/results-and-reporting.html,(sem titulo),https://www.shell.com/news-and-insights/newsroom/news-and-media-releases/2026/shell-second-quarter-2026-update-note.html,.html,—,40,OFFICIAL_SUBDOMAIN,sitemap
SHELL,SHELL_RI,https://www.shell.com/investors/results-and-reporting.html,(sem titulo),https://www.shell.com/news-and-insights/newsroom/news-and-media-releases/2026/shell-fourth-quarter-2025-update-note.html,.html,—,40,OFFICIAL_SUBDOMAIN,sitemap
SHELL,SHELL_RI,https://www.shell.com/investors/results-and-reporting.html,(sem titulo),https://www.shell.com/news-and-insights/newsroom/news-and-media-releases/2026/shell-plc-announces-changes-to-the-executive-committee.html,.html,—,40,OFFICIAL_SUBDOMAIN,sitemap
SHELL,SHELL_RI,https://www.shell.com/investors/results-and-reporting.html,(sem titulo),https://www.shell.com/news-and-insights/newsroom/news-and-media-releases/2026/fourth-quarter-2025-results-announcement.html,.html,—,40,OFFICIAL_SUBDOMAIN,sitemap
SHELL,SHELL_RI,https://www.shell.com/investors/results-and-reporting.html,(sem titulo),https://www.shell.com/news-and-insights/newsroom/news-and-media-releases/2026/advance-notice-of-first-quarter-2026-results-and-first-quarter-2026-interim-dividend-announcement.html,.html,—,40,OFFICIAL_SUBDOMAIN,sitemap
SHELL,SHELL_RI,https://www.shell.com/investors/results-and-reporting.html,(sem titulo),https://www.shell.com/news-and-insights/newsroom/news-and-media-releases/2026/shell-to-sell-jiffy-lube-international-and-premium-velocity-auto-to-monomy-capital-partners.html,.html,—,40,OFFICIAL_SUBDOMAIN,sitemap
SHELL,SHELL_RI,https://www.shell.com/investors/results-and-reporting.html,(sem titulo),https://www.shell.com/news-and-insights/newsroom/news-and-media-releases/2026/shell-plc-publishes-2025-annual-report-and-accounts.html,.html,—,40,OFFICIAL_SUBDOMAIN,sitemap
SHELL,SHELL_RI,https://www.shell.com/investors/results-and-reporting.html,(sem titulo),https://www.shell.com/news-and-insights/newsroom/news-and-media-releases/2026/shell-plc-filed-2025-form-20-f-with-sec.html,.html,—,40,OFFICIAL_SUBDOMAIN,sitemap
SHELL,SHELL_RI,https://www.shell.com/investors/results-and-reporting.html,(sem titulo),https://www.shell.com/news-and-insights/newsroom/news-and-media-releases/2026/shell-plc-fourth-quarter-2025-euro-and-gbp-equivalent-dividend-payments.html,.html,—,40,OFFICIAL_SUBDOMAIN,sitemap
SHELL,SHELL_RI,https://www.shell.com/investors/results-and-reporting.html,(sem titulo),https://www.shell.com/news-and-insights/newsroom/news-and-media-releases/2026/impact-of-middle-east-conflict-on-shell-activities.html,.html,—,40,OFFICIAL_SUBDOMAIN,sitemap
SHELL,SHELL_RI,https://www.shell.com/investors/results-and-reporting.html,(sem titulo),https://www.shell.com/news-and-insights/newsroom/news-and-media-releases/2026/shell-first-quarter-2026-update-note.html,.html,—,40,OFFICIAL_SUBDOMAIN,sitemap
SHELL,SHELL_RI,https://www.shell.com/investors/results-and-reporting.html,(sem titulo),https://www.shell.com/news-and-insights/newsroom/news-and-media-releases/2026/shell-announces-agreement-to-acquire-canadian-energy-company-arc-resources.html,.html,—,40,OFFICIAL_SUBDOMAIN,sitemap
SHELL,SHELL_RI,https://www.shell.com/investors/results-and-reporting.html,(sem titulo),https://www.shell.com/news-and-insights/newsroom/news-and-media-releases/2026/first-quarter-2026-results-announcement.html,.html,—,40,OFFICIAL_SUBDOMAIN,sitemap
SHELL,SHELL_RI,https://www.shell.com/investors/results-and-reporting.html,(sem titulo),https://www.shell.com/news-and-insights/newsroom/news-and-media-releases/2026/shell-publishes-report-on-payments-to-governments.html,.html,—,40,OFFICIAL_SUBDOMAIN,sitemap
SHELL,SHELL_RI,https://www.shell.com/investors/results-and-reporting.html,(sem titulo),https://www.shell.com/news-and-insights/newsroom/news-and-media-releases/2026/advance-notice-of-second-quarter-2026-results-and-second-quarter-2026-interim-dividend-announcement.html,.html,—,40,OFFICIAL_SUBDOMAIN,sitemap
SHELL,SHELL_RI,https://www.shell.com/investors/results-and-reporting.html,(sem titulo),https://www.shell.com/news-and-insights/newsroom/news-and-media-releases/2026/shell-plc-first-quarter-2026-euro-and-gbp-equivalent-dividend-payments.html,.html,—,40,OFFICIAL_SUBDOMAIN,sitemap
SHELL,SHELL_RI,https://www.shell.com/investors/results-and-reporting.html,(sem titulo),https://www.shell.com/news-and-insights/newsroom/news-and-media-releases/2026/lng-outlook-2026.html,.html,—,40,OFFICIAL_SUBDOMAIN,sitemap
SHELL,SHELL_RI,https://www.shell.com/investors/results-and-reporting.html,(sem titulo),https://www.shell.com/news-and-insights/newsroom/news-and-media-releases/2026/shell-to-sell-interest-in-gulf-of-america-platform.html,.html,—,40,OFFICIAL_SUBDOMAIN,sitemap
SHELL,SHELL_RI,https://www.shell.com/investors/results-and-reporting.html,(sem titulo),https://www.shell.com/news-and-insights/newsroom/news-and-media-releases/2026/shell-completes-sale-of-jiffy-lube-international-and-premium-velocity-auto-to-monomoy-capital-partners.html,.html,—,40,OFFICIAL_SUBDOMAIN,sitemap
SHELL,SHELL_RI,https://www.shell.com/investors/results-and-reporting.html,(sem titulo),https://www.shell.com/news-and-insights/newsroom/news-and-media-releases/2026/shell-to-sell-sprng-energy-group.html,.html,—,40,OFFICIAL_SUBDOMAIN,sitemap
SHELL,SHELL_RI,https://www.shell.com/investors/results-and-reporting.html,(sem titulo),https://www.shell.com/news-and-insights/newsroom/news-and-media-releases/2026/second-quarter-2026-results-announcement.html,.html,—,40,OFFICIAL_SUBDOMAIN,sitemap
SHELL,SHELL_RI,https://www.shell.com/investors/results-and-reporting.html,(sem titulo),https://www.shell.com/news-and-insights/newsroom/news-and-media-releases/2026/shell-agrees-to-sell-bg-cyprus-limited.html,.html,—,40,OFFICIAL_SUBDOMAIN,sitemap
SHELL,SHELL_RI,https://www.shell.com/investors/results-and-reporting.html,(sem titulo),https://www.shell.com/news-and-insights/newsroom/news-and-media-releases/2026/shell-signs-agreement-to-sell-european-onshore-renewables-portfolio-to-totalenergies.html,.html,—,40,OFFICIAL_SUBDOMAIN,sitemap
TOTALENERGIES,TOTAL_RI,https://totalenergies.com/investors/results,Notes,https://totalenergies.com/system/files/documents/totalenergies_pr-results-2q26_2026_en.pdf,.pdf,2T2026,80,OFFICIAL,pagina-RI
TOTALENERGIES,TOTAL_RI,https://totalenergies.com/investors/results,Databook,https://totalenergies.com/system/files/documents/totalenergies_accounts-results-2q26_2026_en.pdf,.pdf,2T2026,80,OFFICIAL,pagina-RI
TOTALENERGIES,TOTAL_RI,https://totalenergies.com/investors/results,Accounts,https://totalenergies.com/sites/g/files/nytnzq121/files/documents/totalenergies_2q26-results-transcript_2026.pdf,.pdf,2T2026,80,OFFICIAL,pagina-RI
TOTALENERGIES,TOTAL_RI,https://totalenergies.com/investors/results,Databook,https://totalenergies.com/system/files/documents/totalenergies_1q26-results-press-release_2026.pdf,.pdf,1T2026,80,OFFICIAL,pagina-RI
TOTALENERGIES,TOTAL_RI,https://totalenergies.com/investors/results,Databook,https://totalenergies.com/system/files/documents/totalenergies_pr-results-3q25_2025_en.pdf,.pdf,3T2025,80,OFFICIAL,pagina-RI
TOTALENERGIES,TOTAL_RI,https://totalenergies.com/investors/results,Half year financial report,https://totalenergies.com/system/files/documents/totalenergies_3q25-notes_2025_en.pdf,.pdf,3T2025,80,OFFICIAL,pagina-RI
TOTALENERGIES,TOTAL_RI,https://totalenergies.com/investors/results,Results 1Q25,https://totalenergies.com/sites/g/files/nytnzq121/files/documents/totalenergies_3q2025-results-transcript_2025_en.pdf,.pdf,1T2025,80,OFFICIAL,pagina-RI
TOTALENERGIES,TOTAL_RI,https://totalenergies.com/investors/results,Accounts,https://totalenergies.com/system/files/documents/totalenergies_2Q25-results-press-release_2025_en.pdf,.pdf,2T2025,80,OFFICIAL,pagina-RI
TOTALENERGIES,TOTAL_RI,https://totalenergies.com/investors/results,Results 4Q24,https://totalenergies.com/sites/g/files/nytnzq121/files/documents/totalenergies_2q2025-results-transcript_2025_en.pdf,.pdf,4T2024,80,OFFICIAL,pagina-RI
TOTALENERGIES,TOTAL_RI,https://totalenergies.com/investors/results,Databook,https://totalenergies.com/system/files/documents/totalenergies_1q25-results-press-release_2025.pdf,.pdf,1T2025,80,OFFICIAL,pagina-RI
TOTALENERGIES,TOTAL_RI,https://totalenergies.com/investors/results,Results 4Q23,https://totalenergies.com/sites/g/files/nytnzq121/files/documents/2024-07/TotalEnergies_2Q24_conference_call_transcript_pdf_1.pdf,.pdf,4T2023,80,OFFICIAL,pagina-RI
TOTALENERGIES,TOTAL_RI,https://totalenergies.com/investors/results,Results 3Q23,https://totalenergies.com/sites/g/files/nytnzq121/files/documents/2024-05/TotalEnergies_1Q24-conference-call-2024-Apr-29-transcript_PDF.pdf,.pdf,3T2023,80,OFFICIAL,pagina-RI
TOTALENERGIES,TOTAL_RI,https://totalenergies.com/investors/results,Notes,https://totalenergies.com/sites/g/files/nytnzq121/files/documents/2024-02/TotalEnergies_PR_4Q23_Results.pdf,.pdf,4T2023,80,OFFICIAL,pagina-RI
TOTALENERGIES,TOTAL_RI,https://totalenergies.com/investors/results,Full year results,https://totalenergies.com/sites/g/files/nytnzq121/files/documents/2023-07/2023-Jul-27-TotalEnergies_2Q23_conference_call_transcript.pdf,.pdf,2T2023,80,OFFICIAL,pagina-RI
TOTALENERGIES,TOTAL_RI,https://totalenergies.com/investors/results,Databook,https://totalenergies.com/system/files/documents/2023-04/totalenergies-1q23-results.pdf,.pdf,1T2023,80,OFFICIAL,pagina-RI
TOTALENERGIES,TOTAL_RI,https://totalenergies.com/investors/results,Results 3Q22,https://totalenergies.com/system/files/documents/2023-04/TotalEnergies_announces_the_first_2023_interim_dividend.pdf,.pdf,3T2022,80,OFFICIAL,pagina-RI
TOTALENERGIES,TOTAL_RI,https://totalenergies.com/investors/results,Dividend,https://totalenergies.com/system/files/documents/2023-02/TotalEnergies_4Q22_Results.pdf,.pdf,4T2022,80,OFFICIAL,pagina-RI
TOTALENERGIES,TOTAL_RI,https://totalenergies.com/investors/results,Results 2Q22,https://totalenergies.com/system/files/documents/2023-02/pr-total-energies-proposes-an-ordinary-dividend-of-2-81e-per-share-for-2022.pdf,.pdf,2T2022,80,OFFICIAL,pagina-RI
TOTALENERGIES,TOTAL_RI,https://totalenergies.com/investors/results,Dividend,https://totalenergies.com/system/files/documents/2022-10/3Q22_Results.pdf,.pdf,3T2022,80,OFFICIAL,pagina-RI
TOTALENERGIES,TOTAL_RI,https://totalenergies.com/investors/results,Results 1Q22,https://totalenergies.com/sites/g/files/nytnzq121/files/documents/2022-11/2022-oct-27_TotalEnergies_3Q22_conference_call_transcript.pdf,.pdf,1T2022,80,OFFICIAL,pagina-RI
TOTALENERGIES,TOTAL_RI,https://totalenergies.com/investors/results,Notes,https://totalenergies.com/system/files/documents/2022-07/2Q22_Results.pdf,.pdf,2T2022,80,OFFICIAL,pagina-RI
TOTALENERGIES,TOTAL_RI,https://totalenergies.com/investors/results,Transcript,https://totalenergies.com/system/files/documents/2022-04/1Q22_Results.pdf,.pdf,1T2022,80,OFFICIAL,pagina-RI
TOTALENERGIES,TOTAL_RI,https://totalenergies.com/investors/results,Results 3Q21,https://totalenergies.com/system/files/documents/2022-04/Accounts_31_march_2022.pdf,.pdf,3T2021,80,OFFICIAL,pagina-RI
TOTALENERGIES,TOTAL_RI,https://totalenergies.com/investors/results,Audiocast,https://totalenergies.com/system/files/documents/2022-02/4Q21-Results.pdf,.pdf,4T2021,80,OFFICIAL,pagina-RI
TOTALENERGIES,TOTAL_RI,https://totalenergies.com/investors/results,Results 2Q21,https://totalenergies.com/system/files/documents/2022-02/Etats-financiers-31122021_EN.pdf,.pdf,2T2021,80,OFFICIAL,pagina-RI
TOTALENERGIES,TOTAL_RI,https://totalenergies.com/investors/results,Results 1Q21,https://totalenergies.com/system/files/documents/2021-10/annexe_comptes_30-09-2021_EN.pdf,.pdf,1T2021,80,OFFICIAL,pagina-RI
TOTALENERGIES,TOTAL_RI,https://totalenergies.com/investors/results,Dividend,https://totalenergies.com/system/files/documents/2021-07/2Q21-Results.pdf,.pdf,2T2021,80,OFFICIAL,pagina-RI
TOTALENERGIES,TOTAL_RI,https://totalenergies.com/investors/results,Results 3Q20,https://totalenergies.com/system/files/documents/2021-04/financial-statements-q1-2021.pdf,.pdf,3T2020,80,OFFICIAL,pagina-RI
TOTALENERGIES,TOTAL_RI,https://totalenergies.com/investors/results,Results 2Q20,https://totalenergies.com/system/files/documents/2021-02/accounts_q4_2020.pdf,.pdf,2T2020,80,OFFICIAL,pagina-RI
TOTALENERGIES,TOTAL_RI,https://totalenergies.com/investors/results,Half year financial report,https://totalenergies.com/system/files/documents/2020-10/3Q20-Results.pdf,.pdf,3T2020,80,OFFICIAL,pagina-RI
TOTALENERGIES,TOTAL_RI,https://totalenergies.com/investors/results,Results 1Q20,https://totalenergies.com/system/files/documents/2020-10/Annexe-Comptes-30092020_EN.pdf,.pdf,1T2020,80,OFFICIAL,pagina-RI
TOTALENERGIES,TOTAL_RI,https://totalenergies.com/investors/results,Dividend,https://totalenergies.com/system/files/documents/2020-07/2q20-results.pdf,.pdf,2T2020,80,OFFICIAL,pagina-RI
TOTALENERGIES,TOTAL_RI,https://totalenergies.com/investors/results,Results 3Q19,https://totalenergies.com/sites/g/files/nytnzq121/files/documents/2020-06/1q20-results.pdf,.pdf,3T2019,80,OFFICIAL,pagina-RI
TOTALENERGIES,TOTAL_RI,https://totalenergies.com/investors/results,Results 2Q19,https://totalenergies.com/sites/g/files/nytnzq121/files/documents/2023-12/2019_4T_results_EN.pdf,.pdf,2T2019,80,OFFICIAL,pagina-RI
TOTALENERGIES,TOTAL_RI,https://totalenergies.com/investors/results,Dividend,https://totalenergies.com/sites/g/files/nytnzq121/files/news/2q19-results.pdf,.pdf,2T2019,80,OFFICIAL,pagina-RI
TOTALENERGIES,TOTAL_RI,https://totalenergies.com/investors/results,Full year results,https://totalenergies.com/sites/g/files/nytnzq121/files/atoms/files/2q19-accounts.pdf,.pdf,2T2019,80,OFFICIAL,pagina-RI
TOTALENERGIES,TOTAL_RI,https://totalenergies.com/investors/results,Results 2Q18,https://totalenergies.com/sites/g/files/nytnzq121/files/atoms/files/total-declares-its-first-interim-dividend-for-2019.pdf,.pdf,2T2018,80,OFFICIAL,pagina-RI
TOTALENERGIES,TOTAL_RI,https://totalenergies.com/investors/results,Full year results,https://totalenergies.com/sites/g/files/nytnzq121/files/atoms/files/2q18-results.pdf,.pdf,2T2018,80,OFFICIAL,pagina-RI
TOTALENERGIES,TOTAL_RI,https://totalenergies.com/investors/results,Results 2Q17,https://totalenergies.com/sites/g/files/nytnzq121/files/atoms/files/1q18-total-declares-its-first-interim-dividend-for-2018.pdf,.pdf,2T2017,80,OFFICIAL,pagina-RI
TOTALENERGIES,TOTAL_RI,https://totalenergies.com/investors/results,Full year results,https://totalenergies.com/sites/g/files/nytnzq121/files/atoms/files/2q17-results-final.pdf,.pdf,2T2017,80,OFFICIAL,pagina-RI
TOTALENERGIES,TOTAL_RI,https://totalenergies.com/investors/results,Results 2Q16,https://totalenergies.com/sites/g/files/nytnzq121/files/atoms/files/1t17_dividends.pdf,.pdf,2T2016,80,OFFICIAL,pagina-RI
TOTALENERGIES,TOTAL_RI,https://totalenergies.com/investors/results,Full year results,https://totalenergies.com/sites/g/files/nytnzq121/files/atoms/files/results-2q16-conso.pdf,.pdf,2T2016,80,OFFICIAL,pagina-RI
TOTALENERGIES,TOTAL_RI,https://totalenergies.com/investors/results,Results 2Q15,https://totalenergies.com/sites/g/files/nytnzq121/files/atoms/files/4q15_results.pdf,.pdf,2T2015,80,OFFICIAL,pagina-RI
TOTALENERGIES,TOTAL_RI,https://totalenergies.com/investors/results,Full year results,https://totalenergies.com/sites/g/files/nytnzq121/files/atoms/files/2q15-results.pdf,.pdf,2T2015,80,OFFICIAL,pagina-RI
TOTALENERGIES,TOTAL_RI,https://totalenergies.com/investors/results,Results 2Q14,https://totalenergies.com/sites/g/files/nytnzq121/files/atoms/files/4q14-results.pdf,.pdf,2T2014,80,OFFICIAL,pagina-RI
TOTALENERGIES,TOTAL_RI,https://totalenergies.com/investors/results,Full year results,https://totalenergies.com/sites/g/files/nytnzq121/files/atoms/files/resultats-2t-2014-cp_en-v2.pdf,.pdf,1T2021,80,OFFICIAL,pagina-RI
TOTALENERGIES,TOTAL_RI,https://totalenergies.com/investors/results,Accounts,https://totalenergies.com/sites/g/files/nytnzq121/files/atoms/files/resultats-2t-2014-comptes_en.pdf,.pdf,1T2021,80,OFFICIAL,pagina-RI
TOTALENERGIES,TOTAL_RI,https://totalenergies.com/investors/results,Notes,https://totalenergies.com/sites/g/files/nytnzq121/files/atoms/files/resultats-2t-2014-annexes_en.pdf,.pdf,1T2021,80,OFFICIAL,pagina-RI
TOTALENERGIES,TOTAL_RI,https://totalenergies.com/investors/results,Full year results,https://totalenergies.com/sites/g/files/nytnzq121/files/atoms/files/total-2013-en-2q-results-260713-pr.pdf,.pdf,1T2021,80,OFFICIAL,pagina-RI
TOTALENERGIES,TOTAL_RI,https://totalenergies.com/investors/results,Accounts (in French),https://totalenergies.com/sites/g/files/nytnzq121/files/atoms/files/total-2013-en-2q-results-260713-accounts.pdf,.pdf,1T2021,80,OFFICIAL,pagina-RI
TOTALENERGIES,TOTAL_RI,https://totalenergies.com/investors/results,Notes (in French),https://totalenergies.com/sites/g/files/nytnzq121/files/atoms/files/total-2013-en-2q-results-260713-notes.pdf,.pdf,1T2021,80,OFFICIAL,pagina-RI
TOTALENERGIES,TOTAL_RI,https://totalenergies.com/investors/results,Presentation (in French),https://totalenergies.com/sites/g/files/nytnzq121/files/atoms/files/total-2013-en-2q-results-260713-interim-dividend.pdf,.pdf,1T2021,80,OFFICIAL,pagina-RI
TOTALENERGIES,TOTAL_RI,https://totalenergies.com/investors/results,Results 3Q12,https://totalenergies.com/sites/g/files/nytnzq121/files/atoms/files/total-2013-en-2q-results-260713-financial-report-1h13.pdf,.pdf,3T2012,80,OFFICIAL,pagina-RI
TOTALENERGIES,TOTAL_RI,https://totalenergies.com/investors/results,Results 2Q12,https://totalenergies.com/sites/g/files/nytnzq121/files/atoms/files/total-20130426-1q-dividend.pdf,.pdf,2T2012,80,OFFICIAL,pagina-RI
TOTALENERGIES,TOTAL_RI,https://totalenergies.com/investors/results,Find our main indicators,https://totalenergies.com/sites/g/files/nytnzq121/files/atoms/file/Total-2012-en-2Q-Results-120727-pr.pdf,.pdf,1T2021,80,OFFICIAL,pagina-RI
TOTALENERGIES,TOTAL_RI,https://totalenergies.com/investors/results,Contact,https://totalenergies.com/sites/g/files/nytnzq121/files/atoms/files/total-20120727-2q-results-accounts.pdf,.pdf,1T2021,80,OFFICIAL,pagina-RI
TOTALENERGIES,TOTAL_RI,https://totalenergies.com/investors/results,Dividend,https://totalenergies.com/system/files/documents/totalenergies_databook-results-2q26_2026_en.xlsx,.xlsx,2T2026,75,OFFICIAL,pagina-RI
TOTALENERGIES,TOTAL_RI,https://totalenergies.com/investors/results,Replay,https://totalenergies.com/system/files/documents/totalenergies_1q26-results-databook_2026.xlsx,.xlsx,1T2026,75,OFFICIAL,pagina-RI
TOTALENERGIES,TOTAL_RI,https://totalenergies.com/investors/results,Accounts,https://totalenergies.com/sites/g/files/nytnzq121/files/documents/totalEnergies_q1-2026-results-transcript_2026_en.pdf,.pdf,1T2021,75,OFFICIAL,pagina-RI
TOTALENERGIES,TOTAL_RI,https://totalenergies.com/investors/results,Notes,https://totalenergies.com/system/files/documents/totalenergies_pr-results-q4-2025_2026_en.pdf,.pdf,4T2025,75,OFFICIAL,pagina-RI
TOTALENERGIES,TOTAL_RI,https://totalenergies.com/investors/results,Databook,https://totalenergies.com/system/files/documents/totalenergies_accounts-q4-2025_2026_en.pdf,.pdf,4T2025,75,OFFICIAL,pagina-RI
TOTALENERGIES,TOTAL_RI,https://totalenergies.com/investors/results,Transcript,https://totalenergies.com/sites/g/files/nytnzq121/files/documents/totalenergies_2025-results-and-2026-objectives-presentation_2026_en.pdf,.pdf,1T2021,75,OFFICIAL,pagina-RI
TOTALENERGIES,TOTAL_RI,https://totalenergies.com/investors/results,Accounts,https://totalenergies.com/sites/g/files/nytnzq121/files/documents/totalenergies_2025-results-2026-objectives-transcript_2026_en.pdf,.pdf,1T2021,75,OFFICIAL,pagina-RI
TOTALENERGIES,TOTAL_RI,https://totalenergies.com/investors/results,Replay,https://totalenergies.com/system/files/documents/totalenergies_3q25-databook_2025_en.xlsx,.xlsx,3T2025,75,OFFICIAL,pagina-RI
TOTALENERGIES,TOTAL_RI,https://totalenergies.com/investors/results,Databook,https://totalenergies.com/sites/g/files/nytnzq121/files/documents/totalenergies_databook-2Q25-results_2025_en.xlsx,.xlsx,2T2025,75,OFFICIAL,pagina-RI
TOTALENERGIES,TOTAL_RI,https://totalenergies.com/investors/results,Replay,https://totalenergies.com/sites/g/files/nytnzq121/files/documents/totalenergies_half-year-financial-report_2025_en.pdf,.pdf,1T2021,75,OFFICIAL,pagina-RI
TOTALENERGIES,TOTAL_RI,https://totalenergies.com/investors/results,Replay,https://totalenergies.com/system/files/documents/totalenergies_1q25-results-databook_2025.xlsx,.xlsx,1T2025,75,OFFICIAL,pagina-RI
TOTALENERGIES,TOTAL_RI,https://totalenergies.com/investors/results,Accounts,https://totalenergies.com/sites/g/files/nytnzq121/files/documents/totalEnergies_q1-2025-results-transcript_2025_en.pdf,.pdf,1T2021,75,OFFICIAL,pagina-RI
TOTALENERGIES,TOTAL_RI,https://totalenergies.com/investors/results,Notes,https://totalenergies.com/system/files/documents/totalenergies_pr-results-q4-2024_2025_en.pdf,.pdf,4T2024,75,OFFICIAL,pagina-RI
TOTALENERGIES,TOTAL_RI,https://totalenergies.com/investors/results,Databook,https://totalenergies.com/system/files/documents/totalenergies_accounts-q4-2024_2025_en.pdf,.pdf,4T2024,75,OFFICIAL,pagina-RI
TOTALENERGIES,TOTAL_RI,https://totalenergies.com/investors/results,Accounts,https://totalenergies.com/sites/g/files/nytnzq121/files/documents/totalenergies_2024-results-2025-objectives-transcript_2025_en.pdf,.pdf,1T2021,75,OFFICIAL,pagina-RI
TOTALENERGIES,TOTAL_RI,https://totalenergies.com/investors/results,Databook,https://totalenergies.com/system/files/documents/totalenergies_pr-results-q3-2024_2024_en_pdf.pdf,.pdf,3T2024,75,OFFICIAL,pagina-RI
TOTALENERGIES,TOTAL_RI,https://totalenergies.com/investors/results,Half year financial report,https://totalenergies.com/system/files/documents/totalenergies_accounts-appendixes-q3-2024_2024_en_pdf.pdf,.pdf,3T2024,75,OFFICIAL,pagina-RI
TOTALENERGIES,TOTAL_RI,https://totalenergies.com/investors/results,Accounts,https://totalenergies.com/system/files/documents/2024-04/totalenergies_pr-results-q1-2024_2024_en_pdf.pdf,.pdf,1T2024,75,OFFICIAL,pagina-RI
TOTALENERGIES,TOTAL_RI,https://totalenergies.com/investors/results,Databook,https://totalenergies.com/system/files/documents/2024-04/totalenergies_accounts-q1-2024_2024_en_pdf.pdf,.pdf,1T2024,75,OFFICIAL,pagina-RI
TOTALENERGIES,TOTAL_RI,https://totalenergies.com/investors/results,Databook,https://totalenergies.com/sites/g/files/nytnzq121/files/documents/2024-02/2023_Q4_TotalEnergies_Financial_statements.pdf,.pdf,1T2021,75,OFFICIAL,pagina-RI
TOTALENERGIES,TOTAL_RI,https://totalenergies.com/investors/results,Audiocast,https://totalenergies.com/sites/g/files/nytnzq121/files/documents/2024-02/TotalEnergies_2023_Results_and_2024_Objectives_presentation.pdf,.pdf,1T2021,75,OFFICIAL,pagina-RI
TOTALENERGIES,TOTAL_RI,https://totalenergies.com/investors/results,Accounts,https://totalenergies.com/sites/g/files/nytnzq121/files/documents/2024-02/TotalEnergies_2023_Results_and_2024_Objectives_Transcript.pdf,.pdf,1T2021,75,OFFICIAL,pagina-RI
TOTALENERGIES,TOTAL_RI,https://totalenergies.com/investors/results,Audiocast,https://totalenergies.com/sites/g/files/nytnzq121/files/documents/2023-07/TotalEnergies_financial_report_first_half_2023.pdf,.pdf,1T2021,75,OFFICIAL,pagina-RI
TOTALENERGIES,TOTAL_RI,https://totalenergies.com/investors/results,Transcript,https://totalenergies.com/system/files/documents/2023-04/totalenergies-1q23-results-tables.xlsx,.xlsx,1T2023,75,OFFICIAL,pagina-RI
TOTALENERGIES,TOTAL_RI,https://totalenergies.com/investors/results,Audiocast,https://totalenergies.com/system/files/documents/2023-02/TotalEnergies_4Q22_Results_Tables.xlsx,.xlsx,4T2022,75,OFFICIAL,pagina-RI
TOTALENERGIES,TOTAL_RI,https://totalenergies.com/investors/results,Notes,https://totalenergies.com/sites/g/files/nytnzq121/files/documents/2023-02/TotalEnergies_2022_Results_and_2023_Objectives_transcript.pdf,.pdf,1T2021,75,OFFICIAL,pagina-RI
TOTALENERGIES,TOTAL_RI,https://totalenergies.com/investors/results,Full year results,https://totalenergies.com/sites/g/files/nytnzq121/files/documents/2022-07/totalenergies-announces-second-2022-interim-dividend-eu069share-increase.pdf,.pdf,1T2021,75,OFFICIAL,pagina-RI
TOTALENERGIES,TOTAL_RI,https://totalenergies.com/investors/results,Accounts,https://totalenergies.com/sites/g/files/nytnzq121/files/documents/2022-07/TotalEnergies_Financial_report_first_half_2022.pdf,.pdf,1T2021,75,OFFICIAL,pagina-RI
TOTALENERGIES,TOTAL_RI,https://totalenergies.com/investors/results,Notes,https://totalenergies.com/sites/g/files/nytnzq121/files/documents/2022-02/220210_Master_Presentation_2021_Results_2022_Oultook.pdf,.pdf,1T2021,75,OFFICIAL,pagina-RI
TOTALENERGIES,TOTAL_RI,https://totalenergies.com/investors/results,Dividend,https://totalenergies.com/sites/g/files/nytnzq121/files/documents/2022-02/TotalEnergies_2021_Results_and_2022_Outlook_transcript.pdf,.pdf,1T2021,75,OFFICIAL,pagina-RI
TOTALENERGIES,TOTAL_RI,https://totalenergies.com/investors/results,Dividend,https://totalenergies.com/sites/g/files/nytnzq121/files/documents/2021-07/Financial-report-first-half-2021.pdf,.pdf,1T2021,75,OFFICIAL,pagina-RI
TOTALENERGIES,TOTAL_RI,https://totalenergies.com/investors/results,Dividend,https://totalenergies.com/sites/g/files/nytnzq121/files/documents/2024-06/TotalEnergies_2020_Results_and_2021_Outlook_transcript_en_pdf.pdf,.pdf,1T2021,75,OFFICIAL,pagina-RI
TOTALENERGIES,TOTAL_RI,https://totalenergies.com/investors/results,Dividend,https://totalenergies.com/sites/g/files/nytnzq121/files/documents/2023-12/2019_results_and_outlook_february_2020_presentation.pdf,.pdf,1T2021,75,OFFICIAL,pagina-RI
TOTALENERGIES,TOTAL_RI,https://totalenergies.com/investors/results,Half year financial report,https://totalenergies.com/sites/g/files/nytnzq121/files/atoms/files/3q19_results.pdf,.pdf,3T2019,75,OFFICIAL,pagina-RI
TOTALENERGIES,TOTAL_RI,https://totalenergies.com/investors/results,Results 1Q19,https://totalenergies.com/sites/g/files/nytnzq121/files/atoms/files/3q19_notes.pdf,.pdf,1T2019,75,OFFICIAL,pagina-RI
TOTALENERGIES,TOTAL_RI,https://totalenergies.com/investors/results,Presentation,https://totalenergies.com/sites/g/files/nytnzq121/files/atoms/files/first-half-2019-financial-report.pdf,.pdf,1T2021,75,OFFICIAL,pagina-RI
TOTALENERGIES,TOTAL_RI,https://totalenergies.com/investors/results,Accounts,https://totalenergies.com/sites/g/files/nytnzq121/files/atoms/files/1q19-results.pdf,.pdf,1T2019,75,OFFICIAL,pagina-RI
TOTALENERGIES,TOTAL_RI,https://totalenergies.com/investors/results,Accounts,https://totalenergies.com/sites/g/files/nytnzq121/files/atoms/files/4q18-results.pdf,.pdf,4T2018,75,OFFICIAL,pagina-RI
TOTALENERGIES,TOTAL_RI,https://totalenergies.com/investors/results,Half year financial report,https://totalenergies.com/sites/g/files/nytnzq121/files/atoms/files/results-2018-and-outlook-presentation.pdf,.pdf,1T2021,75,OFFICIAL,pagina-RI
TOTALENERGIES,TOTAL_RI,https://totalenergies.com/investors/results,Results 1Q18,https://totalenergies.com/sites/g/files/nytnzq121/files/atoms/files/3q18_results.pdf,.pdf,1T2018,75,OFFICIAL,pagina-RI
TOTALENERGIES,TOTAL_RI,https://totalenergies.com/investors/results,Results 3Q17,https://totalenergies.com/sites/g/files/nytnzq121/files/atoms/files/first-half_2018-financial-report_0.pdf,.pdf,3T2017,75,OFFICIAL,pagina-RI
TOTALENERGIES,TOTAL_RI,https://totalenergies.com/investors/results,Accounts,https://totalenergies.com/sites/g/files/nytnzq121/files/atoms/files/1q18-results.pdf,.pdf,1T2018,75,OFFICIAL,pagina-RI
TOTALENERGIES,TOTAL_RI,https://totalenergies.com/investors/results,Accounts,https://totalenergies.com/sites/g/files/nytnzq121/files/atoms/files/4q17_results.pdf,.pdf,4T2017,75,OFFICIAL,pagina-RI
TOTALENERGIES,TOTAL_RI,https://totalenergies.com/investors/results,Half year financial report,https://totalenergies.com/sites/g/files/nytnzq121/files/atoms/files/180207_investors_day_a5_v5.pdf,.pdf,1T2021,75,OFFICIAL,pagina-RI
TOTALENERGIES,TOTAL_RI,https://totalenergies.com/investors/results,Results 1Q17,https://totalenergies.com/sites/g/files/nytnzq121/files/atoms/files/3q17_results.pdf,.pdf,1T2017,75,OFFICIAL,pagina-RI
TOTALENERGIES,TOTAL_RI,https://totalenergies.com/investors/results,Results 3Q16,https://totalenergies.com/sites/g/files/nytnzq121/files/atoms/files/rapport-semestriel-va.pdf,.pdf,3T2016,75,OFFICIAL,pagina-RI
TOTALENERGIES,TOTAL_RI,https://totalenergies.com/investors/results,Accounts,https://totalenergies.com/sites/g/files/nytnzq121/files/atoms/files/1q17_results.pdf,.pdf,1T2017,75,OFFICIAL,pagina-RI
TOTALENERGIES,TOTAL_RI,https://totalenergies.com/investors/results,Accounts,https://totalenergies.com/sites/g/files/nytnzq121/files/atoms/files/4q16_results.pdf,.pdf,4T2016,75,OFFICIAL,pagina-RI
TOTALENERGIES,TOTAL_RI,https://totalenergies.com/investors/results,Half year financial report,https://totalenergies.com/sites/g/files/nytnzq121/files/atoms/files/total-2016-results-outlook-presentation_1.pdf,.pdf,1T2021,75,OFFICIAL,pagina-RI
TOTALENERGIES,TOTAL_RI,https://totalenergies.com/investors/results,Results 1Q16,https://totalenergies.com/sites/g/files/nytnzq121/files/atoms/files/3q16-results.pdf,.pdf,1T2016,75,OFFICIAL,pagina-RI
TOTALENERGIES,TOTAL_RI,https://totalenergies.com/investors/results,Results 3Q15,https://totalenergies.com/sites/g/files/nytnzq121/files/atoms/files/1q16-results.pdf,.pdf,3T2015,75,OFFICIAL,pagina-RI
TOTALENERGIES,TOTAL_RI,https://totalenergies.com/investors/results,Notes,https://totalenergies.com/sites/g/files/nytnzq121/files/atoms/files/statutory-auditors-report-on-the-consolidated-financial-statements-2015.pdf,.pdf,1T2021,75,OFFICIAL,pagina-RI
TOTALENERGIES,TOTAL_RI,https://totalenergies.com/investors/results,Half year financial report,https://totalenergies.com/sites/g/files/nytnzq121/files/atoms/files/results-outlook-2015.pdf,.pdf,1T2021,75,OFFICIAL,pagina-RI
TOTALENERGIES,TOTAL_RI,https://totalenergies.com/investors/results,Results 1Q15,https://totalenergies.com/sites/g/files/nytnzq121/files/atoms/files/3q15-results.pdf,.pdf,1T2015,75,OFFICIAL,pagina-RI
TOTALENERGIES,TOTAL_RI,https://totalenergies.com/investors/results,Presentation,https://totalenergies.com/sites/g/files/nytnzq121/files/atoms/files/first-half-2015-financial-report.pdf,.pdf,1T2021,75,OFFICIAL,pagina-RI
TOTALENERGIES,TOTAL_RI,https://totalenergies.com/investors/results,Results 3Q14,https://totalenergies.com/sites/g/files/nytnzq121/files/atoms/files/1q15-results.pdf,.pdf,3T2014,75,OFFICIAL,pagina-RI
TOTALENERGIES,TOTAL_RI,https://totalenergies.com/investors/results,Notes,https://totalenergies.com/sites/g/files/nytnzq121/files/atoms/files/statutory-auditors-report-on-the-consolidated-financial-statements-2014.pdf,.pdf,1T2021,75,OFFICIAL,pagina-RI
TOTALENERGIES,TOTAL_RI,https://totalenergies.com/investors/results,Half year financial report,https://totalenergies.com/sites/g/files/nytnzq121/files/atoms/files/4t14-presentation-2014-and-outlook.pdf,.pdf,4T2014,75,OFFICIAL,pagina-RI
TOTALENERGIES,TOTAL_RI,https://totalenergies.com/investors/results,Results 1Q14,https://totalenergies.com/sites/g/files/nytnzq121/files/atoms/files/3q14-results.pdf,.pdf,1T2014,75,OFFICIAL,pagina-RI
TOTALENERGIES,TOTAL_RI,https://totalenergies.com/investors/results,Results 3Q13,https://totalenergies.com/sites/g/files/nytnzq121/files/atoms/files/resultats-1s-2014-rapport_financier_en.pdf,.pdf,3T2013,75,OFFICIAL,pagina-RI
TOTALENERGIES,TOTAL_RI,https://totalenergies.com/investors/results,Accounts,https://totalenergies.com/sites/g/files/nytnzq121/files/atoms/files/first-quarter-results-2014-pr.pdf,.pdf,1T2021,75,OFFICIAL,pagina-RI
TOTALENERGIES,TOTAL_RI,https://totalenergies.com/investors/results,Notes,https://totalenergies.com/sites/g/files/nytnzq121/files/atoms/files/firts-quarter-results-2014-accounts.pdf,.pdf,1T2021,75,OFFICIAL,pagina-RI
TOTALENERGIES,TOTAL_RI,https://totalenergies.com/investors/results,Results 2Q13,https://totalenergies.com/media/news/press-releases/total-announces-its-interim-dividend-for-the-1st-quarter-2014,(pagina),2T2013,75,OFFICIAL,pagina-RI
TOTALENERGIES,TOTAL_RI,https://totalenergies.com/investors/results,Accounts,https://totalenergies.com/sites/g/files/nytnzq121/files/atoms/files/total-2013-en-results-pr.pdf,.pdf,1T2021,75,OFFICIAL,pagina-RI
TOTALENERGIES,TOTAL_RI,https://totalenergies.com/investors/results,Notes,https://totalenergies.com/sites/g/files/nytnzq121/files/atoms/files/total-2013-en-results-accounts.pdf,.pdf,1T2021,75,OFFICIAL,pagina-RI
TOTALENERGIES,TOTAL_RI,https://totalenergies.com/investors/results,Dividend,https://totalenergies.com/sites/g/files/nytnzq121/files/atoms/files/statutory-auditors-report-on-the-consolidated-financial-statements-2013.pdf,.pdf,1T2021,75,OFFICIAL,pagina-RI
TOTALENERGIES,TOTAL_RI,https://totalenergies.com/investors/results,Half year financial report,https://totalenergies.com/sites/g/files/nytnzq121/files/atoms/files/total-2013-en-outlook.pdf,.pdf,1T2021,75,OFFICIAL,pagina-RI
TOTALENERGIES,TOTAL_RI,https://totalenergies.com/investors/results,Results 1Q13,https://totalenergies.com/sites/g/files/nytnzq121/files/atoms/file/Total-2013-en-3Q-Results-311013-pr.pdf,.pdf,1T2013,75,OFFICIAL,pagina-RI
TOTALENERGIES,TOTAL_RI,https://totalenergies.com/investors/results,Accounts,https://totalenergies.com/sites/g/files/nytnzq121/files/atoms/file/Total-2013-en-3Q-Results-311013-Accounts.pdf,.pdf,1T2021,75,OFFICIAL,pagina-RI
TOTALENERGIES,TOTAL_RI,https://totalenergies.com/investors/results,Notes,https://totalenergies.com/sites/g/files/nytnzq121/files/atoms/file/Total-2013-en-3Q-Results-311013-Notes.pdf,.pdf,1T2021,75,OFFICIAL,pagina-RI
TOTALENERGIES,TOTAL_RI,https://totalenergies.com/investors/results,Dividend,https://totalenergies.com/sites/g/files/nytnzq121/files/atoms/file/Total-2013-en-3Q-Results-311013-Interim-dividend.pdf,.pdf,1T2021,75,OFFICIAL,pagina-RI
TOTALENERGIES,TOTAL_RI,https://totalenergies.com/investors/results,Half year financial report,https://totalenergies.com/sites/g/files/nytnzq121/files/atoms/file/presentation-globale.pdf,.pdf,1T2021,75,OFFICIAL,pagina-RI
TOTALENERGIES,TOTAL_RI,https://totalenergies.com/investors/results,Results 1Q12,https://totalenergies.com/sites/g/files/nytnzq121/files/atoms/files/total-20121031-sem3-pr.pdf,.pdf,1T2012,75,OFFICIAL,pagina-RI
TOTALENERGIES,TOTAL_RI,https://totalenergies.com/investors/results,General Terms and Conditions of Use,https://totalenergies.com/sites/g/files/nytnzq121/files/atoms/files/total-2012-financial-report-1sem.pdf,.pdf,1T2021,75,OFFICIAL,pagina-RI
TOTALENERGIES,TOTAL_RI,https://totalenergies.com/investors/results,"Personal data charter, cookies and tracers",https://totalenergies.com/sites/g/files/nytnzq121/files/atoms/files/total-2012-en-1q-results-120427-pr-v2.pdf,.pdf,1T2021,75,OFFICIAL,pagina-RI
TOTALENERGIES,TOTAL_RI,https://totalenergies.com/investors/results,Accessibility : partially compliant,https://totalenergies.com/sites/g/files/nytnzq121/files/atoms/files/total-2012-en-1q-results-120427-accounts_0.pdf,.pdf,1T2021,75,OFFICIAL,pagina-RI
TOTALENERGIES,TOTAL_RI,https://totalenergies.com/investors/results,Sitemap,https://totalenergies.com/sites/g/files/nytnzq121/files/atoms/files/total-2012-en-1q-results-120427-notes.pdf,.pdf,1T2021,75,OFFICIAL,pagina-RI
TOTALENERGIES,TOTAL_RI,https://totalenergies.com/investors/results,(sem titulo),https://totalenergies.com/sites/g/files/nytnzq121/files/atoms/files/total-2012-en-1q-results-120427-interim-dividend.pdf,.pdf,1T2021,75,OFFICIAL,pagina-RI
TOTALENERGIES,TOTAL_RI,https://totalenergies.com/investors/results,Dividend,https://totalenergies.com/system/files/documents/totalenergies_databook-q4-2025_2026_en.xlsx,.xlsx,4T2025,70,OFFICIAL,pagina-RI
TOTALENERGIES,TOTAL_RI,https://totalenergies.com/investors/results,Dividend,https://totalenergies.com/system/files/documents/totalenergies_results-q4-2024_2025_en.xlsx,.xlsx,4T2024,70,OFFICIAL,pagina-RI
TOTALENERGIES,TOTAL_RI,https://totalenergies.com/investors/results,Replay,https://totalenergies.com/system/files/documents/totalenergies_results-q3-2024_2024_en_xlsx.xlsx,.xlsx,3T2024,70,OFFICIAL,pagina-RI
TOTALENERGIES,TOTAL_RI,https://totalenergies.com/investors/results,Presentation,https://totalenergies.com/system/files/documents/2024-04/totalenergies_results-q1-2024_2024_en_xlsx.xlsx,.xlsx,1T2024,70,OFFICIAL,pagina-RI
TOTALENERGIES,TOTAL_RI,https://totalenergies.com/investors/results,Notes,https://totalenergies.com/system/files/documents/2024-07/totalenergies_2q-2024-results-press-release_2024_en_pdf.pdf,.pdf,—,65,OFFICIAL,pagina-RI
TOTALENERGIES,TOTAL_RI,https://totalenergies.com/investors/results,Databook,https://totalenergies.com/system/files/documents/2024-07/totalenergies_2q-2024-financial-statements_2024_en_pdf.pdf,.pdf,—,65,OFFICIAL,pagina-RI
TOTALENERGIES,TOTAL_RI,https://totalenergies.com/investors/results,Accounts,https://totalenergies.com/system/files/documents/2023-07/CP_Q2_2023_Results.pdf,.pdf,—,65,OFFICIAL,pagina-RI
TOTALENERGIES,TOTAL_RI,https://totalenergies.com/investors/results,Databook,https://totalenergies.com/system/files/documents/2023-07/Accounts_Q2_2023_Appendixes.pdf,.pdf,—,65,OFFICIAL,pagina-RI
TOTALENERGIES,TOTAL_RI,https://totalenergies.com/investors/results,Replay,https://totalenergies.com/system/files/documents/totalenergies_pr-dividend-2Q26_2026_en.pdf,.pdf,2T2026,65,OFFICIAL,pagina-RI
TOTALENERGIES,TOTAL_RI,https://totalenergies.com/investors/results,Dividend,https://totalenergies.com/system/files/documents/totalenergies_1q26-consolidated-statement-of-income_2026.pdf,.pdf,1T2026,65,OFFICIAL,pagina-RI
TOTALENERGIES,TOTAL_RI,https://totalenergies.com/investors/results,Presentation,https://totalenergies.com/system/files/documents/totalenergies_1q26-notes-to-the-consolidated-financial-statements_2026.pdf,.pdf,1T2026,65,OFFICIAL,pagina-RI
TOTALENERGIES,TOTAL_RI,https://totalenergies.com/investors/results,Transcript,https://totalenergies.com/system/files/documents/totalenergies_pr-dividend-1Q26_2026_en.pdf,.pdf,1T2026,65,OFFICIAL,pagina-RI
TOTALENERGIES,TOTAL_RI,https://totalenergies.com/investors/results,Replay,https://totalenergies.com/system/files/documents/totalenergies_dividend-4Q25_2026_en.pdf,.pdf,4T2025,65,OFFICIAL,pagina-RI
TOTALENERGIES,TOTAL_RI,https://totalenergies.com/investors/results,Dividend,https://totalenergies.com/system/files/documents/totalenergies_3q25-accounts_2025_en.pdf,.pdf,3T2025,65,OFFICIAL,pagina-RI
TOTALENERGIES,TOTAL_RI,https://totalenergies.com/investors/results,Transcript,https://totalenergies.com/system/files/documents/totalenergies_dividend-3Q25_2025_en.pdf,.pdf,3T2025,65,OFFICIAL,pagina-RI
TOTALENERGIES,TOTAL_RI,https://totalenergies.com/investors/results,Notes,https://totalenergies.com/system/files/documents/totalenergies_financial-statements-2Q25_2025_en.pdf,.pdf,2T2025,65,OFFICIAL,pagina-RI
TOTALENERGIES,TOTAL_RI,https://totalenergies.com/investors/results,Dividend,https://totalenergies.com/system/files/documents/totalenergies_pr-dividend-2Q25_2025_en.pdf,.pdf,2T2025,65,OFFICIAL,pagina-RI
TOTALENERGIES,TOTAL_RI,https://totalenergies.com/investors/results,Dividend,https://totalenergies.com/system/files/documents/totalenergies_1q25-consolidated-statement-of-income_2025.pdf,.pdf,1T2025,65,OFFICIAL,pagina-RI
TOTALENERGIES,TOTAL_RI,https://totalenergies.com/investors/results,Presentation,https://totalenergies.com/system/files/documents/totalenergies_1q25-notes-to-the-consolidated-financial-statements_2025.pdf,.pdf,1T2025,65,OFFICIAL,pagina-RI
TOTALENERGIES,TOTAL_RI,https://totalenergies.com/investors/results,Transcript,https://totalenergies.com/system/files/documents/totalenergies_PR_1Q25_Dividend_en.pdf,.pdf,1T2025,65,OFFICIAL,pagina-RI
TOTALENERGIES,TOTAL_RI,https://totalenergies.com/investors/results,Replay,https://totalenergies.com/system/files/documents/totalenergies_PR_4Q24_Dividend_en.pdf,.pdf,4T2024,65,OFFICIAL,pagina-RI
TOTALENERGIES,TOTAL_RI,https://totalenergies.com/investors/results,Transcript,https://totalenergies.com/system/files/documents/totalenergies_dividend-3Q24_en_pdf.pdf,.pdf,3T2024,65,OFFICIAL,pagina-RI
TOTALENERGIES,TOTAL_RI,https://totalenergies.com/investors/results,Accounts,https://totalenergies.com/sites/g/files/nytnzq121/files/documents/totalenergies_TotalEnergies_3Q24_conference_call_transcript_pdf.pdf,.pdf,3T2024,65,OFFICIAL,pagina-RI
TOTALENERGIES,TOTAL_RI,https://totalenergies.com/investors/results,Replay,https://totalenergies.com/system/files/documents/2024-07/totalenergies_Dividende-2T24_en_pdf.pdf,.pdf,2T2024,65,OFFICIAL,pagina-RI
TOTALENERGIES,TOTAL_RI,https://totalenergies.com/investors/results,Transcript,https://totalenergies.com/system/files/documents/2024-02/TotalEnergies_PR_4Q23_Dividend.pdf,.pdf,4T2023,65,OFFICIAL,pagina-RI
TOTALENERGIES,TOTAL_RI,https://totalenergies.com/investors/results,Transcript,https://totalenergies.com/system/files/documents/2023-10/CP_3Q2023_Dividend.pdf,.pdf,3T2023,65,OFFICIAL,pagina-RI
TOTALENERGIES,TOTAL_RI,https://totalenergies.com/investors/results,Audiocast,https://totalenergies.com/sites/g/files/nytnzq121/files/documents/2023-10/TotalEnergies_3Q23_Conference_Call_Transcript.pdf,.pdf,3T2023,65,OFFICIAL,pagina-RI
TOTALENERGIES,TOTAL_RI,https://totalenergies.com/investors/results,Accounts,https://totalenergies.com/sites/g/files/nytnzq121/files/documents/2023-05/2023-Apr-27-TotalEnergies_1Q23_conference_call_transcript_0.pdf,.pdf,1T2023,65,OFFICIAL,pagina-RI
TOTALENERGIES,TOTAL_RI,https://totalenergies.com/investors/results,Dividend,https://totalenergies.com/sites/g/files/nytnzq121/files/documents/2022-08/2022-Jul-28-TotalEnergies_2Q22_conference_call_transcript.pdf,.pdf,2T2022,65,OFFICIAL,pagina-RI
TOTALENERGIES,TOTAL_RI,https://totalenergies.com/investors/results,Accounts,https://totalenergies.com/system/files/documents/2020-10/3q20-dividends.pdf,.pdf,3T2020,65,OFFICIAL,pagina-RI
TOTALENERGIES,TOTAL_RI,https://totalenergies.com/investors/results,Accounts,https://totalenergies.com/system/files/documents/2020-07/2q20-dividends.pdf,.pdf,2T2020,65,OFFICIAL,pagina-RI
TOTALENERGIES,TOTAL_RI,https://totalenergies.com/investors/results,Accounts,https://totalenergies.com/sites/g/files/nytnzq121/files/documents/2020-06/1q20-accounts-en.pdf,.pdf,1T2020,65,OFFICIAL,pagina-RI
TOTALENERGIES,TOTAL_RI,https://totalenergies.com/investors/results,Notes,https://totalenergies.com/sites/g/files/nytnzq121/files/documents/2020-06/1q20-notes.pdf,.pdf,1T2020,65,OFFICIAL,pagina-RI
TOTALENERGIES,TOTAL_RI,https://totalenergies.com/investors/results,Accounts,https://totalenergies.com/sites/g/files/nytnzq121/files/atoms/files/2q19-notes.pdf,.pdf,2T2019,65,OFFICIAL,pagina-RI
TOTALENERGIES,TOTAL_RI,https://totalenergies.com/investors/results,Accounts,https://totalenergies.com/sites/g/files/nytnzq121/files/atoms/files/2q18-accounts.pdf,.pdf,2T2018,65,OFFICIAL,pagina-RI
TOTALENERGIES,TOTAL_RI,https://totalenergies.com/investors/results,Dividend,https://totalenergies.com/sites/g/files/nytnzq121/files/atoms/files/2q18-notes.pdf,.pdf,2T2018,65,OFFICIAL,pagina-RI
TOTALENERGIES,TOTAL_RI,https://totalenergies.com/investors/results,Accounts,https://totalenergies.com/sites/g/files/nytnzq121/files/atoms/files/2q-accounts.pdf,.pdf,1T2021,65,OFFICIAL,pagina-RI
TOTALENERGIES,TOTAL_RI,https://totalenergies.com/investors/results,Presentation,https://totalenergies.com/sites/g/files/nytnzq121/files/atoms/files/2q-dividend-cp.pdf,.pdf,1T2021,65,OFFICIAL,pagina-RI
TOTALENERGIES,TOTAL_RI,https://totalenergies.com/investors/results,Accounts,https://totalenergies.com/sites/g/files/nytnzq121/files/atoms/files/accounts-2q16.pdf,.pdf,2T2016,65,OFFICIAL,pagina-RI
TOTALENERGIES,TOTAL_RI,https://totalenergies.com/investors/results,Notes,https://totalenergies.com/sites/g/files/nytnzq121/files/atoms/files/notes-2q16.pdf,.pdf,2T2016,65,OFFICIAL,pagina-RI
TOTALENERGIES,TOTAL_RI,https://totalenergies.com/investors/results,Dividend,https://totalenergies.com/sites/g/files/nytnzq121/files/atoms/files/2q16-dividend.pdf,.pdf,2T2016,65,OFFICIAL,pagina-RI
TOTALENERGIES,TOTAL_RI,https://totalenergies.com/investors/results,Accounts,https://totalenergies.com/sites/g/files/nytnzq121/files/atoms/files/2q15-accounts.pdf,.pdf,2T2015,65,OFFICIAL,pagina-RI
TOTALENERGIES,TOTAL_RI,https://totalenergies.com/investors/results,Notes,https://totalenergies.com/sites/g/files/nytnzq121/files/atoms/files/2q15-notes.pdf,.pdf,2T2015,65,OFFICIAL,pagina-RI
TOTALENERGIES,TOTAL_RI,https://totalenergies.com/investors/results,Accounts,https://totalenergies.com/sites/g/files/nytnzq121/files/atoms/file/2Total-Consolidated-Financial-Statements-3Q2012.pdf,.pdf,3T2012,65,OFFICIAL,pagina-RI
TOTALENERGIES,TOTAL_RI,https://totalenergies.com/investors/results,Suppliers,https://totalenergies.com/sites/g/files/nytnzq121/files/atoms/files/total-20120727-2q-notes_0.pdf,.pdf,1T2021,65,OFFICIAL,pagina-RI
TOTALENERGIES,TOTAL_RI,https://totalenergies.com/investors/results,Newsroom,https://totalenergies.com/sites/g/files/nytnzq121/files/atoms/files/total-20120727-2q-2012-interim-dividend.pdf,.pdf,1T2021,65,OFFICIAL,pagina-RI
TOTALENERGIES,TOTAL_RI,https://totalenergies.com/investors/results,Sustainable procurement,https://totalenergies.com/system/files/documents/totalenergies_sustainability-climate-2026-progress-report_2026_en.pdf,.pdf,—,60,OFFICIAL,pagina-RI
TOTALENERGIES,TOTAL_RI,https://totalenergies.com/investors/results,Transcript,https://totalenergies.com/system/files/documents/totalenergies_half-year-financial-report_2026_en.pdf,.pdf,—,60,OFFICIAL,pagina-RI
TOTALENERGIES,TOTAL_RI,https://totalenergies.com/investors/results,Transcript,https://totalenergies.com/system/files/documents/totalenergies_2024_Results_and_2025_Objectives_presentation.pdf,.pdf,—,60,OFFICIAL,pagina-RI
TOTALENERGIES,TOTAL_RI,https://totalenergies.com/investors/results,Dividend,https://totalenergies.com/system/files/documents/2024-07/totalenergies_2q-2024-results-databook_2024_en_xlsx.xlsx,.xlsx,—,60,OFFICIAL,pagina-RI
TOTALENERGIES,TOTAL_RI,https://totalenergies.com/investors/results,Notes,https://totalenergies.com/system/files/documents/2023-10/CP_Q3_2023_Results.pdf,.pdf,—,60,OFFICIAL,pagina-RI
TOTALENERGIES,TOTAL_RI,https://totalenergies.com/investors/results,Databook,https://totalenergies.com/system/files/documents/2023-10/Accounts_Q3_2023.pdf,.pdf,—,60,OFFICIAL,pagina-RI
TOTALENERGIES,TOTAL_RI,https://totalenergies.com/investors/results,Dividend,https://totalenergies.com/system/files/documents/2023-07/Results_Q2_2023.xlsx,.xlsx,—,60,OFFICIAL,pagina-RI
TOTALENERGIES,TOTAL_RI,https://totalenergies.com/investors/results,Accounts,https://totalenergies.com/system/files/documents/2023-02/TotalEnergies_2022_Results_2023_Objectives-presentation.pdf,.pdf,—,60,OFFICIAL,pagina-RI
TOTALENERGIES,TOTAL_RI,https://totalenergies.com/investors/results,Half year financial report,https://totalenergies.com/system/files/documents/2022-10/accounts_30-09-2022_EN.pdf,.pdf,—,60,OFFICIAL,pagina-RI
TOTALENERGIES,TOTAL_RI,https://totalenergies.com/investors/results,Half year financial report,https://totalenergies.com/system/files/documents/2021-10/results_q3_2021_en.pdf,.pdf,—,60,OFFICIAL,pagina-RI
TOTALENERGIES,TOTAL_RI,https://totalenergies.com/investors/results,Full year results,https://totalenergies.com/system/files/documents/2021-07/20210630_Annexe_Comptes_EN.pdf,.pdf,—,60,OFFICIAL,pagina-RI
TOTALENERGIES,TOTAL_RI,https://totalenergies.com/investors/results,Transcript,https://totalenergies.com/system/files/documents/2021-04/results_q1_2021_en.pdf,.pdf,—,60,OFFICIAL,pagina-RI
TOTALENERGIES,TOTAL_RI,https://totalenergies.com/investors/results,Audiocast,https://totalenergies.com/system/files/documents/2021-02/results_q4_2020_en.pdf,.pdf,—,60,OFFICIAL,pagina-RI
TOTALENERGIES,TOTAL_RI,https://totalenergies.com/investors/results,Notes,https://totalenergies.com/system/files/documents/2021-02/2020_results_outlook.pdf,.pdf,—,60,OFFICIAL,pagina-RI
TOTALENERGIES,TOTAL_RI,https://totalenergies.com/investors/results,Full year results,https://totalenergies.com/system/files/documents/2020-07/annexe-30-06-2020-en_0.pdf,.pdf,—,60,OFFICIAL,pagina-RI
TOTALENERGIES,TOTAL_RI,https://totalenergies.com/investors/results,Dividend,https://totalenergies.com/system/files/documents/2020-07/half-year-report-2020.pdf,.pdf,—,60,OFFICIAL,pagina-RI
TOTALENERGIES,TOTAL_RI,https://totalenergies.com/investors/results,Dividend,https://totalenergies.com/system/files/documents/totalenergies_accounts-q3-2024_2024_en_pdf.pdf,.pdf,3T2024,60,OFFICIAL,pagina-RI
TOTALENERGIES,TOTAL_RI,https://totalenergies.com/investors/results,Transcript,https://totalenergies.com/sites/g/files/nytnzq121/files/documents/2024-07/TotalEnergies_rapport_financier_semestriel_2024_en_pdf.pdf,.pdf,1T2021,60,OFFICIAL,pagina-RI
TOTALENERGIES,TOTAL_RI,https://totalenergies.com/investors/results,Dividend,https://totalenergies.com/system/files/documents/2024-04/totalenergies_accounts-appendixes-q1-2024_2024_en_pdf.pdf,.pdf,1T2024,60,OFFICIAL,pagina-RI
TOTALENERGIES,TOTAL_RI,https://totalenergies.com/investors/results,Replay,https://totalenergies.com/system/files/documents/2024-04/Totalenergies_Dividend_1T24_EN_PDF.pdf,.pdf,1T2024,60,OFFICIAL,pagina-RI
TOTALENERGIES,TOTAL_RI,https://totalenergies.com/investors/results,Dividend,https://totalenergies.com/system/files/documents/2023-04/totalenergies-consolidated-statement-of-income-q1-2023.pdf,.pdf,1T2023,60,OFFICIAL,pagina-RI
TOTALENERGIES,TOTAL_RI,https://totalenergies.com/investors/results,Presentation,https://totalenergies.com/system/files/documents/2023-04/totalenergies-notes-q1-2023.pdf,.pdf,1T2023,60,OFFICIAL,pagina-RI
TOTALENERGIES,TOTAL_RI,https://totalenergies.com/investors/results,Accounts,https://totalenergies.com/system/files/documents/2021-04/appendix-q1-2021.pdf,.pdf,1T2021,60,OFFICIAL,pagina-RI
TOTALENERGIES,TOTAL_RI,https://totalenergies.com/investors/results,Dividend,https://totalenergies.com/sites/g/files/nytnzq121/files/documents/2020-06/05052020-total-announces-the-first-2020-interim-dividend.pdf,.pdf,1T2021,60,OFFICIAL,pagina-RI
TOTALENERGIES,TOTAL_RI,https://totalenergies.com/investors/results,Accounts,https://totalenergies.com/sites/g/files/nytnzq121/files/documents/2023-12/2019_4T_accounts_EN.pdf,.pdf,1T2021,60,OFFICIAL,pagina-RI
TOTALENERGIES,TOTAL_RI,https://totalenergies.com/investors/results,Notes,https://totalenergies.com/sites/g/files/nytnzq121/files/documents/2023-12/2019_4T_dividend_EN.pdf,.pdf,1T2021,60,OFFICIAL,pagina-RI
TOTALENERGIES,TOTAL_RI,https://totalenergies.com/investors/results,Audiocast,https://totalenergies.com/sites/g/files/nytnzq121/files/atoms/files/3q19_accounts.pdf,.pdf,3T2019,60,OFFICIAL,pagina-RI
TOTALENERGIES,TOTAL_RI,https://totalenergies.com/investors/results,Accounts,https://totalenergies.com/sites/g/files/nytnzq121/files/atoms/files/en_total-declares-its-third-interim-dividend-for-2019.pdf,.pdf,1T2021,60,OFFICIAL,pagina-RI
TOTALENERGIES,TOTAL_RI,https://totalenergies.com/investors/results,Dividend,https://totalenergies.com/sites/g/files/nytnzq121/files/news/total-declares-its-second-interim-dividend-for-2019.pdf,.pdf,1T2021,60,OFFICIAL,pagina-RI
TOTALENERGIES,TOTAL_RI,https://totalenergies.com/investors/results,Notes,https://totalenergies.com/sites/g/files/nytnzq121/files/atoms/files/1q19-accounts.pdf,.pdf,1T2019,60,OFFICIAL,pagina-RI
TOTALENERGIES,TOTAL_RI,https://totalenergies.com/investors/results,Dividende,https://totalenergies.com/sites/g/files/nytnzq121/files/atoms/files/notes-to-the-accounts.pdf,.pdf,1T2021,60,OFFICIAL,pagina-RI
TOTALENERGIES,TOTAL_RI,https://totalenergies.com/investors/results,Notes,https://totalenergies.com/sites/g/files/nytnzq121/files/atoms/files/4q18-accounts.pdf,.pdf,4T2018,60,OFFICIAL,pagina-RI
TOTALENERGIES,TOTAL_RI,https://totalenergies.com/investors/results,Dividend,https://totalenergies.com/sites/g/files/nytnzq121/files/atoms/files/en_total-announces-its-final-2018-dividend-and-the-end-of-the-scrip-dividend-option.pdf,.pdf,1T2021,60,OFFICIAL,pagina-RI
TOTALENERGIES,TOTAL_RI,https://totalenergies.com/investors/results,Accounts,https://totalenergies.com/sites/g/files/nytnzq121/files/atoms/files/3q18_accounts.pdf,.pdf,3T2018,60,OFFICIAL,pagina-RI
TOTALENERGIES,TOTAL_RI,https://totalenergies.com/investors/results,Notes,https://totalenergies.com/sites/g/files/nytnzq121/files/atoms/files/3q18_notes.pdf,.pdf,3T2018,60,OFFICIAL,pagina-RI
TOTALENERGIES,TOTAL_RI,https://totalenergies.com/investors/results,Dividend,https://totalenergies.com/sites/g/files/nytnzq121/files/atoms/files/total-announces-its-2018-third-interim-dividend.pdf,.pdf,1T2021,60,OFFICIAL,pagina-RI
TOTALENERGIES,TOTAL_RI,https://totalenergies.com/investors/results,Presentation,https://totalenergies.com/sites/g/files/nytnzq121/files/atoms/files/total-declares-its-second-interim-dividend-for-2018.pdf,.pdf,1T2021,60,OFFICIAL,pagina-RI
TOTALENERGIES,TOTAL_RI,https://totalenergies.com/investors/results,Notes,https://totalenergies.com/sites/g/files/nytnzq121/files/atoms/files/1q18-accounts.pdf,.pdf,1T2018,60,OFFICIAL,pagina-RI
TOTALENERGIES,TOTAL_RI,https://totalenergies.com/investors/results,Dividend,https://totalenergies.com/sites/g/files/nytnzq121/files/atoms/files/1q18-notes-to-the_accounts.pdf,.pdf,1T2018,60,OFFICIAL,pagina-RI
TOTALENERGIES,TOTAL_RI,https://totalenergies.com/investors/results,Notes,https://totalenergies.com/sites/g/files/nytnzq121/files/atoms/files/4q17_accounts.pdf,.pdf,4T2017,60,OFFICIAL,pagina-RI
TOTALENERGIES,TOTAL_RI,https://totalenergies.com/investors/results,Dividend,https://totalenergies.com/sites/g/files/nytnzq121/files/atoms/files/total-board-of-directors-announces-shareholder-return-policy-for-next-3-years.pdf,.pdf,1T2021,60,OFFICIAL,pagina-RI
TOTALENERGIES,TOTAL_RI,https://totalenergies.com/investors/results,Accounts,https://totalenergies.com/sites/g/files/nytnzq121/files/atoms/files/3q17_accounts.pdf,.pdf,3T2017,60,OFFICIAL,pagina-RI
TOTALENERGIES,TOTAL_RI,https://totalenergies.com/investors/results,Notes,https://totalenergies.com/sites/g/files/nytnzq121/files/atoms/files/3q17_notes.pdf,.pdf,3T2017,60,OFFICIAL,pagina-RI
TOTALENERGIES,TOTAL_RI,https://totalenergies.com/investors/results,Dividend,https://totalenergies.com/sites/g/files/nytnzq121/files/atoms/files/271017_total_announces_its_third_interim_dividend_for_2017.pdf,.pdf,1T2021,60,OFFICIAL,pagina-RI
TOTALENERGIES,TOTAL_RI,https://totalenergies.com/investors/results,Dividend,https://totalenergies.com/sites/g/files/nytnzq121/files/atoms/files/annexe-au-30-juin-2017-en-def.pdf,.pdf,1T2021,60,OFFICIAL,pagina-RI
TOTALENERGIES,TOTAL_RI,https://totalenergies.com/investors/results,Notes,https://totalenergies.com/sites/g/files/nytnzq121/files/atoms/files/1q17_accounts_0.pdf,.pdf,1T2017,60,OFFICIAL,pagina-RI
TOTALENERGIES,TOTAL_RI,https://totalenergies.com/investors/results,Dividend,https://totalenergies.com/sites/g/files/nytnzq121/files/atoms/files/1q17_notes.pdf,.pdf,1T2017,60,OFFICIAL,pagina-RI
TOTALENERGIES,TOTAL_RI,https://totalenergies.com/investors/results,Notes,https://totalenergies.com/sites/g/files/nytnzq121/files/atoms/files/accounts_4q16_0.pdf,.pdf,4T2016,60,OFFICIAL,pagina-RI
TOTALENERGIES,TOTAL_RI,https://totalenergies.com/investors/results,Dividend,https://totalenergies.com/sites/g/files/nytnzq121/files/atoms/files/4t16_dividend.pdf,.pdf,4T2016,60,OFFICIAL,pagina-RI
TOTALENERGIES,TOTAL_RI,https://totalenergies.com/investors/results,Accounts,https://totalenergies.com/sites/g/files/nytnzq121/files/atoms/files/3q16-accounts.pdf,.pdf,3T2016,60,OFFICIAL,pagina-RI
TOTALENERGIES,TOTAL_RI,https://totalenergies.com/investors/results,Notes,https://totalenergies.com/sites/g/files/nytnzq121/files/atoms/files/3q16-notes.pdf,.pdf,3T2016,60,OFFICIAL,pagina-RI
TOTALENERGIES,TOTAL_RI,https://totalenergies.com/investors/results,Dividend,https://totalenergies.com/sites/g/files/nytnzq121/files/atoms/files/3q16-dividend.pdf,.pdf,3T2016,60,OFFICIAL,pagina-RI
TOTALENERGIES,TOTAL_RI,https://totalenergies.com/investors/results,Presentation,https://totalenergies.com/sites/g/files/nytnzq121/files/atoms/files/rapport-semestriel-va-2016_0.pdf,.pdf,1T2021,60,OFFICIAL,pagina-RI
TOTALENERGIES,TOTAL_RI,https://totalenergies.com/investors/results,Accounts,https://totalenergies.com/sites/g/files/nytnzq121/files/atoms/files/1q16-accounts.pdf,.pdf,1T2016,60,OFFICIAL,pagina-RI
TOTALENERGIES,TOTAL_RI,https://totalenergies.com/investors/results,Notes,https://totalenergies.com/sites/g/files/nytnzq121/files/atoms/files/1q16-notes.pdf,.pdf,1T2016,60,OFFICIAL,pagina-RI
TOTALENERGIES,TOTAL_RI,https://totalenergies.com/investors/results,Dividend,https://totalenergies.com/sites/g/files/nytnzq121/files/atoms/files/1q16-dividend.pdf,.pdf,1T2016,60,OFFICIAL,pagina-RI
TOTALENERGIES,TOTAL_RI,https://totalenergies.com/investors/results,Accounts,https://totalenergies.com/sites/g/files/nytnzq121/files/atoms/files/accounts_4q15.pdf,.pdf,4T2015,60,OFFICIAL,pagina-RI
TOTALENERGIES,TOTAL_RI,https://totalenergies.com/investors/results,Dividend,https://totalenergies.com/sites/g/files/nytnzq121/files/atoms/files/110216_total_proposes_a_fourth_quarter_2015_dividend_of_0.61_euros_per_share_.pdf,.pdf,1T2021,60,OFFICIAL,pagina-RI
TOTALENERGIES,TOTAL_RI,https://totalenergies.com/investors/results,Accounts,https://totalenergies.com/sites/g/files/nytnzq121/files/atoms/files/3q15-accounts.pdf,.pdf,3T2015,60,OFFICIAL,pagina-RI
TOTALENERGIES,TOTAL_RI,https://totalenergies.com/investors/results,Notes,https://totalenergies.com/sites/g/files/nytnzq121/files/atoms/files/3q15-notes.pdf,.pdf,3T2015,60,OFFICIAL,pagina-RI
TOTALENERGIES,TOTAL_RI,https://totalenergies.com/investors/results,Dividend,https://totalenergies.com/sites/g/files/nytnzq121/files/atoms/files/total-announces-its-third-quarter-2015-interim-dividend.pdf,.pdf,1T2021,60,OFFICIAL,pagina-RI
TOTALENERGIES,TOTAL_RI,https://totalenergies.com/investors/results,Dividend,https://totalenergies.com/sites/g/files/nytnzq121/files/atoms/files/total-announces-its-second-quarter-2015-interim-dividend.pdf,.pdf,1T2021,60,OFFICIAL,pagina-RI
TOTALENERGIES,TOTAL_RI,https://totalenergies.com/investors/results,Accounts,https://totalenergies.com/sites/g/files/nytnzq121/files/atoms/files/1q15-accounts.pdf,.pdf,1T2015,60,OFFICIAL,pagina-RI
TOTALENERGIES,TOTAL_RI,https://totalenergies.com/investors/results,Notes,https://totalenergies.com/sites/g/files/nytnzq121/files/atoms/files/1q15-notes.pdf,.pdf,1T2015,60,OFFICIAL,pagina-RI
TOTALENERGIES,TOTAL_RI,https://totalenergies.com/investors/results,Dividend,https://totalenergies.com/sites/g/files/nytnzq121/files/atoms/files/1q15-_interim-dividend.pdf,.pdf,1T2015,60,OFFICIAL,pagina-RI
TOTALENERGIES,TOTAL_RI,https://totalenergies.com/investors/results,Accounts,https://totalenergies.com/sites/g/files/nytnzq121/files/atoms/files/4q14-accounts.pdf,.pdf,4T2014,60,OFFICIAL,pagina-RI
TOTALENERGIES,TOTAL_RI,https://totalenergies.com/investors/results,Dividend,https://totalenergies.com/sites/g/files/nytnzq121/files/atoms/files/02-12022015_dividend.pdf,.pdf,1T2021,60,OFFICIAL,pagina-RI
TOTALENERGIES,TOTAL_RI,https://totalenergies.com/investors/results,Accounts,https://totalenergies.com/sites/g/files/nytnzq121/files/atoms/files/3q14-accounts.pdf,.pdf,3T2014,60,OFFICIAL,pagina-RI
TOTALENERGIES,TOTAL_RI,https://totalenergies.com/investors/results,Notes,https://totalenergies.com/sites/g/files/nytnzq121/files/atoms/files/3q14-notes.pdf,.pdf,3T2014,60,OFFICIAL,pagina-RI
TOTALENERGIES,TOTAL_RI,https://totalenergies.com/investors/results,Dividend,https://totalenergies.com/sites/g/files/nytnzq121/files/atoms/files/1q14_notes.pdf,.pdf,1T2014,60,OFFICIAL,pagina-RI
TOTALENERGIES,TOTAL_RI,https://totalenergies.com/investors/results,Accounts,https://totalenergies.com/sites/g/files/nytnzq121/files/atoms/files/total-20130426-1q-pr.pdf,.pdf,1T2021,60,OFFICIAL,pagina-RI
TOTALENERGIES,TOTAL_RI,https://totalenergies.com/investors/results,Notes,https://totalenergies.com/sites/g/files/nytnzq121/files/atoms/files/total-20130426-1q-accounts.pdf,.pdf,1T2021,60,OFFICIAL,pagina-RI
TOTALENERGIES,TOTAL_RI,https://totalenergies.com/investors/results,Dividend,https://totalenergies.com/sites/g/files/nytnzq121/files/atoms/files/total-20130426-1q-notes.pdf,.pdf,1T2021,60,OFFICIAL,pagina-RI
TOTALENERGIES,TOTAL_RI,https://totalenergies.com/investors/results,Accounts,https://totalenergies.com/sites/g/files/nytnzq121/files/atoms/files/cp-7en.pdf,.pdf,1T2021,60,OFFICIAL,pagina-RI
TOTALENERGIES,TOTAL_RI,https://totalenergies.com/investors/results,Notes,https://totalenergies.com/sites/g/files/nytnzq121/files/atoms/file/comptes-consolides.pdf,.pdf,1T2021,60,OFFICIAL,pagina-RI
TOTALENERGIES,TOTAL_RI,https://totalenergies.com/investors/results,Dividend,https://totalenergies.com/sites/g/files/nytnzq121/files/atoms/file/rapport-des-commissaires-aux-comptes.pdf,.pdf,1T2021,60,OFFICIAL,pagina-RI
TOTALENERGIES,TOTAL_RI,https://totalenergies.com/investors/results,Notes,https://totalenergies.com/sites/g/files/nytnzq121/files/atoms/files/201210331-accounts-notes-2012.pdf,.pdf,1T2021,60,OFFICIAL,pagina-RI
TOTALENERGIES,TOTAL_RI,https://totalenergies.com/investors/results,Dividend,https://totalenergies.com/sites/g/files/nytnzq121/files/atoms/files/201210331-interim-dividend-2012.pdf,.pdf,1T2021,60,OFFICIAL,pagina-RI
TOTALENERGIES,TOTAL_RI,https://totalenergies.com/investors/results,Main menu,https://totalenergies.com/investors/results,(pagina),—,55,OFFICIAL,pagina-RI
TOTALENERGIES,TOTAL_RI,https://totalenergies.com/investors/results,Contact,https://totalenergies.com/fr/investisseurs/resultats,(pagina),—,55,OFFICIAL,pagina-RI
TOTALENERGIES,TOTAL_RI,https://totalenergies.com/investors/results,Our Company,https://totalenergies.com/investors/results#header-quicklink--menu,(pagina),—,55,OFFICIAL,pagina-RI
TOTALENERGIES,TOTAL_RI,https://totalenergies.com/investors/results,Our identity,https://totalenergies.com/investors/results#header-quicklink--pagecontent,(pagina),—,55,OFFICIAL,pagina-RI
TOTALENERGIES,TOTAL_RI,https://totalenergies.com/investors/results,TotalEnergies at a glance,https://totalenergies.com/investors/results#header-quicklink--footer,(pagina),—,55,OFFICIAL,pagina-RI
TOTALENERGIES,TOTAL_RI,https://totalenergies.com/investors/results,Dividend,https://totalenergies.com/system/files/documents/2024-02/Results_Q4_2023.xlsx,.xlsx,—,55,OFFICIAL,pagina-RI
TOTALENERGIES,TOTAL_RI,https://totalenergies.com/investors/results,Half year financial report,https://totalenergies.com/system/files/documents/2023-10/Results_Q3_2023.xlsx,.xlsx,—,55,OFFICIAL,pagina-RI
TOTALENERGIES,TOTAL_RI,https://totalenergies.com/investors/results,Dividend,https://totalenergies.com/media/news/press-releases/total-announces-its-interim-dividend-third-quarter-2014,(pagina),—,55,OFFICIAL,pagina-RI
TOTALENERGIES,TOTAL_RI,https://totalenergies.com/investors/results,Presentation,https://totalenergies.com/media/news/press-releases/total-announces-its-interim-dividend-second-quarter-2014,(pagina),—,55,OFFICIAL,pagina-RI
TOTALENERGIES,TOTAL_RI,https://totalenergies.com/investors/results,(sem titulo),https://totalenergies.com/investors/results-investor-presentations/main-indicators,(pagina),—,55,OFFICIAL,pagina-RI
TOTALENERGIES,TOTAL_RI,https://totalenergies.com/investors/results,Notes,https://totalenergies.com/system/files/documents/2023-07/Accounts_Q2_2023.pdf,.pdf,—,50,OFFICIAL,pagina-RI
TOTALENERGIES,TOTAL_RI,https://totalenergies.com/investors/results,Dividend,https://totalenergies.com/system/files/documents/2023-10/Accounts_Q3_2023_Appendixes.pdf,.pdf,—,45,OFFICIAL,pagina-RI
TOTALENERGIES,TOTAL_RI,https://totalenergies.com/investors/results,Transcript,https://totalenergies.com/system/files/documents/2023-07/EN_TotalEnergies_annouces_the_second_interim_dividend_of_074_euros_per_share_for_fiscal_year_2023.pdf,.pdf,—,45,OFFICIAL,pagina-RI
TOTALENERGIES,TOTAL_RI,https://totalenergies.com/investors/results,Transcript,https://totalenergies.com/system/files/documents/2023-02/TotalEnergies_consolidated_statement_of_incomes_31122022.pdf,.pdf,—,45,OFFICIAL,pagina-RI
TOTALENERGIES,TOTAL_RI,https://totalenergies.com/investors/results,Transcript,https://totalenergies.com/system/files/documents/2022-10/Notes_consolidated_financial_statements_first_9_months_2022.pdf,.pdf,—,45,OFFICIAL,pagina-RI
TOTALENERGIES,TOTAL_RI,https://totalenergies.com/investors/results,Audiocast,https://totalenergies.com/system/files/documents/2022-10/27102022_TotalEnergies_announces_third_2022_interim_dividend_and_sets_terms_of_special_interim_dividend.pdf,.pdf,—,45,OFFICIAL,pagina-RI
TOTALENERGIES,TOTAL_RI,https://totalenergies.com/investors/results,Dividend,https://totalenergies.com/system/files/documents/2022-07/Accounts_30-06-2022_EN.pdf,.pdf,—,45,OFFICIAL,pagina-RI
TOTALENERGIES,TOTAL_RI,https://totalenergies.com/investors/results,Audiocast,https://totalenergies.com/system/files/documents/2022-07/Notes_to_the_consolidated_financial_statements_for_the_first_six_months_of_2022.pdf,.pdf,—,45,OFFICIAL,pagina-RI
TOTALENERGIES,TOTAL_RI,https://totalenergies.com/investors/results,Accounts,https://totalenergies.com/system/files/documents/2022-04/Notes_to_the_accounts_31_march_2022.pdf,.pdf,—,45,OFFICIAL,pagina-RI
TOTALENERGIES,TOTAL_RI,https://totalenergies.com/investors/results,Notes,https://totalenergies.com/system/files/documents/2022-04/TotalEnergies_announces_the_first_2022_interim_dividend.pdf,.pdf,—,45,OFFICIAL,pagina-RI
TOTALENERGIES,TOTAL_RI,https://totalenergies.com/investors/results,Accounts,https://totalenergies.com/system/files/documents/2022-02/20220210_TotalEnergies_February_9_2022_Board_of_Directors_decisions.pdf,.pdf,—,45,OFFICIAL,pagina-RI
TOTALENERGIES,TOTAL_RI,https://totalenergies.com/investors/results,Audiocast,https://totalenergies.com/system/files/documents/2021-10/etats_financiers_30-09-2021_EN.pdf,.pdf,—,45,OFFICIAL,pagina-RI
TOTALENERGIES,TOTAL_RI,https://totalenergies.com/investors/results,Accounts,https://totalenergies.com/system/files/documents/2021-10/10-28102021-total-energies-announces-the-third-2021-interim-dividend-stable-at-0-66-eur-per-share.pdf,.pdf,—,45,OFFICIAL,pagina-RI
TOTALENERGIES,TOTAL_RI,https://totalenergies.com/investors/results,Audiocast,https://totalenergies.com/system/files/documents/2021-07/20210630_Etats_financiers_EN.pdf,.pdf,—,45,OFFICIAL,pagina-RI
TOTALENERGIES,TOTAL_RI,https://totalenergies.com/investors/results,Accounts,https://totalenergies.com/system/files/documents/2021-07/20210729_TotalEnergies-announces-the-second-2021-interim-dividend-stable_0.66-Eur-per-share.pdf,.pdf,—,45,OFFICIAL,pagina-RI
TOTALENERGIES,TOTAL_RI,https://totalenergies.com/investors/results,Notes,https://totalenergies.com/system/files/documents/2021-04/pr-dividend-1q-21.pdf,.pdf,—,45,OFFICIAL,pagina-RI
TOTALENERGIES,TOTAL_RI,https://totalenergies.com/investors/results,Accounts,https://totalenergies.com/system/files/documents/2021-02/dividend_q4_2020.pdf,.pdf,—,45,OFFICIAL,pagina-RI
TOTALENERGIES,TOTAL_RI,https://totalenergies.com/investors/results,Audiocast,https://totalenergies.com/system/files/documents/2020-10/Etats-financiers-30092020_EN_complets.pdf,.pdf,—,45,OFFICIAL,pagina-RI
TOTALENERGIES,TOTAL_RI,https://totalenergies.com/investors/results,Audiocast,https://totalenergies.com/system/files/documents/2020-07/etats-financiers-30-06-2020-en-complets.pdf,.pdf,—,45,OFFICIAL,pagina-RI
